# ************************************************************
# Sequel Pro SQL dump
# Version 4096
#
# http://www.sequelpro.com/
# http://code.google.com/p/sequel-pro/
#
# Host: localhost (MySQL 5.6.21)
# Database: audit
# Generation Time: 2015-04-15 02:47:54 +0000
# ************************************************************


/*!40101 SET @OLD_CHARACTER_SET_CLIENT=@@CHARACTER_SET_CLIENT */;
/*!40101 SET @OLD_CHARACTER_SET_RESULTS=@@CHARACTER_SET_RESULTS */;
/*!40101 SET @OLD_COLLATION_CONNECTION=@@COLLATION_CONNECTION */;
/*!40101 SET NAMES utf8 */;
/*!40014 SET @OLD_FOREIGN_KEY_CHECKS=@@FOREIGN_KEY_CHECKS, FOREIGN_KEY_CHECKS=0 */;
/*!40101 SET @OLD_SQL_MODE=@@SQL_MODE, SQL_MODE='NO_AUTO_VALUE_ON_ZERO' */;
/*!40111 SET @OLD_SQL_NOTES=@@SQL_NOTES, SQL_NOTES=0 */;


# Dump of table audit_entity
# ------------------------------------------------------------

CREATE TABLE `audit_entity` (
  `ID` bigint(20) NOT NULL AUTO_INCREMENT,
  `CLASS_IDENTIFIER` varchar(255) DEFAULT NULL,
  `NAME` varchar(255) DEFAULT NULL,
  `PACKAGE_ID` bigint(20) DEFAULT NULL,
  PRIMARY KEY (`ID`),
  UNIQUE KEY `ID` (`ID`),
  KEY `FKC09398E79E094944` (`PACKAGE_ID`),
  CONSTRAINT `FKC09398E79E094944` FOREIGN KEY (`PACKAGE_ID`) REFERENCES `audit_package` (`ID`)
) ENGINE=InnoDB DEFAULT CHARSET=latin1;

LOCK TABLES `audit_entity` WRITE;
/*!40000 ALTER TABLE `audit_entity` DISABLE KEYS */;

INSERT INTO `audit_entity` (`ID`, `CLASS_IDENTIFIER`, `NAME`, `PACKAGE_ID`)
VALUES
	(1,'au.org.theark.core.model.config.entity.UserConfig','User Config',1),
	(2,'au.org.theark.core.model.disease.entity.Affection','Affection',2),
	(3,'au.org.theark.core.model.disease.entity.AffectionCustomFieldData','Affection Custom Field Data',2),
	(4,'au.org.theark.core.model.disease.entity.Disease','Disease',2),
	(5,'au.org.theark.core.model.disease.entity.Gene','Gene',2),
	(6,'au.org.theark.core.model.disease.entity.Mutation','Mutation',2),
	(7,'au.org.theark.core.model.disease.entity.Position','Position',2),
	(8,'au.org.theark.core.model.lims.entity.BarcodeLabel','Barcode Label',3),
	(9,'au.org.theark.core.model.lims.entity.BarcodeLabelData','Barcode Label Data',3),
	(10,'au.org.theark.core.model.lims.entity.BioCollection','BioCollection',3),
	(11,'au.org.theark.core.model.lims.entity.BioCollectionCustomFieldData','BioCollection Custom Field Data',3),
	(12,'au.org.theark.core.model.lims.entity.Biospecimen','Biospecimen',3),
	(13,'au.org.theark.core.model.lims.entity.BiospecimenCustomFieldData','Biospecimen Custom Field Data',3),
	(14,'au.org.theark.core.model.lims.entity.BiospecimenSpecies','Biospecimen Species',3),
	(15,'au.org.theark.core.model.lims.entity.BioTransaction','BioTransaction',3),
	(16,'au.org.theark.core.model.lims.entity.InvBox','Inventory Box',3),
	(17,'au.org.theark.core.model.lims.entity.InvCell','Inventory Cell',3),
	(18,'au.org.theark.core.model.lims.entity.InvFreezer','Inventory Freezer',3),
	(19,'au.org.theark.core.model.lims.entity.InvRack','Inventory Rack',3),
	(20,'au.org.theark.core.model.lims.entity.InvSite','Inventory Site',3),
	(21,'au.org.theark.core.model.pheno.entity.PhenoCollection','Pheno Collection',4),
	(22,'au.org.theark.core.model.pheno.entity.PhenoData','Pheno Data',4),
	(23,'au.org.theark.core.model.study.entity.Address','Address',5),
	(24,'au.org.theark.core.model.study.entity.ArkUserRole','Ark User Role',5),
	(25,'au.org.theark.core.model.study.entity.Consent','Consent',5),
	(26,'au.org.theark.core.model.study.entity.Correspondences','Correspondence',5),
	(27,'au.org.theark.core.model.study.entity.CustomField','Custom Field',5),
	(28,'au.org.theark.core.model.study.entity.CustomFieldDisplay','Custom Field Display',5),
	(29,'au.org.theark.core.model.study.entity.CustomFieldGroup','Custom Field Group',5),
	(30,'au.org.theark.core.model.study.entity.LinkStudyStudycomp','Link Study - Study Component',5),
	(31,'au.org.theark.core.model.study.entity.LinkSubjectContact','Link Subject - Contact',5),
	(32,'au.org.theark.core.model.study.entity.LinkSubjectStudy','Link Subject - Study',5),
	(33,'au.org.theark.core.model.study.entity.LinkSubjectStudycomp','Link Subject - Study Component',5),
	(34,'au.org.theark.core.model.study.entity.OtherID','Other ID',5),
	(35,'au.org.theark.core.model.study.entity.Person','Person',5),
	(36,'au.org.theark.core.model.study.entity.PersonLastnameHistory','Person Lastname History',5),
	(37,'au.org.theark.core.model.study.entity.Phone','Phone',5),
	(38,'au.org.theark.core.model.study.entity.Study','Study',5),
	(39,'au.org.theark.core.model.study.entity.StudyComp','Study Component',5),
	(40,'au.org.theark.core.model.study.entity.StudyCompStatus','Study Component Status',5),
	(41,'au.org.theark.core.model.lims.entity.StudyInvSite','Study Inventory - Site',3),
	(42,'au.org.theark.core.model.study.entity.SubjectCustomFieldData','Subject Custom Field Data',5),
	(43,'au.org.theark.core.model.worktracking.entity.BillableItem','Billable Item',6),
	(44,'au.org.theark.core.model.worktracking.entity.BillableItemType','Billable Item Type',6),
	(45,'au.org.theark.core.model.worktracking.entity.Researcher','Researcher',6),
	(46,'au.org.theark.core.model.worktracking.entity.WorkRequest','Work Request',6),
	(47,'au.org.theark.core.model.study.entity.LinkStudyStudysite','Link Study - Study Site',5),
	(48,'au.org.theark.core.model.study.entity.LinkStudySubstudy','Link Study - Sub-Study',5);

/*!40000 ALTER TABLE `audit_entity` ENABLE KEYS */;
UNLOCK TABLES;


# Dump of table audit_field
# ------------------------------------------------------------

CREATE TABLE `audit_field` (
  `ID` bigint(20) NOT NULL AUTO_INCREMENT,
  `FIELD_NAME` varchar(255) DEFAULT NULL,
  `NAME` varchar(255) DEFAULT NULL,
  `ENTITY_ID` bigint(20) DEFAULT NULL,
  PRIMARY KEY (`ID`),
  UNIQUE KEY `ID` (`ID`),
  KEY `FKED7BB756F02A6C50` (`ENTITY_ID`),
  CONSTRAINT `FKED7BB756F02A6C50` FOREIGN KEY (`ENTITY_ID`) REFERENCES `audit_entity` (`ID`)
) ENGINE=InnoDB DEFAULT CHARSET=latin1;

LOCK TABLES `audit_field` WRITE;
/*!40000 ALTER TABLE `audit_field` DISABLE KEYS */;

INSERT INTO `audit_field` (`ID`, `FIELD_NAME`, `NAME`, `ENTITY_ID`)
VALUES
	(1,'value','Value',1),
	(2,'arkUser','Ark User',1),
	(3,'configField','Config Field',1),
	(4,'recordDate','Record Date',2),
	(5,'affectionStatus','Affection Status',2),
	(6,'disease','Disease',2),
	(7,'linkSubjectStudy','LinkSubjectStudy',2),
	(8,'study','Study',2),
	(9,'dateDataValue','Date Data Value',3),
	(10,'errorDataValue','Error Data Value',3),
	(11,'numberDataValue','Number Data Value',3),
	(12,'textDataValue','Text Data Value',3),
	(13,'affection','Affection',3),
	(14,'customFieldDisplay','Custom Field Display',3),
	(15,'name','Name',4),
	(16,'study','Study',4),
	(17,'name','Name',5),
	(18,'study','Study',5),
	(19,'screened','Screened',6),
	(20,'tested','Tested',6),
	(21,'disease','Disease',6),
	(22,'linkSubjectStudy','LinkSubjectStudy',6),
	(23,'name','Name',7),
	(24,'gene','Gene',7),
	(25,'barcodePrinterName','Barcode Printer Name',8),
	(26,'description','Description',8),
	(27,'labelPrefix','Label Prefix',8),
	(28,'labelSuffix','Label Suffix',8),
	(29,'name','Name',8),
	(30,'version','Version',8),
	(31,'study','Study',8),
	(32,'xCoord','X-Coordinate',9),
	(33,'yCoord','Y-Coordinate',9),
	(34,'command','Command',9),
	(35,'data','Data',9),
	(36,'lineFeed','Line Feed',9),
	(37,'p1','P1',9),
	(38,'p2','P2',9),
	(39,'p3','P3',9),
	(40,'p4','P4',9),
	(41,'p5','P5',9),
	(42,'p6','P6',9),
	(43,'p7','P7',9),
	(44,'p8','P8',9),
	(45,'quoteLeft','Quote Left',9),
	(46,'quoteRight','Quote Right',9),
	(47,'barcodeLabel','Barcode Label',9),
	(48,'biocollectionUid','Biocollection UID',10),
	(49,'collectionDate','Collection Date',10),
	(50,'collectiongroup','Collection Group',10),
	(51,'collectiongroupId','Collection Group ID',10),
	(52,'comments','Comments',10),
	(53,'deleted','Deleted',10),
	(54,'diagCategory','Diagnosis Category',10),
	(55,'diadDate','Diagnosis Date',10),
	(56,'dischargeDate','Discharge Date',10),
	(57,'episodeDesc','Episode Description',10),
	(58,'episodeNum','Episode Number',10),
	(59,'hospital','Hospital',10),
	(60,'hospitalUr','Hospital UR',10),
	(61,'name','Name',10),
	(62,'pathlabno','Path Lab Number',10),
	(63,'patientage','Patient Age',10),
	(64,'refDoctor','RefDoctor',10),
	(65,'surgeryDate','Surgery Date',10),
	(66,'timestamp','Time Stamp',10),
	(67,'tissueclass','Tissue Class',10),
	(68,'tissuetupe','Tissue Type',10),
	(69,'linkSubjectStudy','LinkSubjectStudy',10),
	(70,'study','Study',10),
	(71,'dateDataValue','Date Data Value',11),
	(72,'errorDataValue','Error Data Value',11),
	(73,'numberDataValue','Number Data Value',11),
	(74,'textDataValue','Text Data Value',11),
	(75,'bioCollection','Biocolletion',11),
	(76,'customFieldDisplay','Custom Field Display',11),
	(77,'barcoded','Barcoded',12),
	(78,'biospecimenUid','Biospecimen UID',12),
	(79,'comments','Comments',12),
	(80,'concentration','Concentration',12),
	(81,'deleted','Deleted',12),
	(82,'depth','Depth',12),
	(83,'oldId','Old ID',12),
	(84,'otherid','Other ID',12),
	(85,'parentUid','Parent UID',12),
	(86,'processedDate','Processed Date',12),
	(87,'processedTime','Processed Time',12),
	(88,'purity','Purity',12),
	(89,'qtyCollected','Quantity Collected',12),
	(90,'qtyRemoved','Quantity Removed',12),
	(91,'quantity','Quantity',12),
	(92,'sampleDate','Sample Date',12),
	(93,'sampleTime','Sample Time',12),
	(94,'substudyId','Sub Study ID',12),
	(95,'timestamp','Time Stamp',12),
	(96,'anticoag','Anticoagulant',12),
	(97,'biospecimenProtocol','Protocol',12),
	(98,'grade','Grade',12),
	(99,'linkSubjectStudy','LinkSubjectStudy',12),
	(100,'quality','Quality',12),
	(101,'sampleType','Sample Type',12),
	(102,'species','Species',12),
	(103,'status','Status',12),
	(104,'storedIn','Storage',12),
	(105,'study','Study',12),
	(106,'treatmentType','Treatment Type',12),
	(107,'unit','Unit',12),
	(108,'dateDataValue','Date Data Value',13),
	(109,'errorDataValue','Error Data Value',13),
	(110,'numberDataValue','Number Data Value',13),
	(111,'textDataValue','Text Data Value',13),
	(112,'biospecimen','Biospecimen',13),
	(113,'customFieldDisplay','Custom Field Display',13),
	(114,'name','Name',14),
	(115,'quantity','Quantity',15),
	(116,'reason','Reason',15),
	(117,'recorder','Recorded By',15),
	(118,'transactionDate','Transaction Date',15),
	(119,'accessRequest','Request',15),
	(120,'biospecimen','Biospecimen',15),
	(121,'status','Status',15),
	(122,'unit','Unit',15),
	(123,'available','Available',16),
	(124,'capacity','Capacity',16),
	(125,'deleted','Deleted',16),
	(126,'name','Name',16),
	(127,'noofcol','Number Of Columns',16),
	(128,'noofrow','Number Of Rows',16),
	(129,'timestamp','Time Stamp',16),
	(130,'transferId','Transfer',16),
	(131,'type','Type',16),
	(132,'colnotype','Column Number Type',16),
	(133,'rownotype','Row Number Type',16),
	(134,'invRack','Rack',16),
	(135,'colno','Column Number',17),
	(136,'deleted','Deleted',17),
	(137,'rowno','Row Number',17),
	(138,'status','Status',17),
	(139,'timestamp','Time Stamp',17),
	(140,'biospecimen','Biospecimen',17),
	(141,'inxBox','Box',17),
	(142,'available','Available',18),
	(143,'capacity','Capacity',18),
	(144,'commissiondate','Commission Date',18),
	(145,'decomissiondate','Decommission Date',18),
	(146,'deleted','Deleted',18),
	(147,'description','Description',18),
	(148,'lastservicedate','Last Service Date',18),
	(149,'lastservicenote','Last Service Note',18),
	(150,'location','Location',18),
	(151,'name','Name',18),
	(152,'status','Status',18),
	(153,'timestamp','Time Stamp',18),
	(154,'invSite','Site',18),
	(155,'deleted','Deleted',18),
	(156,'location','Location',18),
	(157,'status','Status',18),
	(158,'capacity','Capacity',18),
	(159,'lastservicenote','Last Service Note',18),
	(160,'name','Name',18),
	(161,'available','Available',18),
	(162,'decommissiondate','Decommision Date',18),
	(163,'commissiondate','Commission Date',18),
	(164,'lastservicedate','Last Service Date',18),
	(165,'description','Description',18),
	(166,'siteFreezer','Site Freezer',18),
	(167,'invFreezer','Freezer',19),
	(168,'deleted','Deleted',19),
	(169,'name','Name',19),
	(170,'available','Available',19),
	(171,'description','Description',19),
	(172,'capacity','Capacity',19),
	(173,'siteFreezerRack','Site Freezer Rack',19),
	(174,'deleted','Deleted',20),
	(175,'contact','Contact',20),
	(176,'address','Address',20),
	(177,'name','Name',20),
	(178,'phone','Phone',20),
	(179,'ldapGroup','LDAP Group',20),
	(180,'description','Description',21),
	(181,'linkSubjectStudy','Link Subject Study',21),
	(182,'recordDate','Record Date',21),
	(183,'reviewedDate','Reviewed Date',21),
	(184,'reviewedBy','Reviewed By',21),
	(185,'questionnaire','Questionnaire',21),
	(186,'status','Status',21),
	(187,'customFieldDisplay','Custom Field Display',22),
	(188,'phenoCollection','Pheno Collection',22),
	(189,'dateDataValue','Date Data Value',22),
	(190,'errorDataValue','Error Data Value',22),
	(191,'numberDataValue','Number Data Value',22),
	(192,'textDataValue','Text Data Value',22),
	(193,'person','Person',23),
	(194,'addressLineOne','Address Line One',23),
	(195,'streetAddress','Street Address',23),
	(196,'postCode','Post Code',23),
	(197,'city','City',23),
	(198,'country','Country',23),
	(199,'state','State',23),
	(200,'otherState','Other State',23),
	(201,'addressStatus','Address Status',23),
	(202,'addressType','Address Type',23),
	(203,'dateRecieved','Date Recieved',23),
	(204,'comments','Comments',23),
	(205,'preferredMailingAddress','Preferred Mailing Address',23),
	(206,'source','Source',23),
	(207,'arkRole','Ark Role',24),
	(208,'arkModule','Ark Module',24),
	(209,'arkUser','Ark User',24),
	(210,'study','Study',24),
	(211,'study','Study',25),
	(212,'linkSubjectStudy','Link Subject Study',25),
	(213,'studyComp','Study Component',25),
	(214,'studyComponentStatus','Study Component Status',25),
	(215,'consentStatus','Consent Status',25),
	(216,'consentType','Consent Type',25),
	(217,'consentDate','Consent Date',25),
	(218,'consentedBy','Consented By',25),
	(219,'comments','Comments',25),
	(220,'requestedDate','Requested Date',25),
	(221,'recievedDate','Recieved Date',25),
	(222,'completedDate','Completed Date',25),
	(223,'consentDownloaded','Consent Downloaded',25),
	(224,'lss','Link Subject Study',26),
	(225,'operator','Operator',26),
	(226,'date','Date',26),
	(227,'time','Time',26),
	(228,'reason','Reason',26),
	(229,'correspondenceModeType','Correspondence Mode Type',26),
	(230,'correspondenceDirectionType','Correspondence Direction Type',26),
	(231,'correspondenceOutcomeType','Correspondence Outcome Type',26),
	(232,'details','Details',26),
	(233,'comments','Comments',26),
	(234,'attachmentFilename','Attachment Filename',26),
	(235,'atachmentPayload','Attachment Payload',26),
	(236,'attachmentChecksum','Attachment Checksum',26),
	(237,'attachmentFileId','Attachment File ID',26),
	(238,'billableItem','BillableItem',26),
	(239,'name','Name',27),
	(240,'category','Category',27),
	(241,'description','Description',27),
	(242,'fieldType','Field Type',27),
	(243,'study','Study',27),
	(244,'arkFunction','Ark Function',27),
	(245,'unitType','Unit Type',27),
	(246,'minValue','Minimum Value',27),
	(247,'maxValue','Maximum Value',27),
	(248,'encodedValues','Encoded Values',27),
	(249,'missingValue','Missing Value',27),
	(250,'customFieldHasData','Custom Field Has Data',27),
	(251,'fieldLabel','Field Label',27),
	(252,'defaultValue','Default Value',27),
	(253,'unitTypeInText','Unit Type',27),
	(254,'customField','Custom Field',28),
	(255,'customFieldGroup','Custom Field Group',28),
	(256,'required','Required',28),
	(257,'requiredMessage','Required Message',28),
	(258,'allowMultiSelect','Allow Multiple Selections',28),
	(259,'sequence','Sequence',28),
	(260,'descriptiveNameIncludingCFGName','Descriptive Name',28),
	(261,'name','Name',29),
	(262,'description','Description',29),
	(263,'study','Study',29),
	(264,'published','Published',29),
	(265,'arkFunction','Ark Function',29),
	(266,'studyComp','Study Component',30),
	(267,'study','Study',30),
	(268,'studyCompStatus','Study Component Status',30),
	(269,'study','Study',31),
	(270,'relationship','Relationship',31),
	(271,'personBySubjectId','Person (by Subject ID)',31),
	(272,'personByContactId','Person (by Contact ID)',31),
	(273,'familyId','Family ID',31),
	(274,'study','Study',32),
	(275,'subjectStatus','Subject Status',32),
	(276,'person','Person',32),
	(277,'subjectUID','Subject UID',32),
	(278,'consentToActiveContact','Consent To Active Contact',32),
	(279,'consentToPassiveDataGathering','Consent To Passive Data Gathering',32),
	(280,'consentToUseData','Consent To Use Data',32),
	(281,'consentStatus','Consent Status',32),
	(282,'consentType','Consent Type',32),
	(283,'consentDate','Consent Date',32),
	(284,'heardAboutStudy','Heard About Study',32),
	(285,'comment','Comment',32),
	(286,'consentDownloaded','Consent Downloaded',32),
	(287,'updateConsent','Update Consent',32),
	(288,'studyComp','Study Component',33),
	(289,'study','Study',33),
	(290,'person','Person',33),
	(291,'studyComponentStatus','Study Component Status',33),
	(292,'person','Person',34),
	(293,'OtherID_Source','Other ID Source',34),
	(294,'otherID','Other ID',34),
	(295,'firstName','First Name',35),
	(296,'middleName','Middle Name',35),
	(297,'lastName','Last Name',35),
	(298,'preferredName','Preferred Name',35),
	(299,'genderType','Gender Type',35),
	(300,'vitalStatus','Vital Status',35),
	(301,'titleType','Title Type',35),
	(302,'maritalStatus','Marital Status',35),
	(303,'dateOfBirth','Date Of Birth',35),
	(304,'dateOfDeath','Date Of Death',35),
	(305,'causeOfDeath','Cause Of Death',35),
	(306,'personContactMethod','Contact Method',35),
	(307,'preferredEmail','Preferred Email',35),
	(308,'otherEmail','Other Email',35),
	(309,'preferredEmailStatus','Preferred Email Status',35),
	(310,'otherEmailStatus','Other Email Status',35),
	(311,'dateLastKnownAlive','Date Last Known Alive',35),
	(312,'person','Person',36),
	(313,'lastName','Last Name',36),
	(314,'phoneType','Phone Type',37),
	(315,'person','Person',37),
	(316,'phoneNumber','Phone Number',37),
	(317,'areaCode','Area Code',37),
	(318,'phoneStatus','Phone Status',37),
	(319,'source','Source',37),
	(320,'dateRecieved','Date Recieved',37),
	(321,'silentMode','Silent Mode',37),
	(322,'comment','Comment',37),
	(323,'studyStatus','Study Status',38),
	(324,'name','Name',38),
	(325,'description','Description',38),
	(326,'dateOfApplication','Date Of Application',38),
	(327,'estimatedYearOfCompletion','Estimated Year Of Completion',38),
	(328,'chiefInvestigator','Chief Investigator',38),
	(329,'coInvestigator','Co-Investigator',38),
	(330,'contactPerson','Contact Person',38),
	(331,'contactPersonPhone','Contact Person Phone',38),
	(332,'ldapGroupName','LDAP Group Name',38),
	(333,'autoConsent','Automatic Consent',38),
	(334,'subStudyBiospecimenPrefix','Sub-Study Biospecimen Prefix',38),
	(335,'studyLogoBlob','Study Logo Blob',38),
	(336,'filename','Filename',38),
	(337,'autoGenerateSubjectUid','Auto Generate Subject UID',38),
	(338,'autoGenerateBiospecimenUid','Auto Generate Biospecimen UID',38),
	(339,'autoGenerateBiocollectionUid','Auto Generate Biocollection UID',38),
	(340,'subjectUidStart','Subject UID Start',38),
	(341,'subjectUidPrefix','Subject UID Prefix',38),
	(342,'subjectUidToken','Subject UID Token',38),
	(343,'subjectUidPadChar','Subject UID Padding Character',38),
	(344,'paretStudy','Parent Study',38),
	(345,'pedigreeConfiguration','Pedigree Configuration',38),
	(346,'study','Study',39),
	(347,'name','Name',39),
	(348,'description','Description',39),
	(349,'keyword','Keyword',39),
	(350,'name','Name',40),
	(351,'description','Description',40),
	(352,'study','Study',41),
	(353,'invSite','InvSite',41),
	(354,'linkSubjectStudy','Link Subject Study',42),
	(356,'customFieldDisplay','Custom Field Display',42),
	(357,'dateDataValue','Date Data Value',42),
	(358,'errorDataValue','Error Data Value',42),
	(359,'numberDataValue','Number Data Value',42),
	(360,'textDataValue','Text Data Value',42),
	(361,'description','Description',43),
	(362,'quantity','Quantity',43),
	(363,'commenceDate','Commence Date',43),
	(364,'type','Type',43),
	(365,'workRequest','Work Request',43),
	(366,'invoice','Invoice',43),
	(367,'studyId','Study ID',43),
	(368,'billableItemType','Billable Item Type',43),
	(369,'totalCost','Total Cost',43),
	(370,'itemCost','Item Cost',43),
	(371,'totalGST','Total GST',43),
	(372,'itemName','Item Name',44),
	(373,'description','Descripton',44),
	(374,'quantityPerUnit','Quantity Per Unit',44),
	(375,'unitPrice','Unit Price',44),
	(376,'billableItemTypeStatus','Billable Item Type Status',44),
	(377,'studyId','Study ID',44),
	(378,'type','Type',44),
	(379,'quantityType','Quantity Type',44),
	(380,'firstName','First Name',45),
	(381,'lastName','Last Name',45),
	(382,'organization','Organization',45),
	(383,'address','Address',45),
	(384,'researcherRole','Researcher Role',45),
	(385,'researcherStatus','Researcher Status',45),
	(386,'createdDate','Created Date',45),
	(387,'officePhone','Office Phone',45),
	(388,'mobile','Mobile',45),
	(389,'email','Email',45),
	(390,'fax','Fax',45),
	(391,'comment','Comment',45),
	(392,'billingType','Billing Type',45),
	(393,'accountNumber','Account Number',45),
	(394,'bsb','BSB',45),
	(396,'bank','Bank',45),
	(397,'accountName','Account Name',45),
	(398,'studyId','Study ID',45),
	(399,'titleType','Title Type',45),
	(400,'name','Name',46),
	(402,'description','Description',46),
	(403,'requestStatus','Request Status',46),
	(404,'researcher','Researcher',46),
	(405,'requestedDate','Requested Date',46),
	(406,'commencedDate','Commenced Date',46),
	(407,'studyId','Study ID',46),
	(408,'gst','GST',46),
	(409,'gstAllow','GST Allow',46),
	(410,'study','Study',47),
	(411,'studySite','Study Site',47),
	(412,'mainStudy','Main Study',48),
	(413,'subStudy','Sub-Study',48);

/*!40000 ALTER TABLE `audit_field` ENABLE KEYS */;
UNLOCK TABLES;


# Dump of table audit_package
# ------------------------------------------------------------

CREATE TABLE `audit_package` (
  `ID` bigint(20) NOT NULL AUTO_INCREMENT,
  `NAME` varchar(255) DEFAULT NULL,
  PRIMARY KEY (`ID`),
  UNIQUE KEY `ID` (`ID`)
) ENGINE=InnoDB DEFAULT CHARSET=latin1;

LOCK TABLES `audit_package` WRITE;
/*!40000 ALTER TABLE `audit_package` DISABLE KEYS */;

INSERT INTO `audit_package` (`ID`, `NAME`)
VALUES
	(1,'Config'),
	(2,'Disease'),
	(3,'LIMS'),
	(4,'Pheno'),
	(5,'Study'),
	(6,'Work Tracking');

/*!40000 ALTER TABLE `audit_package` ENABLE KEYS */;
UNLOCK TABLES;



/*!40111 SET SQL_NOTES=@OLD_SQL_NOTES */;
/*!40101 SET SQL_MODE=@OLD_SQL_MODE */;
/*!40014 SET FOREIGN_KEY_CHECKS=@OLD_FOREIGN_KEY_CHECKS */;
/*!40101 SET CHARACTER_SET_CLIENT=@OLD_CHARACTER_SET_CLIENT */;
/*!40101 SET CHARACTER_SET_RESULTS=@OLD_CHARACTER_SET_RESULTS */;
/*!40101 SET COLLATION_CONNECTION=@OLD_COLLATION_CONNECTION */;
