--
-- PostgreSQL database dump
--

SET SESSION AUTHORIZATION 'postgres';

SET SESSION AUTHORIZATION 'akattan';

SET search_path = public, pg_catalog;

ALTER TABLE ONLY public.ix_system_configuration DROP CONSTRAINT syscfg_name;
ALTER TABLE ONLY public.ix_system_configuration DROP CONSTRAINT syscfg_pkey;
ALTER TABLE ONLY public.ix_report DROP CONSTRAINT ix_report_reportkey;
ALTER TABLE ONLY public.ix_report_category DROP CONSTRAINT ix_report_category_categorykey;
SET SESSION AUTHORIZATION 'postgres';

ALTER TABLE ONLY public.ix_permission DROP CONSTRAINT ix_authorisation_authorisationk;
ALTER TABLE ONLY public.upc_keyword DROP CONSTRAINT upc_keyword_pkey;
ALTER TABLE ONLY public.up_user_profile DROP CONSTRAINT up_user_profile_pkey;
ALTER TABLE ONLY public.up_user_layout DROP CONSTRAINT up_user_layout_pkey;
ALTER TABLE ONLY public.up_ss_theme_parm DROP CONSTRAINT up_ss_theme_parm_pkey;
ALTER TABLE ONLY public.up_ss_struct DROP CONSTRAINT up_ss_struct_pkey;
ALTER TABLE ONLY public.up_ss_struct_par DROP CONSTRAINT up_ss_struct_par_pkey;
ALTER TABLE ONLY public.up_sequence DROP CONSTRAINT up_sequence_pkey;
ALTER TABLE ONLY public.up_mime_type DROP CONSTRAINT up_mime_type_pkey;
ALTER TABLE ONLY public.up_layout_struct DROP CONSTRAINT up_layout_struct_pkey;
ALTER TABLE ONLY public.up_group DROP CONSTRAINT up_group_pkey;
ALTER TABLE ONLY public.up_group_membership DROP CONSTRAINT up_group_membership_pkey;
ALTER TABLE ONLY public.up_entity_type DROP CONSTRAINT up_entity_type_pkey;
ALTER TABLE ONLY public.up_entity_prop DROP CONSTRAINT up_entity_prop_pkey;
ALTER TABLE ONLY public.up_entity_lock DROP CONSTRAINT up_entity_lock_pkey;
ALTER TABLE ONLY public.up_entity_cache_invalidation DROP CONSTRAINT up_entity_cache_invalidati_pkey;
ALTER TABLE ONLY public.up_channel DROP CONSTRAINT up_channel_pkey;
ALTER TABLE ONLY public.up_chan_type DROP CONSTRAINT up_chan_type_pkey;
ALTER TABLE ONLY public.ix_vial_details DROP CONSTRAINT ix_vial_details_key;
ALTER TABLE ONLY public.ix_user_usergroup DROP CONSTRAINT ix_userprofilekey;
ALTER TABLE ONLY public.ix_template DROP CONSTRAINT ix_template_key;
ALTER TABLE ONLY public.ix_survey DROP CONSTRAINT ix_survey_survey_key;
ALTER TABLE ONLY public.ix_study_survey DROP CONSTRAINT ix_studysurvey_studysurveykey;
ALTER TABLE ONLY public.ix_study DROP CONSTRAINT ix_study_study_key;
ALTER TABLE ONLY public.ix_smartform_to_dataelements DROP CONSTRAINT ix_smartform_smartfrmtodataelemt;
ALTER TABLE ONLY public.ix_smartform DROP CONSTRAINT ix_smartform_smartformkey;
ALTER TABLE ONLY public.ix_smartform_results DROP CONSTRAINT ix_smartform_resultskey;
ALTER TABLE ONLY public.ix_smartform_participants DROP CONSTRAINT ix_smartform_participantskey;
ALTER TABLE ONLY public.ix_dataelements DROP CONSTRAINT ix_smartform_dataelemts;
ALTER TABLE ONLY public.ix_dataelements_to_options DROP CONSTRAINT ix_smartform_dataelemtoptn;
ALTER TABLE ONLY public.ix_dataelement_pool DROP CONSTRAINT ix_smartform_dataelementpool;
ALTER TABLE ONLY public.ix_smartform_options DROP CONSTRAINT ix_sf_options;
ALTER TABLE ONLY public.ix_activity DROP CONSTRAINT ix_role_rolekey;
ALTER TABLE ONLY public.ix_protein DROP CONSTRAINT ix_protein_pkey;
ALTER TABLE ONLY public.ix_usergroup DROP CONSTRAINT ix_profile_profilekey;
ALTER TABLE ONLY public.ix_process DROP CONSTRAINT ix_process_key;
ALTER TABLE ONLY public.ix_patient DROP CONSTRAINT ix_patient_key;
ALTER TABLE ONLY public.ix_smartform_optionpool DROP CONSTRAINT ix_optionpool;
ALTER TABLE ONLY public.ix_log DROP CONSTRAINT ix_log_key;
ALTER TABLE ONLY public.ix_listofvalues DROP CONSTRAINT ix_listofvalues_lovkey_key;
ALTER TABLE ONLY public.ix_inv_tray DROP CONSTRAINT ix_inv_tray_inv_traykey;
ALTER TABLE ONLY public.ix_inv_tank DROP CONSTRAINT ix_inv_tank_inv_tankkey;
ALTER TABLE ONLY public.ix_inv_site DROP CONSTRAINT ix_inv_site_inv_sitekey;
ALTER TABLE ONLY public.ix_inv_cell DROP CONSTRAINT ix_inv_cell_inv_cellkey;
ALTER TABLE ONLY public.ix_inv_box DROP CONSTRAINT ix_inv_box_inv_boxkey;
ALTER TABLE ONLY public.ix_group DROP CONSTRAINT ix_group_groupkey;
ALTER TABLE ONLY public.ix_genetic_analysis DROP CONSTRAINT ix_genetic_analysis_pkey;
ALTER TABLE ONLY public.ix_favourite_query DROP CONSTRAINT ix_favourite_querykey;
ALTER TABLE ONLY public.ix_ethics_consent DROP CONSTRAINT ix_ethics_study_key;
ALTER TABLE ONLY public.ix_diagnosis_admissions DROP CONSTRAINT ix_diagnosisadmissions_pkey;
ALTER TABLE ONLY public.ix_diagnosis DROP CONSTRAINT ix_diagnosis_pkey;
ALTER TABLE ONLY public.ix_consent_study DROP CONSTRAINT ix_consent_study_consent_key;
ALTER TABLE ONLY public.ix_configuration DROP CONSTRAINT ix_configuraiton_key;
ALTER TABLE ONLY public.ix_biospecimen DROP CONSTRAINT ix_biospecimen_pkey;
ALTER TABLE ONLY public.ix_bio_transactions DROP CONSTRAINT ix_bio_transactions_transactions_key;
ALTER TABLE ONLY public.ix_consent DROP CONSTRAINT ix_appointments_consentkey_key;
ALTER TABLE ONLY public.ix_appointments DROP CONSTRAINT ix_appointments_appkey_key;
ALTER TABLE ONLY public.ix_antibody DROP CONSTRAINT ix_antibody_pkey;
SET SESSION AUTHORIZATION 'akattan';

DROP INDEX public.ix_indx_inv_cell_history_biospecimen;
DROP INDEX public.ix_indx_inv_cell_history;
DROP INDEX public.ix_indx_inv_history;
SET SESSION AUTHORIZATION 'postgres';

DROP INDEX public.bio_parentkey;
DROP INDEX public.sfde_dekey;
DROP INDEX public.stde_smartformkey;
DROP INDEX public.sfp_domain;
DROP INDEX public.sfp_sfkey;
DROP INDEX public."sfp_participantKey";
DROP INDEX public."sfp_partKey";
DROP INDEX public."sf_partKey";
DROP INDEX public."sf_deKey";
DROP INDEX public."sf_resultKey";
DROP INDEX public.sf_domain;
DROP INDEX public."sf_sfKey";
DROP INDEX public."study_studyName";
DROP INDEX public."study_studyKey";
DROP INDEX public.psf_studykey;
DROP INDEX public.psf_sfkey;
DROP INDEX public.psf_pkey;
DROP INDEX public.psf_psfkey;
DROP INDEX public.patient_firstname;
DROP INDEX public.patient_surname;
DROP INDEX public.patient_pkey;
DROP INDEX public.sfde_poolid;
DROP INDEX public.sf_dekey;
DROP INDEX public.consent_studykey;
DROP INDEX public.cs_consentkey;
DROP INDEX public.consent_cstudykey;
DROP INDEX public.consent_pkey;
DROP INDEX public.consent_ckey;
DROP INDEX public.bsf_studykey;
DROP INDEX public.bsf_bsfkey;
DROP INDEX public.bsf_sfkey;
DROP INDEX public.bsf_biokey;
DROP INDEX public.biospecimen_patid;
DROP INDEX public.biospecimen_biokey;
DROP INDEX public.transactions_biokey;
DROP INDEX public.biotrans_transactionkey;
DROP INDEX public.appointments_patientkey;
DROP INDEX public.appointments_appkey;
DROP INDEX public.antibody_proteinkey;
DROP INDEX public.antibody_antibodykey;
DROP INDEX public.admissions_deleted;
DROP INDEX public.admissions_patientkey;
DROP INDEX public.admissions_admissionkey;
DROP INDEX public.ix_biospecimen_biosid;
DROP INDEX public.ix_patient_patientid;
DROP INDEX public.ix_activity_idx;
DROP INDEX public.ix_listofvalues_idx;
SET SESSION AUTHORIZATION 'akattan';

DROP SEQUENCE public.ix_sys_cfg_seq;
DROP TABLE public.ix_system_configuration;
DROP SEQUENCE public.ix_dataelement_slku_where_seq;
DROP SEQUENCE public.ix_dataelement_slku_field_seq;
DROP SEQUENCE public.ix_report_seq;
DROP SEQUENCE public.ix_report_category_seq;
DROP TABLE public.ix_report_parameters;
DROP TABLE public.ix_report_category;
DROP TABLE public.ix_report;
DROP TABLE public.ix_collection_group;
DROP SEQUENCE public.ix_collection_groupkey_seq;
DROP TABLE public.ix_inv_cell_history;
DROP TABLE public.ix_inv_history;
DROP SEQUENCE public.ix_inv_cell_history_seq;
DROP SEQUENCE public.ix_inv_history_seq;
SET SESSION AUTHORIZATION 'postgres';

DROP FUNCTION public.invavail();
DROP TABLE public.ix_vial_calculation;
DROP SEQUENCE public.ix_activity_activitykey_seq;
DROP SEQUENCE public.ix_authorisation_seq;
DROP SEQUENCE public.ix_favourite_query_seq;
DROP SEQUENCE public.ix_log_seq;
DROP SEQUENCE public.ix_group_groupkey_seq;
DROP SEQUENCE public.ix_userprofilekey_seq;
DROP SEQUENCE public.ix_profile_profilekey_seq;
DROP SEQUENCE public.ix_listofvalues_lovkey_seq;
DROP SEQUENCE public.ix_icdcodes_seq;
DROP SEQUENCE public.ix_diagnosis_seq;
DROP SEQUENCE public.ix_bio_transaction_governr_seq;
DROP SEQUENCE public.ix_vial_calculation_seq;
DROP SEQUENCE public.ix_smartform_dataelemtoptn_seq;
DROP SEQUENCE public.ix_notes_seq;
DROP SEQUENCE public.ix_antibody_seq;
DROP SEQUENCE public.ix_smartform_optionpool_seq;
DROP SEQUENCE public.ix_inv_cell_seq;
DROP SEQUENCE public.ix_ethics_study_key_seq;
DROP SEQUENCE public.ix_survey_surveykey_seq;
DROP SEQUENCE public.ix_consent_study_cstudykey_seq;
DROP SEQUENCE public.ix_inv_box_seq;
DROP SEQUENCE public.ix_attachments_attachment_seq;
DROP SEQUENCE public.ix_smartform_options_seq;
DROP SEQUENCE public.ix_appointments_appkey_seq;
DROP SEQUENCE public.ix_studysurvey_ss_seq;
DROP SEQUENCE public.ix_study_allocation_seq;
DROP SEQUENCE public.ix_vial_details_seq;
DROP SEQUENCE public.ix_inv_tank_seq;
DROP SEQUENCE public.ix_flag_flagkey_seq;
DROP SEQUENCE public.ix_biospecimen_smartform_seq;
DROP SEQUENCE public.ix_bio_transactions_seq;
DROP SEQUENCE public.ix_smartform_dataelemts_seq;
DROP SEQUENCE public.ix_inv_site_seq;
DROP SEQUENCE public.ix_smartform_depool_seq;
DROP SEQUENCE public.ix_protein_seq;
DROP SEQUENCE public.ix_study_studykey_seq;
DROP SEQUENCE public.ix_admissions_admissionkey_seq;
DROP SEQUENCE public.ix_patient_patientkey_seq;
DROP SEQUENCE public.ix_dataelement_slkuwhere_seq;
DROP SEQUENCE public.ix_smartform_sftodataelemt_seq;
DROP SEQUENCE public.ix_smartform_resultskey_seq;
DROP SEQUENCE public.ix_biospecimen_biospeckey_seq;
DROP SEQUENCE public.ix_inv_tray_seq;
DROP SEQUENCE public.ix_patient_smartformkey_seq;
DROP SEQUENCE public.ix_smartform_participants_seq;
DROP SEQUENCE public.ix_smartform_smartformkey_seq;
DROP SEQUENCE public.ix_consent_consentkey_seq;
DROP SEQUENCE public.ix_listofvalues_desc_seq;
DROP SEQUENCE public.ix_case_assignment_seq;
DROP TABLE public.upc_perm_mgr;
DROP TABLE public.upc_keyword;
DROP TABLE public.upc_group_mgr;
DROP TABLE public.up_user_ua_map;
DROP TABLE public.up_user_profile;
DROP TABLE public.up_user_param;
DROP TABLE public.up_user_layout;
DROP TABLE public.up_user;
DROP TABLE public.up_ss_user_parm;
DROP TABLE public.up_ss_user_atts;
DROP TABLE public.up_ss_theme_parm;
DROP TABLE public.up_ss_theme;
DROP TABLE public.up_ss_struct_par;
DROP TABLE public.up_ss_struct;
DROP TABLE public.up_ss_map;
DROP TABLE public.up_sequence;
DROP TABLE public.up_person_dir;
DROP TABLE public.up_permission;
DROP TABLE public.up_mime_type;
DROP TABLE public.up_layout_struct;
DROP TABLE public.up_layout_param;
DROP TABLE public.up_group_membership;
DROP TABLE public.up_group;
DROP TABLE public.up_entity_type;
DROP TABLE public.up_entity_prop;
DROP TABLE public.up_entity_lock;
DROP TABLE public.up_entity_cache_invalidation;
DROP TABLE public.up_channel_param;
DROP TABLE public.up_channel;
DROP TABLE public.up_chan_type;
DROP TABLE public.ix_vial_details;
DROP TABLE public.ix_usergroup;
DROP TABLE public.ix_user_usergroup;
DROP TABLE public.ix_template;
DROP TABLE public.ix_survey;
DROP TABLE public.ix_study_survey;
DROP TABLE public.ix_study_allocation;
DROP TABLE public.ix_study;
DROP TABLE public.ix_smartform_to_dataelements;
DROP TABLE public.ix_smartform_results;
DROP TABLE public.ix_smartform_participants;
DROP TABLE public.ix_smartform_options;
DROP TABLE public.ix_smartform_optionpool;
DROP TABLE public.ix_smartform;
DROP TABLE public.ix_protein;
DROP TABLE public.ix_process;
DROP TABLE public.ix_permission;
DROP TABLE public.ix_patient_smartform;
DROP TABLE public.ix_patient_group;
DROP TABLE public.ix_patient;
DROP TABLE public.ix_notes;
DROP TABLE public.ix_log;
DROP TABLE public.ix_listofvalues_description;
DROP TABLE public.ix_listofvalues;
DROP TABLE public.ix_inv_tray;
DROP TABLE public.ix_inv_tank;
DROP TABLE public.ix_inv_site;
DROP TABLE public.ix_inv_cell;
DROP TABLE public.ix_inv_box;
DROP TABLE public.ix_icdcodes;
DROP TABLE public.ix_group;
DROP TABLE public.ix_genetic_analysis;
DROP TABLE public.ix_flag;
DROP TABLE public.ix_favourite_query;
DROP TABLE public.ix_ethics_consent;
DROP TABLE public.ix_ecgcodes;
DROP TABLE public.ix_diagnosis_admissions;
DROP TABLE public.ix_diagnosis;
DROP TABLE public.ix_dataelements_to_options;
DROP TABLE public.ix_dataelements;
DROP TABLE public.ix_dataelement_slku_where;
DROP TABLE public.ix_dataelement_slku_field;
DROP TABLE public.ix_dataelement_pool;
DROP TABLE public.ix_consent_study;
DROP TABLE public.ix_consent;
DROP TABLE public.ix_configuration;
DROP TABLE public.ix_biospecimen_smartform;
DROP TABLE public.ix_biospecimen;
DROP TABLE public.ix_bio_transactions_governer;
DROP TABLE public.ix_bio_transactions;
DROP TABLE public.ix_bio_survey_results;
DROP TABLE public.ix_attachments;
DROP TABLE public.ix_appointments;
DROP TABLE public.ix_antibody;
DROP TABLE public.ix_admissions;
DROP TABLE public.ix_activity;
SET SESSION AUTHORIZATION DEFAULT;

DROP PROCEDURAL LANGUAGE plpgsql;
SET SESSION AUTHORIZATION 'postgres';

DROP FUNCTION public.plpgsql_call_handler();
--
-- TOC entry 325 (OID 113638634)
-- Name: plpgsql_call_handler(); Type: FUNC PROCEDURAL LANGUAGE; Schema: public; Owner: postgres
--

CREATE FUNCTION plpgsql_call_handler() RETURNS language_handler
    AS '$libdir/plpgsql', 'plpgsql_call_handler'
    LANGUAGE c;


SET SESSION AUTHORIZATION DEFAULT;

--
-- TOC entry 324 (OID 113638635)
-- Name: plpgsql; Type: PROCEDURAL LANGUAGE; Schema: public; Owner: 
--

CREATE TRUSTED PROCEDURAL LANGUAGE plpgsql HANDLER plpgsql_call_handler;


SET SESSION AUTHORIZATION 'postgres';

--
-- TOC entry 3 (OID 2200)
-- Name: public; Type: ACL; Schema: -; Owner: postgres
--

REVOKE ALL ON SCHEMA public FROM PUBLIC;
GRANT ALL ON SCHEMA public TO PUBLIC;


--
-- TOC entry 118 (OID 113638636)
-- Name: ix_activity; Type: TABLE; Schema: public; Owner: postgres
--

CREATE TABLE ix_activity (
    "ACTIVITYKEY" bigint DEFAULT nextval('"ix_activity_activitykey_seq"'::text) NOT NULL,
    "NAME" character varying(50),
    "DESCRIPTION" character varying(100),
    "DELETED" integer DEFAULT 0,
    "TIMESTAMP" character varying(55) DEFAULT timeofday()
);


--
-- TOC entry 119 (OID 113638641)
-- Name: ix_admissions; Type: TABLE; Schema: public; Owner: postgres
--

CREATE TABLE ix_admissions (
    "ADMISSIONKEY" bigint DEFAULT nextval('"ix_admissions_admissionkey_seq"'::text) NOT NULL,
    "PATIENTKEY" bigint NOT NULL,
    "ADMISSIONID" character varying(50) NOT NULL,
    "ADMISSIONDATE" date,
    "DISCHARGEDATE" date,
    "DIAG_DATE" date,
    "DELETED" integer DEFAULT 0,
    "TIMESTAMP" character varying(55) DEFAULT timeofday(),
    "SURGERYDATE" date,
    "HOSPITAL_UR" character varying(50),
    "PATIENTAGE" bigint,
    "HOSPITAL" character varying(50),
    "REF_DOCTOR" character varying(50),
    "DIAG_CATEGORY" character varying(50),
    "PRIM_SITE" character varying(50),
    "STAGE" character varying(50),
    "RISK" character varying(50),
    "CLINC_STATUS" character varying(50),
    "COMMENTS" character varying(4000),
    "REF_DOCTOR_PHONE" character varying(50),
    "REF_DOCTOR_ADDRESS" character varying(400),
    "COLLECTIONGROUPKEY" bigint,
    "EPISODE_NUM" character varying(50),
    "EPISODE_DESC" character varying(50),
    "COLLECTIONGROUP" character varying(50),
    "TISSUETYPE" character varying(50),
    "TISSUECLASS" character varying(50)
);


--
-- TOC entry 120 (OID 113638649)
-- Name: ix_antibody; Type: TABLE; Schema: public; Owner: postgres
--

CREATE TABLE ix_antibody (
    "ANTIBODYKEY" bigint DEFAULT nextval('"ix_antibody_seq"'::text) NOT NULL,
    "NAME" character varying(50),
    "PROTEINKEY" bigint,
    "DELETED" integer DEFAULT 0,
    "TIMESTAMP" character varying(55) DEFAULT timeofday()
);


--
-- TOC entry 121 (OID 113638654)
-- Name: ix_appointments; Type: TABLE; Schema: public; Owner: postgres
--

CREATE TABLE ix_appointments (
    "APPKEY" bigint DEFAULT nextval('"ix_appointments_appkey_seq"'::text) NOT NULL,
    "PATIENTKEY" bigint NOT NULL,
    "DATE" date NOT NULL,
    "TIME" time without time zone NOT NULL,
    "PURPOSE" text,
    "NOTIFY" text,
    "ALERT_DATE" date,
    "SENT_TIMESTAMP" character varying(55) DEFAULT 'pending'::character varying,
    "SURVEYKEY" bigint,
    "DELETED" integer DEFAULT 0,
    "TIMESTAMP" character varying(55) DEFAULT timeofday()
);


--
-- TOC entry 122 (OID 113638663)
-- Name: ix_attachments; Type: TABLE; Schema: public; Owner: postgres
--

CREATE TABLE ix_attachments (
    "ATTACHMENTKEY" bigint DEFAULT nextval('"ix_attachments_attachment_seq"'::text) NOT NULL,
    "DOMAIN" character varying(50) NOT NULL,
    "ID" character varying(50) NOT NULL,
    "ATTACHEDBY" character varying(4000),
    "FILE_NAME" character varying(50),
    "COMMENTS" character varying(4000),
    "DELETED" integer DEFAULT 0,
    "TIMESTAMP" character varying(55) DEFAULT timeofday()
);


--
-- TOC entry 123 (OID 113638671)
-- Name: ix_bio_survey_results; Type: TABLE; Schema: public; Owner: postgres
--

CREATE TABLE ix_bio_survey_results (
    "SURVEYRESULTSKEY" bigint DEFAULT nextval('"ix_bio_survey_results_key_seq"'::text) NOT NULL,
    "SURVEYKEY" bigint NOT NULL,
    "STUDYKEY" bigint NOT NULL,
    "PARTICIPANTID" bigint NOT NULL,
    "QUESTIONKEY" bigint NOT NULL,
    "QUESTIONORDER" bigint NOT NULL,
    "QUESTIONTYPE" bigint NOT NULL,
    "DATATEXT" text,
    "DATACHOICES" character varying(150),
    "DATANUMERIC" double precision DEFAULT 0,
    "DATADATE" date,
    "DELETED" integer DEFAULT 0,
    "TIMESTAMP" character varying(55) DEFAULT timeofday()
);


--
-- TOC entry 124 (OID 113638680)
-- Name: ix_bio_transactions; Type: TABLE; Schema: public; Owner: postgres
--

CREATE TABLE ix_bio_transactions (
    "BIOTRANSACTIONKEY" bigint DEFAULT nextval('"ix_bio_transactions_seq"'::text) NOT NULL,
    "BIOSPECIMENKEY" bigint,
    "QUANTITY" double precision DEFAULT 0,
    "REASON" text,
    "DESTINATION" text,
    "TREATMENT" character varying(255),
    "UNIT" character varying(20),
    "OWNER" character varying(255),
    "RECORDER" character varying(255),
    "ACTION" character varying(10),
    "TRANSACTIONDATE" date,
    "DELETED" integer DEFAULT 0,
    "TIMESTAMP" character varying(55),
    "COLLABORATOR" character varying(255),
    "STUDYKEY" bigint,
    "DELIVERYDATE" date,
    "STUDY" character varying(50),
    "STATUS" character varying(30),
    "FIXATIONTIME" character varying(50)
);


--
-- TOC entry 125 (OID 113638688)
-- Name: ix_bio_transactions_governer; Type: TABLE; Schema: public; Owner: postgres
--

CREATE TABLE ix_bio_transactions_governer (
    "GOVERNERKEY" integer DEFAULT nextval('"ix_bio_transactions_governer_seq"'::text) NOT NULL,
    "PRIMARYSTUDYKEY" integer,
    "EXTERNALSTUDYKEY" integer,
    "ALLOCATETOSTUDY" integer,
    "ALLOCATEFROMSTUDY" integer,
    "DELETED" integer DEFAULT 0
);


--
-- TOC entry 126 (OID 113638692)
-- Name: ix_biospecimen; Type: TABLE; Schema: public; Owner: postgres
--

CREATE TABLE ix_biospecimen (
    "BIOSPECIMENKEY" bigint DEFAULT nextval('"ix_biospecimen_biospeckey_seq"'::text) NOT NULL,
    "BIOSPECIMENID" character varying(50) NOT NULL,
    "PATIENTKEY" bigint DEFAULT -1 NOT NULL,
    "PARENTKEY" bigint DEFAULT -1 NOT NULL,
    "CELLKEY" bigint DEFAULT -1 NOT NULL,
    "PARENTID" character varying(50) NOT NULL,
    "SAMPLETYPE" character varying(255),
    "SAMPLESUBTYPE" character varying(255),
    "LOCATION" character varying(255),
    "SAMPLEDATE" date,
    "OTHERID" character varying(255),
    "QTY_COLLECTED" double precision DEFAULT 0,
    "QTY_REMOVED" double precision DEFAULT 0,
    "STUDYKEY" integer,
    "SUBTYPEDESC" character varying(255),
    "DATEEXTRACTED" date,
    "DATEDISTRIBUTED" date,
    "SPECIES" character varying(30),
    "DELETED" integer DEFAULT 0,
    "TIMESTAMP" character varying(55) DEFAULT timeofday(),
    "STORED_IN" character varying(50),
    "SAMPLE_TIME" time without time zone,
    "EXTRACTED_TIME" time without time zone,
    "GRADE" character varying(50),
    "GESTAT" character varying(50),
    "ENCOUNTER" character varying(50),
    "COMMENTS" character varying(4000),
    "DEPTH" integer DEFAULT 1,
    "SUBTYPELR" character varying(50),
    "ADMISSIONKEY" bigint
);


--
-- TOC entry 127 (OID 113638706)
-- Name: ix_biospecimen_smartform; Type: TABLE; Schema: public; Owner: postgres
--

CREATE TABLE ix_biospecimen_smartform (
    "BIOSPECIMENSMARTFORMKEY" bigint DEFAULT nextval('"ix_biospecimen_smartform_seq"'::text) NOT NULL,
    "BIOSPECIMENKEY" bigint NOT NULL,
    "SMARTFORMKEY" bigint NOT NULL,
    "STUDYKEY" bigint NOT NULL,
    "DELETED" integer DEFAULT 0,
    "TIMESTAMP" character varying(55) DEFAULT timeofday()
);


--
-- TOC entry 128 (OID 113638711)
-- Name: ix_configuration; Type: TABLE; Schema: public; Owner: postgres
--

CREATE TABLE ix_configuration (
    "CONFIGKEY" bigint DEFAULT nextval('"ix_configuration_seq"'::text) NOT NULL,
    "NAME" text,
    "VALUE" text,
    "DELETED" integer DEFAULT 0,
    "TIMESTAMP" character varying(55) DEFAULT timeofday()
);


--
-- TOC entry 129 (OID 113638719)
-- Name: ix_consent; Type: TABLE; Schema: public; Owner: postgres
--

CREATE TABLE ix_consent (
    "CONSENTKEY" bigint DEFAULT nextval('"ix_consent_consentkey_seq"'::text) NOT NULL,
    "PATIENTKEY" bigint NOT NULL,
    "DELETED" integer DEFAULT 0,
    "TIMESTAMP" character varying(55) DEFAULT timeofday(),
    "FUTURE_STUDY" character varying(10) DEFAULT 'No'::character varying,
    "CONTACT_OK" character varying(10) DEFAULT 'No'::character varying,
    "COMMENTS" character varying(4000)
);


--
-- TOC entry 130 (OID 113638729)
-- Name: ix_consent_study; Type: TABLE; Schema: public; Owner: postgres
--

CREATE TABLE ix_consent_study (
    "CSTUDYKEY" bigint DEFAULT nextval('"ix_consent_study_cstudykey_seq"'::text) NOT NULL,
    "CONSENTKEY" bigint NOT NULL,
    "STUDYKEY" bigint NOT NULL,
    "DATE_APPROVED" date NOT NULL,
    "RESEARCHER" character varying(50),
    "REF_DOCTOR" character varying(50),
    "FILE_NAME" character varying(50),
    "DELETED" integer DEFAULT 0,
    "TIMESTAMP" character varying(55) DEFAULT timeofday(),
    "COUNTED" integer,
    "APPROVED" character varying(10),
    "COMMENTS" character varying(4000),
    "VERSION" character varying(50)
);


--
-- TOC entry 131 (OID 113638737)
-- Name: ix_dataelement_pool; Type: TABLE; Schema: public; Owner: postgres
--

CREATE TABLE ix_dataelement_pool (
    "DATAELEMENTPOOL_KEY" bigint DEFAULT nextval('"ix_smartform_depool_seq"'::text) NOT NULL,
    "DATAELEMENTPOOL_NAME" character varying(300),
    "DATAELEMENTPOOL_DESCRIPTION" character varying(1000),
    "DELETED" integer DEFAULT 0,
    "TIMESTAMP" character varying(55) DEFAULT timeofday()
);


--
-- TOC entry 132 (OID 113638742)
-- Name: ix_dataelement_slku_field; Type: TABLE; Schema: public; Owner: postgres
--

CREATE TABLE ix_dataelement_slku_field (
    "DATAELEMENT_KEY" bigint NOT NULL,
    "INTERNAL_NAME" character varying(200),
    "FIELD_ORDER" integer,
    "DELETED" integer DEFAULT 0,
    "TIMESTAMP" character varying(55) DEFAULT timeofday(),
    "IN_DROPDOWN" integer,
    "IN_DISPLAYADDNL" integer,
    "DATAELEMENT_LOOKUP_FIELDKEY" bigint DEFAULT nextval('"ix_dataelement_slku_field_seq"'::text)
);


--
-- TOC entry 133 (OID 113638746)
-- Name: ix_dataelement_slku_where; Type: TABLE; Schema: public; Owner: postgres
--

CREATE TABLE ix_dataelement_slku_where (
    "DATAELEMENT_KEY" bigint NOT NULL,
    "CONNECTOR" character varying(200),
    "FIELD" character varying(200),
    "INTERNAL_NAME" character varying(200),
    "OPERATOR" character varying(200),
    "VALUE" character varying(200),
    "WHERE_ORDER" integer,
    "DELETED" integer DEFAULT 0,
    "TIMESTAMP" character varying(55) DEFAULT timeofday(),
    "DATAELEMENT_LOOKUP_WHEREKEY" bigint DEFAULT nextval('"ix_dataelement_slku_where_seq"'::text)
);


--
-- TOC entry 134 (OID 113638750)
-- Name: ix_dataelements; Type: TABLE; Schema: public; Owner: postgres
--

CREATE TABLE ix_dataelements (
    "DATAELEMENT_KEY" bigint DEFAULT nextval('"ix_smartform_dataelemts_seq"'::text) NOT NULL,
    "DATAELEMENTPOOL_ID" bigint NOT NULL,
    "DATAELEMENT_TYPE" character varying(100),
    "DATAELEMENT_NAME" character varying(200),
    "DATAELEMENT_ORDER" integer DEFAULT 0,
    "DATAELEMENT_ROW" integer DEFAULT 0,
    "DATAELEMENT_COLUMN" integer DEFAULT 0,
    "DATAELEMENT_DATEMAX" date,
    "DATAELEMENT_DATEMIN" date,
    "DATAELEMENT_SCRIPT" text,
    "DATAELEMENT_SYSTEMLOOKUPTYPES" character varying(250),
    "DATAELEMENT_HELP" character varying(250),
    "DATAELEMENT_DEFAULTTODAYSDATE" character varying(100),
    "DATAELEMENT_DEFAULTDATE" date,
    "DEFAULTWORKINGDAYS_OPERATOR" character varying(50),
    "DEFAULTWORKINGDAYS_NUMBER" integer DEFAULT 0,
    "DEFAULTWORKINGDAYS_WDORDAYS" character varying(100),
    "DATAELEMENT_DEFAULTVALUE" character varying(50),
    "DEFAULT_SMARTFORMID" bigint,
    "DEFAULT_DATAELEMENTID" bigint,
    "DELETED" integer DEFAULT 0,
    "TIMESTAMP" character varying(55),
    "MANDATORY" integer DEFAULT 0,
    "DATAELEMENT_INTMAX" character varying(50),
    "DATAELEMENT_INTMIN" character varying(50),
    "CHANNEL_FUNCTIONAL_NAME" character varying(50),
    "PAGE_NAME" character varying(50)
);


--
-- TOC entry 135 (OID 113638762)
-- Name: ix_dataelements_to_options; Type: TABLE; Schema: public; Owner: postgres
--

CREATE TABLE ix_dataelements_to_options (
    "DATAELEMENTOPTION_KEY" bigint DEFAULT nextval('"ix_smartform_dataelemtoptn_seq"'::text) NOT NULL,
    "DATAELEMENT_KEY" bigint NOT NULL,
    "OPTIONPOOL_KEY" bigint NOT NULL,
    "DELETED" integer DEFAULT 0,
    "TIMESTAMP" character varying(55) DEFAULT timeofday()
);


--
-- TOC entry 136 (OID 113638767)
-- Name: ix_diagnosis; Type: TABLE; Schema: public; Owner: postgres
--

CREATE TABLE ix_diagnosis (
    "DIAGNOSISKEY" bigint DEFAULT nextval('"ix_diagnosis_seq"'::text) NOT NULL,
    "EPCC" character(20),
    "NAME" character(150),
    "PARENTKEY" integer DEFAULT -1,
    "DELETED" integer DEFAULT 0,
    "TIMESTAMP" character(55) DEFAULT timeofday()
);


--
-- TOC entry 137 (OID 113638773)
-- Name: ix_diagnosis_admissions; Type: TABLE; Schema: public; Owner: postgres
--

CREATE TABLE ix_diagnosis_admissions (
    "DIAGNOSISADMISSIONSKEY" bigint NOT NULL,
    "DIAGNOSISKEY" bigint NOT NULL,
    "DELETED" integer,
    "TIMESTAMP" character varying(55) DEFAULT timeofday(),
    "ADMISSIONKEY" bigint
);


--
-- TOC entry 138 (OID 113638776)
-- Name: ix_ecgcodes; Type: TABLE; Schema: public; Owner: postgres
--

CREATE TABLE ix_ecgcodes (
    "ECGCODEKEY" bigint DEFAULT nextval('"ix_ecgcodes_seq"'::text) NOT NULL,
    "ECGCODENAME" text,
    "ECGCODE" text,
    "PARENTKEY" bigint,
    "DELETED" integer DEFAULT 0
);


--
-- TOC entry 139 (OID 113638783)
-- Name: ix_ethics_consent; Type: TABLE; Schema: public; Owner: postgres
--

CREATE TABLE ix_ethics_consent (
    "ETHICSKEY" bigint DEFAULT nextval('"ix_ethics_study_key_seq"'::text) NOT NULL,
    "STUDYKEY" bigint NOT NULL,
    "ETHICS_APPROVED_BY" character varying(100),
    "ETHICS_APPROVED" bigint NOT NULL,
    "ETHICS_DATE_APPROVED" date,
    "ETHICS_FILE_NAME" character varying(1000),
    "ETHICS_COMMENTS" character varying(4000),
    "DELETED" integer DEFAULT 0,
    "TIMESTAMP" character varying(55) DEFAULT timeofday()
);


--
-- TOC entry 140 (OID 113638791)
-- Name: ix_favourite_query; Type: TABLE; Schema: public; Owner: postgres
--

CREATE TABLE ix_favourite_query (
    "QUERYKEY" bigint DEFAULT nextval('"ix_favourite_query_seq"'::text) NOT NULL,
    "USERNAME" character varying(50),
    "NAME" text,
    "XMLSTRING" text,
    "DOMAINLIST" text,
    "DELETED" integer DEFAULT 0,
    "TIMESTAMP" character varying(55) DEFAULT timeofday(),
    "DISPLAY_AS" character varying(50),
    "SAVE_AS" character varying(50),
    "SMARTFORMLIST" text,
    "STUDYLIST" text
);


--
-- TOC entry 141 (OID 113638799)
-- Name: ix_flag; Type: TABLE; Schema: public; Owner: postgres
--

CREATE TABLE ix_flag (
    "FLAGKEY" bigint DEFAULT nextval('"ix_flag_flagkey_seq"'::text) NOT NULL,
    "DOMAIN" character varying(50) NOT NULL,
    "ID" character varying(50) NOT NULL,
    "USER" character varying(50),
    "DELETED" integer DEFAULT 0,
    "TIMESTAMP" character varying(55) DEFAULT timeofday()
);


--
-- TOC entry 142 (OID 113638804)
-- Name: ix_genetic_analysis; Type: TABLE; Schema: public; Owner: postgres
--

CREATE TABLE ix_genetic_analysis (
    "GENETICANALYSISKEY" bigint DEFAULT nextval('"ix_geneticanalysis_seq"'::text) NOT NULL,
    "BIOANALYSISKEY" bigint NOT NULL,
    "PROTEINKEY" bigint NOT NULL,
    "MUTATION" character varying(50),
    "NUCLEOTIDE" text,
    "PROTEIN" text,
    "ZYGOSITY" character varying(50),
    "SEQUENCE" text,
    "NOTES" text,
    "NORMAL" character varying(10),
    "FILE" character varying(100),
    "GROUPKEY" bigint,
    "DELETED" integer DEFAULT 0,
    "TIMESTAMP" character varying(55) DEFAULT timeofday()
);


--
-- TOC entry 143 (OID 113638812)
-- Name: ix_group; Type: TABLE; Schema: public; Owner: postgres
--

CREATE TABLE ix_group (
    "GROUPKEY" bigint DEFAULT nextval('"ix_group_groupkey_seq"'::text) NOT NULL,
    "NAME" character varying(50),
    "DESCRIPTION" character varying(100),
    "RESTRICTION" character varying(500),
    "TIMESTAMP" character varying(55) DEFAULT timeofday()
);


--
-- TOC entry 144 (OID 113638816)
-- Name: ix_icdcodes; Type: TABLE; Schema: public; Owner: postgres
--

CREATE TABLE ix_icdcodes (
    "ICDKEY" bigint DEFAULT nextval('"ix_icdkey_seq"'::text) NOT NULL,
    "CODE" character(20),
    "NAME" character(150),
    "PARENTKEY" integer,
    "DELETED" integer DEFAULT 0,
    "TIMESTAMP" character(55) DEFAULT timeofday()
);


--
-- TOC entry 145 (OID 113638821)
-- Name: ix_inv_box; Type: TABLE; Schema: public; Owner: postgres
--

CREATE TABLE ix_inv_box (
    "BOXKEY" bigint DEFAULT nextval('"ix_inv_box_seq"'::text) NOT NULL,
    "TANKKEY" bigint NOT NULL,
    "NAME" character varying(50),
    "CAPACITY" bigint DEFAULT (0)::bigint,
    "AVAILABLE" bigint DEFAULT (0)::bigint,
    "DESCRIPTION" text,
    "DELETED" integer DEFAULT 0,
    "TIMESTAMP" character varying(55) DEFAULT timeofday()
);


--
-- TOC entry 146 (OID 113638831)
-- Name: ix_inv_cell; Type: TABLE; Schema: public; Owner: postgres
--

CREATE TABLE ix_inv_cell (
    "CELLKEY" bigint DEFAULT nextval('"ix_inv_cell_seq"'::text) NOT NULL,
    "TRAYKEY" bigint NOT NULL,
    "BIOSPECIMENKEY" bigint DEFAULT (- (1)::bigint),
    "PATIENTKEY" bigint DEFAULT (- (1)::bigint),
    "COLNO" bigint,
    "ROWNO" bigint,
    "DELETED" integer DEFAULT 0,
    "TIMESTAMP" character varying(55) DEFAULT timeofday()
);


--
-- TOC entry 147 (OID 113638838)
-- Name: ix_inv_site; Type: TABLE; Schema: public; Owner: postgres
--

CREATE TABLE ix_inv_site (
    "SITEKEY" bigint DEFAULT nextval('"ix_inv_site_seq"'::text) NOT NULL,
    "NAME" character varying(50),
    "ADDRESS" text,
    "CONTACT" character varying(50),
    "PHONE" character varying(30),
    "DELETED" integer DEFAULT 0,
    "TIMESTAMP" character varying(55) DEFAULT timeofday()
);


--
-- TOC entry 148 (OID 113638846)
-- Name: ix_inv_tank; Type: TABLE; Schema: public; Owner: postgres
--

CREATE TABLE ix_inv_tank (
    "TANKKEY" bigint DEFAULT nextval('"ix_inv_tank_seq"'::text) NOT NULL,
    "SITEKEY" bigint NOT NULL,
    "NAME" character varying(50),
    "DESCRIPTION" text,
    "LOCATION" text,
    "CAPACITY" bigint DEFAULT (0)::bigint,
    "AVAILABLE" bigint DEFAULT (0)::bigint,
    "COMMISSIONDATE" date,
    "DECOMMISSIONDATE" date,
    "LASTSERVICEDATE" date,
    "LASTSERVICENOTE" text,
    "STATUS" character varying(50),
    "DELETED" integer DEFAULT 0,
    "TIMESTAMP" character varying(55) DEFAULT timeofday()
);


--
-- TOC entry 149 (OID 113638856)
-- Name: ix_inv_tray; Type: TABLE; Schema: public; Owner: postgres
--

CREATE TABLE ix_inv_tray (
    "TRAYKEY" bigint DEFAULT nextval('"ix_inv_tray_seq"'::text) NOT NULL,
    "BOXKEY" bigint NOT NULL,
    "NAME" character varying(50),
    "CAPACITY" bigint DEFAULT (0)::bigint,
    "AVAILABLE" bigint DEFAULT (0)::bigint,
    "NOOFCOL" bigint DEFAULT (0)::bigint,
    "NOOFROW" bigint DEFAULT (0)::bigint,
    "COLNOTYPE" character varying(15) DEFAULT 'Numeric'::character varying,
    "ROWNOTYPE" character varying(15) DEFAULT 'Numeric'::character varying,
    "DELETED" integer DEFAULT 0,
    "TIMESTAMP" character varying(55) DEFAULT timeofday()
);


--
-- TOC entry 150 (OID 113638867)
-- Name: ix_listofvalues; Type: TABLE; Schema: public; Owner: postgres
--

CREATE TABLE ix_listofvalues (
    "LOVKEY" bigint DEFAULT nextval('"ix_listofvalues_lovkey_seq"'::text) NOT NULL,
    "GROUPKEY" bigint DEFAULT (- (1)::bigint) NOT NULL,
    "TYPE" character varying(100),
    "VALUE" character varying(50),
    "DESCRIPTION" character varying(50),
    "SORTORDER" integer,
    "LANGUAGE" character varying(50),
    "DELETED" integer DEFAULT 0,
    "TIMESTAMP" character varying(55) DEFAULT timeofday(),
    "PARENTTYPE" character varying(50),
    "PARENTVALUE" character varying(50),
    "ISEDITABLE" integer DEFAULT 0
);


--
-- TOC entry 151 (OID 113638873)
-- Name: ix_listofvalues_description; Type: TABLE; Schema: public; Owner: postgres
--

CREATE TABLE ix_listofvalues_description (
    "DESCKEY" integer DEFAULT nextval('"ix_listofvalues_desc_seq"'::text) NOT NULL,
    "TYPE" character varying(100),
    "DESCRIPTION" character varying(1000),
    "DELETED" integer DEFAULT 0
);


--
-- TOC entry 152 (OID 113638877)
-- Name: ix_log; Type: TABLE; Schema: public; Owner: postgres
--

CREATE TABLE ix_log (
    "LOGKEY" bigint DEFAULT nextval('"ix_log_seq"'::text) NOT NULL,
    "TYPE" text DEFAULT 'ACTIVITY'::text,
    "PRIORITY" bigint DEFAULT (5)::bigint,
    "RESULT" bigint DEFAULT (0)::bigint,
    "SHORT_DESCRIPTION" text,
    "LONG_DESCRIPTION" text,
    "USER" text,
    "DELETED" integer DEFAULT 0,
    "TIMESTAMP" character varying(55) DEFAULT timeofday()
);


--
-- TOC entry 153 (OID 113638888)
-- Name: ix_notes; Type: TABLE; Schema: public; Owner: postgres
--

CREATE TABLE ix_notes (
    "NOTESKEY" bigint DEFAULT nextval('"ix_notes_seq"'::text) NOT NULL,
    "DOMAIN" character varying(50) NOT NULL,
    "ELEMENTKEY" bigint NOT NULL,
    "TYPE" character varying(50),
    "NAME" character varying(50),
    "DATE" date,
    "FILENAME" character varying(50),
    "DESCRIPTION" text,
    "DELETED" integer DEFAULT 0,
    "TIMESTAMP" character varying(55) DEFAULT timeofday(),
    "ADDEDBY" character varying(25)
);


--
-- TOC entry 154 (OID 113638896)
-- Name: ix_patient; Type: TABLE; Schema: public; Owner: postgres
--

CREATE TABLE ix_patient (
    "PATIENTKEY" bigint DEFAULT nextval('"ix_patient_patientkey_seq"'::text) NOT NULL,
    "PATIENTID" character varying(50) NOT NULL,
    "MEDICARENO" character varying(50),
    "GROUPKEY" bigint DEFAULT (100)::bigint NOT NULL,
    "HOSPITALUR" character varying(50),
    "HOSPITALNAME" character varying(50),
    "SEX" character varying(10),
    "TITLE" character varying(20),
    "SURNAME" character varying(50),
    "FIRSTNAME" character varying(50),
    "DOB" date,
    "ADDR_LINE1" character varying(100),
    "ADDR_SUBURB" character varying(100),
    "ADDR_STATE" character varying(100),
    "ADDR_OTHER_STATE" character varying(100),
    "ADDR_COUNTRY" character varying(100),
    "ADDR_OTHER_COUNTRY" character varying(100),
    "ADDR_POSTCODE" character varying(10),
    "TELEPHONE_HOME" character varying(20),
    "TELEPHONE_WORK" character varying(20),
    "TELEPHONE_MOBILE" character varying(20),
    "EMAIL" character varying(100),
    "STATUS" character varying(10) NOT NULL,
    "DELETED" integer DEFAULT 0,
    "TIMESTAMP" character varying(55) DEFAULT timeofday(),
    "OTHERID" character varying(200),
    "CAUSEOD" character varying(200),
    "DATA_VERFD" character varying(50),
    "DODEATH" date,
    "PATIENTCOMMENTS" character varying(1000),
    "FLAG" integer,
    "SPECIES" character varying(50),
    "COMMENTS" character varying(4000),
    "USER" character varying(50)
);


--
-- TOC entry 155 (OID 113638905)
-- Name: ix_patient_group; Type: TABLE; Schema: public; Owner: postgres
--

CREATE TABLE ix_patient_group (
    "TIMESTAMP" character varying(55) DEFAULT timeofday(),
    "PATIENTKEY" bigint NOT NULL,
    "GROUPKEY" bigint
);


--
-- TOC entry 156 (OID 113638908)
-- Name: ix_patient_smartform; Type: TABLE; Schema: public; Owner: postgres
--

CREATE TABLE ix_patient_smartform (
    "PATIENTSMARTFORMKEY" bigint DEFAULT nextval('"ix_patient_smartformkey_seq"'::text) NOT NULL,
    "PATIENTKEY" bigint NOT NULL,
    "SMARTFORMKEY" bigint NOT NULL,
    "STUDYKEY" bigint NOT NULL,
    "DELETED" integer DEFAULT 0,
    "TIMESTAMP" character varying(55) DEFAULT timeofday()
);


--
-- TOC entry 157 (OID 113638913)
-- Name: ix_permission; Type: TABLE; Schema: public; Owner: postgres
--

CREATE TABLE ix_permission (
    "PERMISSIONKEY" bigint DEFAULT nextval('"ix_authorisation_seq"'::text) NOT NULL,
    "GROUPKEY" bigint NOT NULL,
    "ACTIVITYKEY" bigint NOT NULL,
    "USERGROUPKEY" bigint NOT NULL,
    "DELETED" integer DEFAULT 0,
    "TIMESTAMP" character varying(55) DEFAULT timeofday()
);


--
-- TOC entry 158 (OID 113638918)
-- Name: ix_process; Type: TABLE; Schema: public; Owner: postgres
--

CREATE TABLE ix_process (
    "PROCESSKEY" bigint DEFAULT nextval('"ix_process_seq"'::text) NOT NULL,
    "TYPE" text,
    "STATUS" text,
    "DESCRIPTION" text,
    "USER" text,
    "REPORT" text,
    "DELETED" integer DEFAULT 0,
    "TIMESTAMP" character varying(55) DEFAULT timeofday()
);


--
-- TOC entry 159 (OID 113638926)
-- Name: ix_protein; Type: TABLE; Schema: public; Owner: postgres
--

CREATE TABLE ix_protein (
    "PROTEINKEY" bigint DEFAULT nextval('"ix_protein_seq"'::text) NOT NULL,
    "NAME" character varying(50),
    "LOCALISATION" character varying(100),
    "DELETED" integer DEFAULT 0,
    "TIMESTAMP" character varying(55) DEFAULT timeofday(),
    "GENE" character varying(50)
);


--
-- TOC entry 160 (OID 113638956)
-- Name: ix_smartform; Type: TABLE; Schema: public; Owner: postgres
--

CREATE TABLE ix_smartform (
    "SMARTFORMKEY" bigint DEFAULT nextval('"ix_smartform_smartformkey_seq"'::text) NOT NULL,
    "SMARTFORM_NAME" character varying(300),
    "SMARTFORM_DESCRIPTION" character varying(500),
    "DOMAIN" character varying(100),
    "SENSITIVITY" character varying(50),
    "DELETED" integer DEFAULT 0,
    "TIMESTAMP" character varying(55) DEFAULT timeofday(),
    "SMARTFORM_ORDER" integer DEFAULT 0
);


--
-- TOC entry 161 (OID 113638962)
-- Name: ix_smartform_optionpool; Type: TABLE; Schema: public; Owner: postgres
--

CREATE TABLE ix_smartform_optionpool (
    "OPTIONPOOL_KEY" bigint DEFAULT nextval('"ix_smartform_optionpool_seq"'::text) NOT NULL,
    "OPTIONPOOL_NAME" character varying(150),
    "OPTIONPOOL_DESCRIPTION" character varying(1000),
    "DELETED" integer DEFAULT 0,
    "TIMESTAMP" character varying(55) DEFAULT timeofday()
);


--
-- TOC entry 162 (OID 113638967)
-- Name: ix_smartform_options; Type: TABLE; Schema: public; Owner: postgres
--

CREATE TABLE ix_smartform_options (
    "OPTION_KEY" bigint DEFAULT nextval('"ix_smartform_options_seq"'::text) NOT NULL,
    "OPTIONPOOL_KEY" bigint NOT NULL,
    "OPTION_LABEL" character varying(150),
    "OPTION_VALUE" character varying(150),
    "OPTION_ORDER" integer,
    "DELETED" integer DEFAULT 0,
    "TIMESTAMP" character varying(55) DEFAULT timeofday()
);


--
-- TOC entry 163 (OID 113638972)
-- Name: ix_smartform_participants; Type: TABLE; Schema: public; Owner: postgres
--

CREATE TABLE ix_smartform_participants (
    "SMARTFORMPARTICIPANTKEY" bigint DEFAULT nextval('"ix_smartform_participants_seq"'::text) NOT NULL,
    "SMARTFORMKEY" bigint,
    "PARTICIPANTKEY" bigint,
    "DOMAIN" character varying(100),
    "SMARTFORMSTATUS" character varying(20),
    "USERNOTE" character varying(4000),
    "ADDEDBY" character varying(50),
    "DATEADDED" date,
    "LASTUPDATEDBY" character varying(50),
    "DATELASTUPDATED" date,
    "CURRENTPAGE" integer DEFAULT 1,
    "DELETED" integer DEFAULT 0,
    "TIMESTAMP" character varying(55) DEFAULT timeofday()
);


--
-- TOC entry 164 (OID 113638981)
-- Name: ix_smartform_results; Type: TABLE; Schema: public; Owner: postgres
--

CREATE TABLE ix_smartform_results (
    "SMARTFORMRESULTKEY" bigint DEFAULT nextval('"ix_smartform_resultskey_seq"'::text) NOT NULL,
    "SMARTFORMPARTICIPANTKEY" bigint,
    "DATAELEMENTKEY" bigint,
    "DATAELEMENTRESULT" character varying(4000),
    "DELETED" integer DEFAULT 0,
    "TIMESTAMP" character varying(55) DEFAULT timeofday()
);


--
-- TOC entry 165 (OID 113638989)
-- Name: ix_smartform_to_dataelements; Type: TABLE; Schema: public; Owner: postgres
--

CREATE TABLE ix_smartform_to_dataelements (
    "SMARTFORMTODATAELEMENT_KEY" bigint DEFAULT nextval('"ix_smartform_sftodataelemt_seq"'::text) NOT NULL,
    "SMARTFORM_KEY" bigint NOT NULL,
    "DATAELEMENT_KEY" bigint NOT NULL,
    "DATAELEMENT_NO" integer,
    "DATAELEMENT_ORDER" integer,
    "DELETED" integer DEFAULT 0,
    "TIMESTAMP" character varying(55) DEFAULT timeofday()
);


--
-- TOC entry 166 (OID 113638994)
-- Name: ix_study; Type: TABLE; Schema: public; Owner: postgres
--

CREATE TABLE ix_study (
    "STUDYKEY" bigint DEFAULT nextval('"ix_study_studykey_seq"'::text) NOT NULL,
    "STUDY_NAME" character varying(100),
    "STUDY_OWNER" character varying(50),
    "STUDY_DESCRIPTION" text,
    "STUDY_START" date,
    "STUDY_END" date,
    "TARGET_PATIENT_NO" integer DEFAULT 0 NOT NULL,
    "ACTUAL_PATIENT_NO" integer DEFAULT 0 NOT NULL,
    "DELETED" integer DEFAULT 0,
    "TIMESTAMP" character varying(55) DEFAULT timeofday(),
    "STUDYCODE" character varying(50)
);


--
-- TOC entry 167 (OID 113639004)
-- Name: ix_study_allocation; Type: TABLE; Schema: public; Owner: postgres
--

CREATE TABLE ix_study_allocation (
    "ALLOCATIONKEY" bigint DEFAULT nextval('"ix_study_allocation_seq"'::text) NOT NULL,
    "STUDYKEY" bigint NOT NULL,
    "REQUESTEDQUANTITY" bigint,
    "REQUESTEDMEASURE" character varying(50),
    "BIOSPECIMENTYPE" character varying(50),
    "BIOSPECIMENSUBTYPE" character varying(50),
    "DELETED" integer DEFAULT 0,
    "TIMESTAMP" date
);


--
-- TOC entry 168 (OID 113639008)
-- Name: ix_study_survey; Type: TABLE; Schema: public; Owner: postgres
--

CREATE TABLE ix_study_survey (
    "STUDYSURVEYKEY" bigint DEFAULT nextval('"ix_studysurvey_ss_seq"'::text) NOT NULL,
    "STUDYKEY" bigint NOT NULL,
    "SURVEYKEY" bigint NOT NULL,
    "DELETED" integer DEFAULT 0,
    "TIMESTAMP" character varying(55) DEFAULT timeofday()
);


--
-- TOC entry 169 (OID 113639013)
-- Name: ix_survey; Type: TABLE; Schema: public; Owner: postgres
--

CREATE TABLE ix_survey (
    "SURVEYKEY" bigint DEFAULT nextval('"ix_survey_surveykey_seq"'::text) NOT NULL,
    "SURVEY_NAME" character(100),
    "SURVEY_DESCRIPTION" character(177),
    "DELETED" integer DEFAULT 0,
    "TIMESTAMP" character(55) DEFAULT timeofday()
);


--
-- TOC entry 170 (OID 113639018)
-- Name: ix_template; Type: TABLE; Schema: public; Owner: postgres
--

CREATE TABLE ix_template (
    "TEMPLATEKEY" bigint DEFAULT nextval('"ix_template_seq"'::text) NOT NULL,
    "DOMAINNAME" text NOT NULL,
    "STUDYKEY" bigint,
    "SURVEYKEY" bigint,
    "TEMPLATENAME" text NOT NULL,
    "QUESTIONORDERS" text,
    "DELETED" integer DEFAULT 0,
    "TIMESTAMP" character varying(55) DEFAULT timeofday()
);


--
-- TOC entry 171 (OID 113639026)
-- Name: ix_user_usergroup; Type: TABLE; Schema: public; Owner: postgres
--

CREATE TABLE ix_user_usergroup (
    "USERUSERGROUPKEY" bigint DEFAULT nextval('"ix_userprofilekey_seq"'::text) NOT NULL,
    user_name character varying(55) NOT NULL,
    "USERGROUPKEY" bigint NOT NULL,
    "DELETED" integer DEFAULT 0,
    "TIMESTAMP" character varying(55) DEFAULT timeofday()
);


--
-- TOC entry 172 (OID 113639031)
-- Name: ix_usergroup; Type: TABLE; Schema: public; Owner: postgres
--

CREATE TABLE ix_usergroup (
    "USERGROUPKEY" bigint DEFAULT nextval('"ix_profile_profilekey_seq"'::text) NOT NULL,
    "NAME" character varying(50),
    "DESCRIPTION" character varying(100),
    "DELETED" integer DEFAULT 0,
    "TIMESTAMP" character varying(55) DEFAULT timeofday(),
    "PARENTUSERGROUP" integer
);


--
-- TOC entry 173 (OID 113639036)
-- Name: ix_vial_details; Type: TABLE; Schema: public; Owner: postgres
--

CREATE TABLE ix_vial_details (
    "VIALDETAILKEY" bigint DEFAULT nextval('"ix_vial_details_seq"'::text) NOT NULL,
    "BIOSPECIMENKEY" bigint,
    "CLINICALSTATCALC" integer,
    "CLINICALSTATCALCMONTH" double precision DEFAULT 0,
    "MANUALCELLCOUNT" bigint,
    "DILLUTIONFACTOR" bigint,
    "MLSSUSPENDED" bigint,
    "CELLML" bigint,
    "TOTALCELLCOUNT" bigint,
    "MLSRESUSPENDED" bigint,
    "COLLECTIONTUBE" character varying(20),
    "MLSCOLLECTIONTUBE" double precision DEFAULT 0,
    "MLSANTICOSGULANT" double precision DEFAULT 0,
    "CONCENTRATION" bigint,
    "TOTALMLSBM" double precision DEFAULT 0,
    "SECONDLOOK" bigint,
    "MRDWASH" character varying(10),
    "MRDRNA" character varying(10),
    "DELETED" integer DEFAULT 0,
    "TIMESTAMP" character varying(55) DEFAULT timeofday(),
    "SAMPLEWEIGHTING" integer,
    "SPLEWEIGHTPERVIAL" integer
);


--
-- TOC entry 174 (OID 113639045)
-- Name: up_chan_type; Type: TABLE; Schema: public; Owner: postgres
--

CREATE TABLE up_chan_type (
    type_id integer NOT NULL,
    "type" character varying(128),
    type_name character varying(70),
    type_descr text,
    type_def_uri character varying(255)
);


--
-- TOC entry 175 (OID 113639050)
-- Name: up_channel; Type: TABLE; Schema: public; Owner: postgres
--

CREATE TABLE up_channel (
    chan_id integer NOT NULL,
    chan_title character varying(128),
    chan_name character varying(128),
    chan_desc character varying(255),
    chan_class character varying(100),
    chan_type_id integer,
    chan_publ_id integer,
    chan_publ_dt date,
    chan_apvl_id integer,
    chan_apvl_dt date,
    chan_timeout integer,
    chan_editable character varying(1),
    chan_has_help character varying(1),
    chan_has_about character varying(1),
    chan_fname character varying(255)
);


--
-- TOC entry 176 (OID 113639052)
-- Name: up_channel_param; Type: TABLE; Schema: public; Owner: postgres
--

CREATE TABLE up_channel_param (
    chan_id integer NOT NULL,
    chan_parm_nm character varying(35) NOT NULL,
    chan_parm_desc character varying(255),
    chan_parm_val character varying(255),
    chan_parm_ovrd character varying(1)
);


--
-- TOC entry 177 (OID 113639054)
-- Name: up_entity_cache_invalidation; Type: TABLE; Schema: public; Owner: postgres
--

CREATE TABLE up_entity_cache_invalidation (
    entity_type_id integer NOT NULL,
    entity_key character varying(240) NOT NULL,
    invalidation_time date NOT NULL
);


--
-- TOC entry 178 (OID 113639056)
-- Name: up_entity_lock; Type: TABLE; Schema: public; Owner: postgres
--

CREATE TABLE up_entity_lock (
    entity_type_id integer NOT NULL,
    entity_key character varying(240) NOT NULL,
    lock_type integer NOT NULL,
    expiration_time date NOT NULL,
    lock_owner character varying(240) NOT NULL
);


--
-- TOC entry 179 (OID 113639058)
-- Name: up_entity_prop; Type: TABLE; Schema: public; Owner: postgres
--

CREATE TABLE up_entity_prop (
    entity_type_id integer NOT NULL,
    entity_key character varying(255) NOT NULL,
    property_name character varying(150) NOT NULL,
    property_value character varying(255),
    last_modified date NOT NULL
);


--
-- TOC entry 180 (OID 113639060)
-- Name: up_entity_type; Type: TABLE; Schema: public; Owner: postgres
--

CREATE TABLE up_entity_type (
    entity_type_id integer NOT NULL,
    entity_type_name character varying(255) NOT NULL,
    descriptive_name character varying(255)
);


--
-- TOC entry 181 (OID 113639062)
-- Name: up_group; Type: TABLE; Schema: public; Owner: postgres
--

CREATE TABLE up_group (
    group_id character varying(240) NOT NULL,
    creator_id character varying(240) NOT NULL,
    entity_type_id integer NOT NULL,
    group_name character varying(255) NOT NULL,
    description character varying(255)
);


--
-- TOC entry 182 (OID 113639064)
-- Name: up_group_membership; Type: TABLE; Schema: public; Owner: postgres
--

CREATE TABLE up_group_membership (
    group_id character varying(200) NOT NULL,
    member_service character varying(80) NOT NULL,
    member_key character varying(200) NOT NULL,
    member_is_group character varying(1) NOT NULL
);


--
-- TOC entry 183 (OID 113639066)
-- Name: up_layout_param; Type: TABLE; Schema: public; Owner: postgres
--

CREATE TABLE up_layout_param (
    user_id integer NOT NULL,
    layout_id integer NOT NULL,
    struct_id integer NOT NULL,
    struct_parm_nm character varying(35) NOT NULL,
    struct_parm_val text NOT NULL
);


--
-- TOC entry 184 (OID 113639071)
-- Name: up_layout_struct; Type: TABLE; Schema: public; Owner: postgres
--

CREATE TABLE up_layout_struct (
    user_id integer NOT NULL,
    layout_id integer NOT NULL,
    struct_id integer NOT NULL,
    next_struct_id integer,
    chld_struct_id integer,
    external_id character varying(64),
    chan_id integer,
    name character varying(35),
    "type" character varying(35),
    hidden character varying(1),
    "immutable" character varying(1),
    unremovable character varying(1)
);


--
-- TOC entry 185 (OID 113639073)
-- Name: up_mime_type; Type: TABLE; Schema: public; Owner: postgres
--

CREATE TABLE up_mime_type (
    mime_type character varying(30) NOT NULL,
    mime_type_description text
);


--
-- TOC entry 186 (OID 113639078)
-- Name: up_permission; Type: TABLE; Schema: public; Owner: postgres
--

CREATE TABLE up_permission (
    "owner" character varying(255),
    principal_type integer,
    principal_key character varying(255),
    activity character varying(255),
    target character varying(255),
    permission_type character varying(255),
    effective date,
    expires date
);


--
-- TOC entry 187 (OID 113639080)
-- Name: up_person_dir; Type: TABLE; Schema: public; Owner: postgres
--

CREATE TABLE up_person_dir (
    user_name character varying(35) NOT NULL,
    encrptd_pswd character varying(64),
    lst_pswd_cgh_dt date,
    first_name character varying(15),
    last_name character varying(15),
    email character varying(60),
    "GROUPKEY" bigint,
    "TIMESTAMP" character varying(55)
);


--
-- TOC entry 188 (OID 113639082)
-- Name: up_sequence; Type: TABLE; Schema: public; Owner: postgres
--

CREATE TABLE up_sequence (
    sequence_name character varying(255) NOT NULL,
    sequence_value integer
);


--
-- TOC entry 189 (OID 113639084)
-- Name: up_ss_map; Type: TABLE; Schema: public; Owner: postgres
--

CREATE TABLE up_ss_map (
    theme_ss_id integer,
    struct_ss_id integer,
    mime_type character varying(30)
);


--
-- TOC entry 190 (OID 113639086)
-- Name: up_ss_struct; Type: TABLE; Schema: public; Owner: postgres
--

CREATE TABLE up_ss_struct (
    ss_id integer NOT NULL,
    ss_name character varying(30),
    ss_uri character varying(255),
    ss_description_uri character varying(255),
    ss_description_text text
);


--
-- TOC entry 191 (OID 113639091)
-- Name: up_ss_struct_par; Type: TABLE; Schema: public; Owner: postgres
--

CREATE TABLE up_ss_struct_par (
    ss_id integer NOT NULL,
    param_name character varying(100) NOT NULL,
    param_default_val character varying(255),
    param_descript character varying(255) NOT NULL,
    "type" integer NOT NULL
);


--
-- TOC entry 192 (OID 113639093)
-- Name: up_ss_theme; Type: TABLE; Schema: public; Owner: postgres
--

CREATE TABLE up_ss_theme (
    ss_id integer,
    ss_name character varying(30),
    ss_uri character varying(255),
    ss_description_uri character varying(255),
    ss_description_text text,
    struct_ss_id integer,
    sample_icon_uri character varying(255),
    sample_uri character varying(255),
    mime_type character varying(30),
    device_type character varying(30),
    serializer_name character varying(255),
    up_module_class character varying(255)
);


--
-- TOC entry 193 (OID 113639098)
-- Name: up_ss_theme_parm; Type: TABLE; Schema: public; Owner: postgres
--

CREATE TABLE up_ss_theme_parm (
    ss_id integer NOT NULL,
    param_name character varying(100) NOT NULL,
    param_default_val character varying(255),
    param_descript character varying(255),
    "type" integer NOT NULL
);


--
-- TOC entry 194 (OID 113639100)
-- Name: up_ss_user_atts; Type: TABLE; Schema: public; Owner: postgres
--

CREATE TABLE up_ss_user_atts (
    user_id integer,
    profile_id integer,
    ss_id integer,
    ss_type integer,
    struct_id integer,
    param_name character varying(100),
    param_type integer,
    param_val character varying(255)
);


--
-- TOC entry 195 (OID 113639102)
-- Name: up_ss_user_parm; Type: TABLE; Schema: public; Owner: postgres
--

CREATE TABLE up_ss_user_parm (
    user_id integer,
    profile_id integer,
    ss_id integer,
    ss_type integer,
    param_name character varying(100),
    param_val character varying(255)
);


--
-- TOC entry 196 (OID 113639104)
-- Name: up_user; Type: TABLE; Schema: public; Owner: postgres
--

CREATE TABLE up_user (
    user_id integer,
    user_name character varying(35),
    user_dflt_usr_id integer,
    user_dflt_lay_id integer,
    next_struct_id integer,
    lst_chan_updt_dt date
);


--
-- TOC entry 197 (OID 113639106)
-- Name: up_user_layout; Type: TABLE; Schema: public; Owner: postgres
--

CREATE TABLE up_user_layout (
    layout_id integer NOT NULL,
    user_id integer NOT NULL,
    layout_title character varying(15),
    init_struct_id integer
);


--
-- TOC entry 198 (OID 113639108)
-- Name: up_user_param; Type: TABLE; Schema: public; Owner: postgres
--

CREATE TABLE up_user_param (
    user_id integer,
    user_param_name character varying(35),
    user_param_value character varying(255)
);


--
-- TOC entry 199 (OID 113639110)
-- Name: up_user_profile; Type: TABLE; Schema: public; Owner: postgres
--

CREATE TABLE up_user_profile (
    user_id integer NOT NULL,
    profile_id integer NOT NULL,
    profile_name character varying(50),
    description character varying(100),
    layout_id integer,
    structure_ss_id integer,
    theme_ss_id integer
);


--
-- TOC entry 200 (OID 113639112)
-- Name: up_user_ua_map; Type: TABLE; Schema: public; Owner: postgres
--

CREATE TABLE up_user_ua_map (
    user_id integer,
    user_agent character varying(255),
    profile_id integer
);


--
-- TOC entry 201 (OID 113639114)
-- Name: upc_group_mgr; Type: TABLE; Schema: public; Owner: postgres
--

CREATE TABLE upc_group_mgr (
    owner_id character varying(255) NOT NULL,
    owner_type character(1) NOT NULL,
    group_id character varying(255) NOT NULL,
    ordinal integer,
    expanded character(1),
    date_created date
);


--
-- TOC entry 202 (OID 113639116)
-- Name: upc_keyword; Type: TABLE; Schema: public; Owner: postgres
--

CREATE TABLE upc_keyword (
    chan_id integer NOT NULL,
    group_id integer NOT NULL,
    user_id integer NOT NULL,
    keyword text
);


--
-- TOC entry 203 (OID 113639121)
-- Name: upc_perm_mgr; Type: TABLE; Schema: public; Owner: postgres
--

CREATE TABLE upc_perm_mgr (
    ipermissible_class text NOT NULL
);


--
-- TOC entry 4 (OID 113639126)
-- Name: ix_case_assignment_seq; Type: SEQUENCE; Schema: public; Owner: postgres
--

CREATE SEQUENCE ix_case_assignment_seq
    START WITH 1
    INCREMENT BY 1
    MAXVALUE 2147483647
    NO MINVALUE
    CACHE 1;


--
-- TOC entry 6 (OID 113639128)
-- Name: ix_listofvalues_desc_seq; Type: SEQUENCE; Schema: public; Owner: postgres
--

CREATE SEQUENCE ix_listofvalues_desc_seq
    INCREMENT BY 1
    MAXVALUE 2147483647
    NO MINVALUE
    CACHE 1;


--
-- TOC entry 8 (OID 113639130)
-- Name: ix_consent_consentkey_seq; Type: SEQUENCE; Schema: public; Owner: postgres
--

CREATE SEQUENCE ix_consent_consentkey_seq
    START WITH 1
    INCREMENT BY 1
    MAXVALUE 2147483647
    NO MINVALUE
    CACHE 1;


--
-- TOC entry 10 (OID 113639132)
-- Name: ix_smartform_smartformkey_seq; Type: SEQUENCE; Schema: public; Owner: postgres
--

CREATE SEQUENCE ix_smartform_smartformkey_seq
    INCREMENT BY 1
    MAXVALUE 2147483647
    NO MINVALUE
    CACHE 1;


--
-- TOC entry 12 (OID 113639134)
-- Name: ix_smartform_participants_seq; Type: SEQUENCE; Schema: public; Owner: postgres
--

CREATE SEQUENCE ix_smartform_participants_seq
    INCREMENT BY 1
    MAXVALUE 2147483647
    NO MINVALUE
    CACHE 1;


--
-- TOC entry 14 (OID 113639136)
-- Name: ix_patient_smartformkey_seq; Type: SEQUENCE; Schema: public; Owner: postgres
--

CREATE SEQUENCE ix_patient_smartformkey_seq
    START WITH 1
    INCREMENT BY 1
    MAXVALUE 2147483647
    NO MINVALUE
    CACHE 1;


--
-- TOC entry 16 (OID 113639138)
-- Name: ix_inv_tray_seq; Type: SEQUENCE; Schema: public; Owner: postgres
--

CREATE SEQUENCE ix_inv_tray_seq
    INCREMENT BY 1
    MAXVALUE 2147483647
    NO MINVALUE
    CACHE 1;


--
-- TOC entry 18 (OID 113639140)
-- Name: ix_biospecimen_biospeckey_seq; Type: SEQUENCE; Schema: public; Owner: postgres
--

CREATE SEQUENCE ix_biospecimen_biospeckey_seq
    START WITH 1
    INCREMENT BY 1
    MAXVALUE 2147483647
    NO MINVALUE
    CACHE 1;


--
-- TOC entry 20 (OID 113639142)
-- Name: ix_smartform_resultskey_seq; Type: SEQUENCE; Schema: public; Owner: postgres
--

CREATE SEQUENCE ix_smartform_resultskey_seq
    START WITH 1
    INCREMENT BY 1
    MAXVALUE 2147483647
    NO MINVALUE
    CACHE 1;


--
-- TOC entry 22 (OID 113639144)
-- Name: ix_smartform_sftodataelemt_seq; Type: SEQUENCE; Schema: public; Owner: postgres
--

CREATE SEQUENCE ix_smartform_sftodataelemt_seq
    INCREMENT BY 1
    MAXVALUE 2147483647
    NO MINVALUE
    CACHE 1;


--
-- TOC entry 24 (OID 113639146)
-- Name: ix_dataelement_slkuwhere_seq; Type: SEQUENCE; Schema: public; Owner: postgres
--

CREATE SEQUENCE ix_dataelement_slkuwhere_seq
    START WITH 1
    INCREMENT BY 1
    MAXVALUE 2147483647
    NO MINVALUE
    CACHE 1;


--
-- TOC entry 26 (OID 113639148)
-- Name: ix_patient_patientkey_seq; Type: SEQUENCE; Schema: public; Owner: postgres
--

CREATE SEQUENCE ix_patient_patientkey_seq
    START WITH 1
    INCREMENT BY 1
    MAXVALUE 2147483647
    NO MINVALUE
    CACHE 1;


--
-- TOC entry 28 (OID 113639150)
-- Name: ix_admissions_admissionkey_seq; Type: SEQUENCE; Schema: public; Owner: postgres
--

CREATE SEQUENCE ix_admissions_admissionkey_seq
    INCREMENT BY 1
    MAXVALUE 2147483647
    NO MINVALUE
    CACHE 1;


--
-- TOC entry 30 (OID 113639152)
-- Name: ix_study_studykey_seq; Type: SEQUENCE; Schema: public; Owner: postgres
--

CREATE SEQUENCE ix_study_studykey_seq
    INCREMENT BY 1
    MAXVALUE 2147483647
    NO MINVALUE
    CACHE 1;


--
-- TOC entry 32 (OID 113639154)
-- Name: ix_protein_seq; Type: SEQUENCE; Schema: public; Owner: postgres
--

CREATE SEQUENCE ix_protein_seq
    START WITH 1
    INCREMENT BY 1
    MAXVALUE 2147483647
    NO MINVALUE
    CACHE 1;


--
-- TOC entry 34 (OID 113639156)
-- Name: ix_smartform_depool_seq; Type: SEQUENCE; Schema: public; Owner: postgres
--

CREATE SEQUENCE ix_smartform_depool_seq
    INCREMENT BY 1
    MAXVALUE 2147483647
    NO MINVALUE
    CACHE 1;


--
-- TOC entry 36 (OID 113639158)
-- Name: ix_inv_site_seq; Type: SEQUENCE; Schema: public; Owner: postgres
--

CREATE SEQUENCE ix_inv_site_seq
    INCREMENT BY 1
    MAXVALUE 2147483647
    NO MINVALUE
    CACHE 1;


--
-- TOC entry 38 (OID 113639160)
-- Name: ix_smartform_dataelemts_seq; Type: SEQUENCE; Schema: public; Owner: postgres
--

CREATE SEQUENCE ix_smartform_dataelemts_seq
    INCREMENT BY 1
    MAXVALUE 2147483647
    NO MINVALUE
    CACHE 1;


--
-- TOC entry 40 (OID 113639162)
-- Name: ix_bio_transactions_seq; Type: SEQUENCE; Schema: public; Owner: postgres
--

CREATE SEQUENCE ix_bio_transactions_seq
    INCREMENT BY 1
    MAXVALUE 2147483647
    NO MINVALUE
    CACHE 1;


--
-- TOC entry 42 (OID 113639164)
-- Name: ix_biospecimen_smartform_seq; Type: SEQUENCE; Schema: public; Owner: postgres
--

CREATE SEQUENCE ix_biospecimen_smartform_seq
    INCREMENT BY 1
    MAXVALUE 2147483647
    NO MINVALUE
    CACHE 1;


--
-- TOC entry 44 (OID 113639166)
-- Name: ix_flag_flagkey_seq; Type: SEQUENCE; Schema: public; Owner: postgres
--

CREATE SEQUENCE ix_flag_flagkey_seq
    INCREMENT BY 1
    MAXVALUE 2147483647
    NO MINVALUE
    CACHE 1;


--
-- TOC entry 46 (OID 113639168)
-- Name: ix_inv_tank_seq; Type: SEQUENCE; Schema: public; Owner: postgres
--

CREATE SEQUENCE ix_inv_tank_seq
    INCREMENT BY 1
    MAXVALUE 2147483647
    NO MINVALUE
    CACHE 1;


--
-- TOC entry 48 (OID 113639170)
-- Name: ix_vial_details_seq; Type: SEQUENCE; Schema: public; Owner: postgres
--

CREATE SEQUENCE ix_vial_details_seq
    INCREMENT BY 1
    MAXVALUE 2147483647
    NO MINVALUE
    CACHE 1;


--
-- TOC entry 50 (OID 113639172)
-- Name: ix_study_allocation_seq; Type: SEQUENCE; Schema: public; Owner: postgres
--

CREATE SEQUENCE ix_study_allocation_seq
    INCREMENT BY 1
    MAXVALUE 2147483647
    NO MINVALUE
    CACHE 1;


--
-- TOC entry 52 (OID 113639174)
-- Name: ix_studysurvey_ss_seq; Type: SEQUENCE; Schema: public; Owner: postgres
--

CREATE SEQUENCE ix_studysurvey_ss_seq
    INCREMENT BY 1
    MAXVALUE 2147483647
    NO MINVALUE
    CACHE 1;


--
-- TOC entry 54 (OID 113639176)
-- Name: ix_appointments_appkey_seq; Type: SEQUENCE; Schema: public; Owner: postgres
--

CREATE SEQUENCE ix_appointments_appkey_seq
    INCREMENT BY 1
    MAXVALUE 2147483647
    NO MINVALUE
    CACHE 1;


--
-- TOC entry 56 (OID 113639178)
-- Name: ix_smartform_options_seq; Type: SEQUENCE; Schema: public; Owner: postgres
--

CREATE SEQUENCE ix_smartform_options_seq
    INCREMENT BY 1
    MAXVALUE 2147483647
    NO MINVALUE
    CACHE 1;


--
-- TOC entry 58 (OID 113639180)
-- Name: ix_attachments_attachment_seq; Type: SEQUENCE; Schema: public; Owner: postgres
--

CREATE SEQUENCE ix_attachments_attachment_seq
    INCREMENT BY 1
    MAXVALUE 2147483647
    NO MINVALUE
    CACHE 1;


--
-- TOC entry 60 (OID 113639182)
-- Name: ix_inv_box_seq; Type: SEQUENCE; Schema: public; Owner: postgres
--

CREATE SEQUENCE ix_inv_box_seq
    INCREMENT BY 1
    MAXVALUE 2147483647
    NO MINVALUE
    CACHE 1;


--
-- TOC entry 62 (OID 113639184)
-- Name: ix_consent_study_cstudykey_seq; Type: SEQUENCE; Schema: public; Owner: postgres
--

CREATE SEQUENCE ix_consent_study_cstudykey_seq
    START WITH 1
    INCREMENT BY 1
    MAXVALUE 2147483647
    NO MINVALUE
    CACHE 1;


--
-- TOC entry 64 (OID 113639186)
-- Name: ix_survey_surveykey_seq; Type: SEQUENCE; Schema: public; Owner: postgres
--

CREATE SEQUENCE ix_survey_surveykey_seq
    START WITH 1
    INCREMENT BY 1
    MAXVALUE 2147483647
    NO MINVALUE
    CACHE 1;


--
-- TOC entry 66 (OID 113639188)
-- Name: ix_ethics_study_key_seq; Type: SEQUENCE; Schema: public; Owner: postgres
--

CREATE SEQUENCE ix_ethics_study_key_seq
    INCREMENT BY 1
    MAXVALUE 2147483647
    NO MINVALUE
    CACHE 1;


--
-- TOC entry 68 (OID 113639190)
-- Name: ix_inv_cell_seq; Type: SEQUENCE; Schema: public; Owner: postgres
--

CREATE SEQUENCE ix_inv_cell_seq
    INCREMENT BY 1
    MAXVALUE 2147483647
    NO MINVALUE
    CACHE 1;


--
-- TOC entry 70 (OID 113639192)
-- Name: ix_smartform_optionpool_seq; Type: SEQUENCE; Schema: public; Owner: postgres
--

CREATE SEQUENCE ix_smartform_optionpool_seq
    INCREMENT BY 1
    MAXVALUE 2147483647
    NO MINVALUE
    CACHE 1;


--
-- TOC entry 72 (OID 113639194)
-- Name: ix_antibody_seq; Type: SEQUENCE; Schema: public; Owner: postgres
--

CREATE SEQUENCE ix_antibody_seq
    START WITH 1
    INCREMENT BY 1
    MAXVALUE 2147483647
    NO MINVALUE
    CACHE 1;


--
-- TOC entry 74 (OID 113639196)
-- Name: ix_notes_seq; Type: SEQUENCE; Schema: public; Owner: postgres
--

CREATE SEQUENCE ix_notes_seq
    START WITH 1
    INCREMENT BY 1
    MAXVALUE 2147483647
    NO MINVALUE
    CACHE 1;


--
-- TOC entry 76 (OID 113639198)
-- Name: ix_smartform_dataelemtoptn_seq; Type: SEQUENCE; Schema: public; Owner: postgres
--

CREATE SEQUENCE ix_smartform_dataelemtoptn_seq
    INCREMENT BY 1
    MAXVALUE 2147483647
    NO MINVALUE
    CACHE 1;


--
-- TOC entry 78 (OID 113639200)
-- Name: ix_vial_calculation_seq; Type: SEQUENCE; Schema: public; Owner: postgres
--

CREATE SEQUENCE ix_vial_calculation_seq
    INCREMENT BY 1
    MAXVALUE 2147483647
    NO MINVALUE
    CACHE 1;


--
-- TOC entry 80 (OID 113639202)
-- Name: ix_bio_transaction_governr_seq; Type: SEQUENCE; Schema: public; Owner: postgres
--

CREATE SEQUENCE ix_bio_transaction_governr_seq
    START WITH 1
    INCREMENT BY 1
    MAXVALUE 2147483647
    NO MINVALUE
    CACHE 1;


--
-- TOC entry 82 (OID 113639204)
-- Name: ix_diagnosis_seq; Type: SEQUENCE; Schema: public; Owner: postgres
--

CREATE SEQUENCE ix_diagnosis_seq
    INCREMENT BY 1
    MAXVALUE 2147483647
    NO MINVALUE
    CACHE 1;


--
-- TOC entry 84 (OID 113639206)
-- Name: ix_icdcodes_seq; Type: SEQUENCE; Schema: public; Owner: postgres
--

CREATE SEQUENCE ix_icdcodes_seq
    INCREMENT BY 1
    MAXVALUE 2147483647
    NO MINVALUE
    CACHE 1;


--
-- TOC entry 86 (OID 113639208)
-- Name: ix_listofvalues_lovkey_seq; Type: SEQUENCE; Schema: public; Owner: postgres
--

CREATE SEQUENCE ix_listofvalues_lovkey_seq
    INCREMENT BY 1
    MAXVALUE 2147483647
    NO MINVALUE
    CACHE 1;


--
-- TOC entry 88 (OID 113639210)
-- Name: ix_profile_profilekey_seq; Type: SEQUENCE; Schema: public; Owner: postgres
--

CREATE SEQUENCE ix_profile_profilekey_seq
    INCREMENT BY 1
    MAXVALUE 2147483647
    NO MINVALUE
    CACHE 1;


--
-- TOC entry 90 (OID 113639212)
-- Name: ix_userprofilekey_seq; Type: SEQUENCE; Schema: public; Owner: postgres
--

CREATE SEQUENCE ix_userprofilekey_seq
    INCREMENT BY 1
    MAXVALUE 2147483647
    NO MINVALUE
    CACHE 1;


--
-- TOC entry 92 (OID 113639214)
-- Name: ix_group_groupkey_seq; Type: SEQUENCE; Schema: public; Owner: postgres
--

CREATE SEQUENCE ix_group_groupkey_seq
    INCREMENT BY 1
    MAXVALUE 2147483647
    NO MINVALUE
    CACHE 1;


--
-- TOC entry 94 (OID 113639216)
-- Name: ix_log_seq; Type: SEQUENCE; Schema: public; Owner: postgres
--

CREATE SEQUENCE ix_log_seq
    INCREMENT BY 1
    MAXVALUE 2147483647
    NO MINVALUE
    CACHE 1;


--
-- TOC entry 96 (OID 113639218)
-- Name: ix_favourite_query_seq; Type: SEQUENCE; Schema: public; Owner: postgres
--

CREATE SEQUENCE ix_favourite_query_seq
    INCREMENT BY 1
    MAXVALUE 2147483647
    NO MINVALUE
    CACHE 1;


--
-- TOC entry 98 (OID 113639220)
-- Name: ix_authorisation_seq; Type: SEQUENCE; Schema: public; Owner: postgres
--

CREATE SEQUENCE ix_authorisation_seq
    INCREMENT BY 1
    MAXVALUE 2147483647
    NO MINVALUE
    CACHE 1;


--
-- TOC entry 100 (OID 113639222)
-- Name: ix_activity_activitykey_seq; Type: SEQUENCE; Schema: public; Owner: postgres
--

CREATE SEQUENCE ix_activity_activitykey_seq
    INCREMENT BY 1
    NO MAXVALUE
    NO MINVALUE
    CACHE 1;


--
-- TOC entry 204 (OID 113639224)
-- Name: ix_vial_calculation; Type: TABLE; Schema: public; Owner: postgres
--

CREATE TABLE ix_vial_calculation (
    "VIALCALCULATIONKEY" bigint DEFAULT nextval('"ix_vial_calculation_seq"'::text) NOT NULL,
    "BIOSPECIMENKEY" bigint,
    "CLINICALSTATCALC" integer,
    "CLINICALSTATCALCMONTH" double precision DEFAULT 0,
    "MANUALCELLCOUNT" bigint,
    "DILLUTIONFACTOR" bigint,
    "COLLECTIONTUBE" character varying(20),
    "MLSCOLLECTIONTUBE" double precision DEFAULT 0,
    "MLSANTICOSGULANT" double precision DEFAULT 0,
    "CONCENTRATION" bigint,
    "TOTALMLSBM" double precision DEFAULT 0,
    "SECONDLOOK" bigint,
    "MRDWASH" character varying(10),
    "MRDRNA" character varying(10),
    "DATEOFCALCULATION" date,
    "USERNAME" character varying(55),
    "BIOSPECIMENKEYS" text,
    "BIOSPECIMENIDS" text,
    "LOCATIONS" text,
    "LOCATIONIDS" text,
    "DELETED" integer DEFAULT 0,
    "TIMESTAMP" character varying(55) DEFAULT timeofday(),
    "MLSRESUSPENDED" double precision,
    "MLSSUSPENDED" double precision,
    "CELLML" double precision,
    "TOTALCELLCOUNT" double precision,
    "VIALSTORED" integer,
    "SURVIVALPERIOD" character varying(50),
    "CLINICALSTATUS" character varying(50),
    "GDNA" bigint,
    "PLASMA" bigint,
    "TRAYKEY" character varying(1000),
    "SAVED" integer DEFAULT 0,
    "SAMPLEWEIGHTING" integer,
    "SPLEWEIGHTPERVIAL" integer
);


SET check_function_bodies = false;

--
-- TOC entry 326 (OID 113639236)
-- Name: invavail(); Type: FUNCTION; Schema: public; Owner: postgres
--

CREATE FUNCTION invavail() RETURNS integer
    AS '

    DECLARE
                res RECORD;
                count integer;
BEGIN

        count := 1;

        -- For every tank
        FOR res IN select * from ix_inv_tank LOOP
		UPDATE ix_inv_tank SET "AVAILABLE"=res."CAPACITY" where "TANKKEY"=res."TANKKEY";
		count := count + 1;
	END LOOP;

        -- For every box
        FOR res IN select * from ix_inv_box LOOP
		UPDATE ix_inv_box SET "AVAILABLE"=res."CAPACITY" where "BOXKEY"=res."BOXKEY";
		count := count + 1;
	END LOOP;

        -- For every tray
        FOR res IN select * from ix_inv_tray LOOP
		UPDATE ix_inv_tray SET "AVAILABLE"=res."CAPACITY" where "TRAYKEY"=res."TRAYKEY";
		count := count + 1;
	END LOOP;

        RETURN count;

END;
'
    LANGUAGE plpgsql;


SET SESSION AUTHORIZATION 'akattan';

--
-- TOC entry 102 (OID 113641762)
-- Name: ix_inv_history_seq; Type: SEQUENCE; Schema: public; Owner: akattan
--

CREATE SEQUENCE ix_inv_history_seq
    START WITH 1
    INCREMENT BY 1
    MAXVALUE 2147483647
    NO MINVALUE
    CACHE 1;


--
-- TOC entry 104 (OID 113641764)
-- Name: ix_inv_cell_history_seq; Type: SEQUENCE; Schema: public; Owner: akattan
--

CREATE SEQUENCE ix_inv_cell_history_seq
    START WITH 1
    INCREMENT BY 1
    MAXVALUE 2147483647
    NO MINVALUE
    CACHE 1;


--
-- TOC entry 205 (OID 113641766)
-- Name: ix_inv_history; Type: TABLE; Schema: public; Owner: akattan
--

CREATE TABLE ix_inv_history (
    "HISTORYKEY" bigint DEFAULT nextval('"ix_inv_history_seq"'::text) NOT NULL,
    "HISTORYDATE" date NOT NULL,
    "USER" character varying(100),
    "ROLLBACK" integer DEFAULT 0,
    "DELETED" integer DEFAULT 0,
    "TIMESTAMP" character varying(55) DEFAULT timeofday()
);


--
-- TOC entry 206 (OID 113641772)
-- Name: ix_inv_cell_history; Type: TABLE; Schema: public; Owner: akattan
--

CREATE TABLE ix_inv_cell_history (
    "CELLHISTKEY" bigint DEFAULT nextval('"ix_inv_cell_history_seq"'::text) NOT NULL,
    "HISTORYKEY" bigint NOT NULL,
    "BIOSPECIMENKEY" bigint NOT NULL,
    "OLD_CELLKEY" bigint NOT NULL,
    "NEW_CELLKEY" bigint NOT NULL,
    "ROLLBACK" integer DEFAULT 0,
    "DELETED" integer DEFAULT 0,
    "TIMESTAMP" character varying(55) DEFAULT timeofday()
);


--
-- TOC entry 106 (OID 113641803)
-- Name: ix_collection_groupkey_seq; Type: SEQUENCE; Schema: public; Owner: akattan
--

CREATE SEQUENCE ix_collection_groupkey_seq
    START WITH 1
    INCREMENT BY 1
    MAXVALUE 2147483647
    NO MINVALUE
    CACHE 1;


--
-- TOC entry 207 (OID 113641805)
-- Name: ix_collection_group; Type: TABLE; Schema: public; Owner: akattan
--

CREATE TABLE ix_collection_group (
    "GROUPKEY" bigint DEFAULT nextval('"ix_collection_groupkey_seq"'::text) NOT NULL,
    "COLLECTIONGROUP" character varying(50) NOT NULL,
    "EPISODE_NUM" character varying(50) NOT NULL,
    "PATIENTKEY" bigint NOT NULL,
    "DELETED" integer DEFAULT 0,
    "TIMESTAMP" character varying(55) DEFAULT timeofday()
);


--
-- TOC entry 208 (OID 113641852)
-- Name: ix_report; Type: TABLE; Schema: public; Owner: akattan
--

CREATE TABLE ix_report (
    "REPORTKEY" bigint DEFAULT nextval('"ix_report_seq"'::text) NOT NULL,
    "REPORTCATKEY" bigint,
    "NAME" text,
    "QUERY" text,
    "DESCRIPTION" text,
    "MDXQUERYFILE" text,
    "DELETED" integer DEFAULT 0,
    "TIMESTAMP" character varying(55) DEFAULT timeofday(),
    "OLAPSCHEMAFILE" text
);


--
-- TOC entry 209 (OID 113641860)
-- Name: ix_report_category; Type: TABLE; Schema: public; Owner: akattan
--

CREATE TABLE ix_report_category (
    "REPORTCATKEY" bigint DEFAULT nextval('"ix_report_category_seq"'::text) NOT NULL,
    "PARENTKEY" bigint DEFAULT -1,
    "NAME" text,
    "DESCRIPTION" text,
    "DELETED" integer DEFAULT 0,
    "TIMESTAMP" character varying(55) DEFAULT timeofday()
);


--
-- TOC entry 210 (OID 113641869)
-- Name: ix_report_parameters; Type: TABLE; Schema: public; Owner: akattan
--

CREATE TABLE ix_report_parameters (
    "REPORT_PARAMETER_KEY" bigint DEFAULT nextval('"ix_report_parameters_seq"'::text) NOT NULL,
    "SCHEMANAME" text,
    "NAME" text,
    "TYPE" text,
    "OPERATOR" text,
    "REPORT_KEY" bigint,
    "DELETED" integer DEFAULT 0,
    "TIMESTAMP" character varying(55) DEFAULT timeofday(),
    "ALLOWOPERATOR" text
);


--
-- TOC entry 108 (OID 113641881)
-- Name: ix_report_category_seq; Type: SEQUENCE; Schema: public; Owner: akattan
--

CREATE SEQUENCE ix_report_category_seq
    START WITH 1
    INCREMENT BY 1
    MAXVALUE 2147483647
    NO MINVALUE
    CACHE 1;


--
-- TOC entry 110 (OID 113641883)
-- Name: ix_report_seq; Type: SEQUENCE; Schema: public; Owner: akattan
--

CREATE SEQUENCE ix_report_seq
    START WITH 1
    INCREMENT BY 1
    MAXVALUE 2147483647
    NO MINVALUE
    CACHE 1;


--
-- TOC entry 112 (OID 113641903)
-- Name: ix_dataelement_slku_field_seq; Type: SEQUENCE; Schema: public; Owner: akattan
--

CREATE SEQUENCE ix_dataelement_slku_field_seq
    INCREMENT BY 1
    MAXVALUE 2147483647
    NO MINVALUE
    CACHE 1;


--
-- TOC entry 114 (OID 113641905)
-- Name: ix_dataelement_slku_where_seq; Type: SEQUENCE; Schema: public; Owner: akattan
--

CREATE SEQUENCE ix_dataelement_slku_where_seq
    INCREMENT BY 1
    MAXVALUE 2147483647
    NO MINVALUE
    CACHE 1;


--
-- TOC entry 211 (OID 113641909)
-- Name: ix_system_configuration; Type: TABLE; Schema: public; Owner: akattan
--

CREATE TABLE ix_system_configuration (
    "SYSCONFIGKEY" bigint DEFAULT nextval('"ix_sys_cfg_seq"'::text) NOT NULL,
    "CONFIGNAME" character varying(50),
    "DESCRIPTION" character varying(200),
    "VALUE" character varying(50),
    "DELETED" integer DEFAULT 0,
    "TIMESTAMP" character varying(55) DEFAULT timeofday()
);


--
-- TOC entry 116 (OID 113641918)
-- Name: ix_sys_cfg_seq; Type: SEQUENCE; Schema: public; Owner: akattan
--

CREATE SEQUENCE ix_sys_cfg_seq
    START WITH 7
    INCREMENT BY 1
    NO MAXVALUE
    NO MINVALUE
    CACHE 1;


SET SESSION AUTHORIZATION 'postgres';

--
-- Data for TOC entry 327 (OID 113638636)
-- Name: ix_activity; Type: TABLE DATA; Schema: public; Owner: postgres
--

COPY ix_activity ("ACTIVITYKEY", "NAME", "DESCRIPTION", "DELETED", "TIMESTAMP") FROM stdin;
2	patient_add	Patient - Add	0	Mon Sep 22 22:04:41.708305 2003 AUSEST
3	patient_search	Patient - Search	0	Mon Sep 22 22:04:41.709305 2003 AUSEST
4	patient_view	Patient - View	0	Mon Sep 22 22:04:41.709305 2003 AUSEST
7	patient_study	Patient - View surveys for a patient to complete	0	Mon Sep 22 22:04:41.709305 2003 AUSEST
8	patient_delete	Patient - Delete	0	Mon Sep 22 22:04:41.709305 2003 AUSEST
9	patient_save	Patient - Edit	0	Mon Sep 22 22:04:41.710305 2003 AUSEST
10	study_add	Study - Add	0	Mon Sep 22 22:04:41.710305 2003 AUSEST
11	study_search	Study - Search	0	Mon Sep 22 22:04:41.710305 2003 AUSEST
12	study_view	Study - View	0	Mon Sep 22 22:04:41.710305 2003 AUSEST
13	study_update	Study - Update	0	Mon Sep 22 22:04:41.710305 2003 AUSEST
14	study_delete	Study - Delete	0	Mon Sep 22 22:04:41.711305 2003 AUSEST
15	study_ethics_view	Study - View ethics	0	Mon Sep 22 22:04:41.711305 2003 AUSEST
16	survey_add	Survey - Add	0	Mon Sep 22 22:04:41.711305 2003 AUSEST
17	survey_view	Survey - View	0	Mon Sep 22 22:04:41.711305 2003 AUSEST
18	survey_search	Survey - Search	0	Mon Sep 22 22:04:41.711305 2003 AUSEST
19	survey_delete	Survey - Delete	0	Mon Sep 22 22:04:41.711305 2003 AUSEST
20	survey_questions	Survey - View questions	0	Mon Sep 22 22:04:41.712305 2003 AUSEST
21	survey_complete	Survey - Enter data for survey	0	Mon Sep 22 22:04:41.712305 2003 AUSEST
22	survey_edit	Survey - Edit	0	Mon Sep 22 22:04:41.712305 2003 AUSEST
23	microarray_list	Microarray - List Projects	0	Mon Sep 22 22:04:41.712305 2003 AUSEST
24	experiment_view	Microarray - View Experiments	0	Mon Sep 22 22:04:41.712305 2003 AUSEST
25	attachment_add	Microarray - Add Attachments	0	Mon Sep 22 22:04:41.712305 2003 AUSEST
26	attachment_delete	Microarray - Delete Attachments	0	Mon Sep 22 22:04:41.713305 2003 AUSEST
27	microarray_delete	Microarray - Delete Microarrays	0	Mon Sep 22 22:04:41.713305 2003 AUSEST
28	project_view	Microarray - View  Projects	0	Mon Sep 22 22:04:41.713305 2003 AUSEST
29	project_add	Microarray - Add Projects	0	Mon Sep 22 22:04:41.713305 2003 AUSEST
30	project_delete	Microarray - Delete Projects	0	Mon Sep 22 22:04:41.713305 2003 AUSEST
31	experiment_add	Microarray - Add Experiments	0	Mon Sep 22 22:04:41.714305 2003 AUSEST
32	experiment_delete	Microarray - Delete Experiments	0	Mon Sep 22 22:04:41.714305 2003 AUSEST
33	biospecimen_add	Biospecimen - Add	0	Mon Sep 22 22:04:41.714305 2003 AUSEST
34	biospecimen_view	Biospecimen - View	0	Mon Sep 22 22:04:41.714305 2003 AUSEST
35	BiospecimenViewPatient	Biospecimen - List By Patient	0	Mon Sep 22 22:04:41.714305 2003 AUSEST
36	biospecimen_search	Biospecimen - Search	0	Mon Sep 22 22:04:41.714305 2003 AUSEST
37	biospecimen_update	Biospecimen - Save	0	Mon Sep 22 22:04:41.715305 2003 AUSEST
38	biospecimen_delete	Biospecimen - Delete	0	Mon Sep 22 22:04:41.715305 2003 AUSEST
39	LIST_OF_VALUES_ACCESS	General - View lists of values.	0	Mon Sep 22 22:04:41.715305 2003 AUSEST
40	LIST_OF_VALUES_EDIT	Administration - Edit lists of values	0	Mon Sep 22 22:04:41.715305 2003 AUSEST
41	process_list	Administration - List job processes	0	Mon Sep 22 22:04:41.715305 2003 AUSEST
42	template_new	Integration - Permission for import data	0	Mon Sep 22 22:04:41.716305 2003 AUSEST
43	template_view	Integration - Permission to view templates	0	Mon Sep 22 22:04:41.716305 2003 AUSEST
44	template_create	Integration - Create templates	0	Mon Sep 22 22:04:41.716305 2003 AUSEST
45	import_upload_file	Integration - Import files	0	Mon Sep 22 22:04:41.716305 2003 AUSEST
46	inventory_view	View inventory	0	Mon Sep 22 23:13:06.959305 2003 AUSEST
47	inventory_insert	Insert inventory element	0	Thu Nov 06 16:24:44.048166 2003 AUSEST
48	inventory_update	Update inventory element	0	Thu Nov 06 16:24:44.048166 2003 AUSEST
49	inventory_delete	Delete inventory element	0	Thu Nov 06 16:24:44.049166 2003 AUSEST
50	do_search	Permission to search database	0	Fri Nov 07 11:25:50.589963 2003 AUSEST
52	usergroup_admin	Admin Channel for User Group Management	0	Mon Dec 15 17:19:33.297424 2003 AUSEST
107	biospecimen_attachments	Biospecimen - Attachments	0	Tue Jun 08 13:08:56.098513 2004 EST
108	view_preferences	Admin - View Preferences	0	Tue Aug 10 14:40:40.190088 2004 EST
109	smartform_add	Smartform - Add	0	Tue Aug 10 14:58:47.554766 2004 EST
110	smartform_view	Smartform - View	0	Tue Aug 10 14:58:47.571996 2004 EST
111	smartform_update	Smartform - Update	0	Tue Aug 10 14:58:47.578850 2004 EST
112	smartform_delete	Smartform - Delete	0	Tue Aug 10 14:58:47.582603 2004 EST
113	smartform_complete	Smartform - Complete	0	Tue Aug 10 14:58:47.586386 2004 EST
114	smartform_copy	Smartform - Copy	0	Tue Aug 10 14:58:47.590193 2004 EST
115	do_smartform_admin	Smartform Admin	0	Tue Aug 10 14:59:10.258833 2004 EST
116	smartform_admin_view	View Smartform Admin	0	Tue Aug 10 14:59:10.271900 2004 EST
117	smartform_admin_insert	Insert Smartform Admin	0	Tue Aug 10 14:59:10.275810 2004 EST
118	smartform_admin_delete	Delete Smartform Admin	0	Tue Aug 10 14:59:10.279838 2004 EST
119	smartform_admin_search	Search Smartform Admin	0	Tue Aug 10 14:59:10.284856 2004 EST
120	smartform_admin_update	Update Smartform Admin	0	Tue Aug 10 14:59:10.289916 2004 EST
121	smartform_admin_add	Add Smartform Admin	0	Tue Aug 10 14:59:10.293789 2004 EST
122	smartform_build	Build Smartform Admin	0	Tue Aug 10 14:59:10.297613 2004 EST
123	smartform_addedit_de	Add Edit DataElements in Smartform Admin	0	Tue Aug 10 14:59:10.301528 2004 EST
124	smartform_depool_insert	Insert DataElementPool in Smartform Admin	0	Tue Aug 10 14:59:10.305388 2004 EST
125	smartform_depool_view	View DataElement Pool in Smartform Admin	0	Tue Aug 10 14:59:10.309313 2004 EST
126	smartform_depool_delete	Delete DataElement Pool in Smartform Admin	0	Tue Aug 10 14:59:10.313059 2004 EST
127	smartform_depool_update	Update DataElement Pool in Smartform Admin	0	Tue Aug 10 14:59:10.316810 2004 EST
128	smartform_addedit_options	Add Edit Options in Smartform Admin	0	Tue Aug 10 14:59:10.320750 2004 EST
129	smartform_optionpool_insert	Insert OptionPool in Smartform Admin	0	Tue Aug 10 14:59:10.324635 2004 EST
130	smartform_optionpool_update	Update Option Pool in Smartform Admin	0	Tue Aug 10 14:59:10.328515 2004 EST
131	smartform_optionpool_delete	Delete OptionPool in Smartform Admin	0	Tue Aug 10 14:59:10.333169 2004 EST
132	inventory_addSite	Inventory Add Site	0	Mon Aug 23 13:08:49.019487 2004 EST
133	inventory_addTank	Inventory Add Tank	0	Mon Aug 23 13:08:49.022380 2004 EST
134	inventory_addBox	Inventory Add Box	0	Mon Aug 23 13:08:49.025178 2004 EST
135	inventory_addTray	Inventory Add Tray	0	Mon Aug 23 13:08:49.027928 2004 EST
136	biospecimen_analysis	Biospecimen Analysis	0	Mon Aug 23 13:08:49.213361 2004 EST
138	cucms_edit	CuCms - Access	0	Thu Aug 26 14:26:46.642204 2004 EST
139	do_isearch	Perform Intelligent Search	0	Tue Sep 28 10:39:17.454328 2004 EST
140	biospecimen_view_inventory	biospecimen_view_inventory	0	Tue Apr 26 11:15:54.680374 2005 AUSEST
141	biospecimen_view_transactions	biospecimen_view_transactions	0	Tue Apr 26 11:16:54.685374 2005 AUSEST
142	deliver_quantity	deliver_quantity	0	Tue Apr 26 11:17:09.411374 2005 AUSEST
302	biospecimen_attachments_add	biospecimen_attachments_add	0	Tue Apr 26 21:37:32.804608 2005 AUSEST
303	biospecimen_attachments_delete	biospecimen_attachments_delete	0	Tue Apr 26 21:37:43.696608 2005 AUSEST
304	batch_clone	batch_clone	0	Tue Apr 26 22:22:38.714608 2005 AUSEST
305	batch_quantity	batch_quantity	0	Thu Apr 28 13:52:42.008786 2005 EST
306	smartform_id_1_add	Smartform Admin - SmartformId Add	0	Thu Apr 28 18:02:32.370776 2005 EST
307	smartform_id_1_edit	Smartform Admin - SmartformId Edit	0	Thu Apr 28 18:02:32.390372 2005 EST
308	smartform_id_1_delete	Smartform Admin - SmartformId Delete	0	Thu Apr 28 18:02:32.399756 2005 EST
309	smartform_id_1_search	Smartform Admin - SmartformId Search	0	Thu Apr 28 18:02:32.410506 2005 EST
310	smartform_id_1_view	Smartform Admin - SmartformId View	0	Thu Apr 28 18:02:32.433158 2005 EST
311	smartform_id_1_copy	Smartform Admin - SmartformId Copy	0	Thu Apr 28 18:02:32.442583 2005 EST
312	smartform_id_2_add	Smartform Admin - SmartformId Add	0	Thu Apr 28 18:02:50.073862 2005 EST
313	smartform_id_2_edit	Smartform Admin - SmartformId Edit	0	Thu Apr 28 18:02:50.083127 2005 EST
314	smartform_id_2_delete	Smartform Admin - SmartformId Delete	0	Thu Apr 28 18:02:50.092442 2005 EST
315	smartform_id_2_search	Smartform Admin - SmartformId Search	0	Thu Apr 28 18:02:50.101653 2005 EST
316	smartform_id_2_view	Smartform Admin - SmartformId View	0	Thu Apr 28 18:02:50.110917 2005 EST
317	smartform_id_2_copy	Smartform Admin - SmartformId Copy	0	Thu Apr 28 18:02:50.120224 2005 EST
318	smartform_id_3_add	Smartform Admin - SmartformId Add	0	Thu Apr 28 18:03:50.549841 2005 EST
319	smartform_id_3_edit	Smartform Admin - SmartformId Edit	0	Thu Apr 28 18:03:50.563689 2005 EST
320	smartform_id_3_delete	Smartform Admin - SmartformId Delete	0	Thu Apr 28 18:03:50.572974 2005 EST
321	smartform_id_3_search	Smartform Admin - SmartformId Search	0	Thu Apr 28 18:03:50.582212 2005 EST
322	smartform_id_3_view	Smartform Admin - SmartformId View	0	Thu Apr 28 18:03:50.591433 2005 EST
323	smartform_id_3_copy	Smartform Admin - SmartformId Copy	0	Thu Apr 28 18:03:50.600720 2005 EST
324	PATIENT_strFirstName	Field security - (Patient)First Name	0	Sun May 01 14:12:34.210540 2005 EST
325	PATIENT_dtDob	Field security - (Patient)Date Of Birth	0	Sun May 01 14:12:34.225543 2005 EST
326	PATIENT_strCauseOfDeath	Field security - (Patient)Cause Of Death	0	Sun May 01 14:12:34.225682 2005 EST
327	PATIENT_strPatientID	Field security - (Patient)Patient ID	0	Sun May 01 14:12:34.227105 2005 EST
328	PATIENT_strMedicareNo	Field security - (Patient)Medicare No	0	Sun May 01 14:12:34.227257 2005 EST
329	PATIENT_strHospitalUR	Field security - (Patient)Hospital UR	0	Sun May 01 14:12:34.227377 2005 EST
330	PATIENT_strHospital	Field security - (Patient)Hospital	0	Sun May 01 14:12:34.227497 2005 EST
331	PATIENT_strTitle	Field security - (Patient)Title	0	Sun May 01 14:12:34.227616 2005 EST
332	PATIENT_strSurname	Field security - (Patient)Surname	0	Sun May 01 14:12:34.227745 2005 EST
333	PATIENT_strSex	Field security - (Patient)Sex	0	Sun May 01 14:12:34.227871 2005 EST
334	PATIENT_strSpecies	Field security - (Patient)Species	0	Sun May 01 14:12:34.227998 2005 EST
335	PATIENT_strAddressLine1	Field security - (Patient)Address Line 1	0	Sun May 01 14:12:34.228124 2005 EST
336	PATIENT_strAddressSuburb	Field security - (Patient)Suburb	0	Sun May 01 14:12:34.228264 2005 EST
337	PATIENT_strAddressState	Field security - (Patient)State	0	Sun May 01 14:12:34.228391 2005 EST
338	PATIENT_strAddressOtherState	Field security - (Patient)Other State	0	Sun May 01 14:12:34.228517 2005 EST
339	PATIENT_strAddressCountry	Field security - (Patient)Country	0	Sun May 01 14:12:34.228641 2005 EST
340	PATIENT_strAddressOtherCountry	Field security - (Patient)Other Country	0	Sun May 01 14:12:34.228774 2005 EST
341	PATIENT_intAddressPostCode	Field security - (Patient)Postcode	0	Sun May 01 14:12:34.228901 2005 EST
342	PATIENT_intPhoneHome	Field security - (Patient)Home Phone	0	Sun May 01 14:12:34.229020 2005 EST
343	PATIENT_intPhoneWork	Field security - (Patient)Work Phone	0	Sun May 01 14:12:34.229167 2005 EST
344	PATIENT_intPhoneMobile	Field security - (Patient)Mobile	0	Sun May 01 14:12:34.229296 2005 EST
345	PATIENT_strComments	Field security - (Patient)Comments	0	Sun May 01 14:12:34.229429 2005 EST
347	PATIENT_strStatus	Field security - (Patient)Status	0	Sun May 01 14:12:34.229685 2005 EST
348	PATIENT_dtDateOfDeath	Field security - (Patient)Date Of Death	0	Sun May 01 14:12:34.229812 2005 EST
150	biospecimen_clone	biospecimen clone	0	Mon May 02 14:26:33.858726 2005 EST
151	smartform_id_4_add	Smartform Admin - SmartformId Add	0	Fri May 06 15:20:34.180583 2005 EST
152	smartform_id_4_edit	Smartform Admin - SmartformId Edit	0	Fri May 06 15:20:34.197239 2005 EST
153	smartform_id_4_delete	Smartform Admin - SmartformId Delete	0	Fri May 06 15:20:34.199237 2005 EST
154	smartform_id_4_search	Smartform Admin - SmartformId Search	0	Fri May 06 15:20:34.201405 2005 EST
155	smartform_id_4_view	Smartform Admin - SmartformId View	0	Fri May 06 15:20:34.203412 2005 EST
156	smartform_id_4_copy	Smartform Admin - SmartformId Copy	0	Fri May 06 15:20:34.205419 2005 EST
157	smartform_id_5_add	Smartform Admin - SmartformId Add	0	Mon May 09 11:26:32.555732 2005 EST
158	smartform_id_5_edit	Smartform Admin - SmartformId Edit	0	Mon May 09 11:26:32.572500 2005 EST
159	smartform_id_5_delete	Smartform Admin - SmartformId Delete	0	Mon May 09 11:26:32.574608 2005 EST
160	smartform_id_5_search	Smartform Admin - SmartformId Search	0	Mon May 09 11:26:32.576744 2005 EST
161	smartform_id_5_view	Smartform Admin - SmartformId View	0	Mon May 09 11:26:32.578837 2005 EST
162	smartform_id_5_copy	Smartform Admin - SmartformId Copy	0	Mon May 09 11:26:32.580935 2005 EST
163	smartform_id_6_add	Smartform Admin - SmartformId Add	0	Thu May 12 16:28:20.026774 2005 EST
164	smartform_id_6_edit	Smartform Admin - SmartformId Edit	0	Thu May 12 16:28:20.039061 2005 EST
165	smartform_id_6_delete	Smartform Admin - SmartformId Delete	0	Thu May 12 16:28:20.041072 2005 EST
166	smartform_id_6_search	Smartform Admin - SmartformId Search	0	Thu May 12 16:28:20.043036 2005 EST
167	smartform_id_6_view	Smartform Admin - SmartformId View	0	Thu May 12 16:28:20.044978 2005 EST
168	smartform_id_6_copy	Smartform Admin - SmartformId Copy	0	Thu May 12 16:28:20.046986 2005 EST
169	do_vial_calculation	Do vial calculation	0	Wed May 18 15:02:29.280028 2005 EST
170	inventory_change_location	Inventory - Change biospecimen location	0	Fri Feb 24 13:01:49.765810 2006 EST
171	inventory_view_history	Inventory - View History	0	Fri Feb 24 13:01:49.767509 2006 EST
172	patient_notes	Patient Notes - View Notes	0	Fri Feb 24 13:01:49.804244 2006 EST
173	patient_notes_delete	Patient Notes - Delete Notes	0	Fri Feb 24 13:01:49.805015 2006 EST
174	patient_notes_add	Patient Notes - Add Notes	0	Fri Feb 24 13:01:49.805670 2006 EST
175	patient_appointments	Patient Appointments - View Appointments	0	Fri Feb 24 13:01:49.808454 2006 EST
176	patient_appointments_delete	Patient Appointments - Delete Appointments	0	Fri Feb 24 13:01:49.809171 2006 EST
177	patient_appointments_add	Patient Appointments - Add Appointments	0	Fri Feb 24 13:01:49.809855 2006 EST
178	patient_appointments_edit	Patient Appointments - Edit an Appointments	0	Fri Feb 24 13:01:49.810518 2006 EST
179	patient_attachments	Patient Attachment - View Attachments	0	Fri Feb 24 13:01:49.812819 2006 EST
180	patient_attachments_add	Patient Attachment - Add Attachments	0	Fri Feb 24 13:01:49.813566 2006 EST
181	patient_attachments_delete	Patient Attachment - Delete Attachments	0	Fri Feb 24 13:01:49.814951 2006 EST
182	patient_consent	Patient Consent - View Consent	0	Fri Feb 24 13:01:49.818538 2006 EST
183	patient_consent_update	Patient Consent - Update Consent	0	Fri Feb 24 13:01:49.819264 2006 EST
184	patient_consent_study_add	Patient Study Consent - Add Study	0	Fri Feb 24 13:01:49.819975 2006 EST
185	patient_consent_study_delete	Patient Study Consent - Delete Study	0	Fri Feb 24 13:01:49.820631 2006 EST
186	patient_consent_study_edit	Patient Study Consent - Edit Study	0	Fri Feb 24 13:01:49.821337 2006 EST
187	patient_admissions	Admissions - View Admissions	0	Fri Feb 24 13:01:49.824616 2006 EST
188	patient_admissions_add	Admissions - Add Admissions	0	Fri Feb 24 13:01:49.825348 2006 EST
189	patient_admissions_edit	Admissions - Edit Admissions	0	Fri Feb 24 13:01:49.826180 2006 EST
190	patient_admissions_delete	Admissions - Delete Admissions	0	Fri Feb 24 13:01:49.826942 2006 EST
191	biospecimen_add_transactions	Biospecimen Transaction - Add Transactions	0	Fri Feb 24 13:01:49.963826 2006 EST
192	biospecimen_delete_transactions	Biospecimen Transaction - Delete Transactions	0	Fri Feb 24 13:01:49.966961 2006 EST
193	biospecimen_view_transactions	Biospecimen Transaction - View Transactions	0	Fri Feb 24 13:01:49.967746 2006 EST
194	biospecimen_deliver_transactions	Biospecimen Transaction - Deliver Quantity	0	Fri Feb 24 13:01:49.968386 2006 EST
195	biospecimen_notes	Biospecimen - View Notes	0	Fri Feb 24 13:01:49.982503 2006 EST
196	biospecimen_notes_add	Biospecimen - Add Notes	0	Fri Feb 24 13:01:49.983946 2006 EST
197	biospecimen_notes_delete	Biospecimen - Delete Notes	0	Fri Feb 24 13:01:49.984719 2006 EST
100	report_add	Report - Add Report	0	Thu Jan 08 10:51:13.205784 2004 EST
101	report_save	Report - Save Report	0	Thu Jan 08 10:51:17.805056 2004 EST
102	report_update	Report - Update Report	0	Thu Jan 08 10:51:26.316343 2004 EST
103	report_delete	Report - Delete Report	0	Thu Jan 08 10:51:31.206047 2004 EST
104	report_view	Report - View Report	0	Thu Jan 08 10:54:22.525788 2004 EST
198	view_hidden_list	Admin - View hidden Lists	0	Fri Feb 24 13:01:50.352439 2006 EST
199	study_settings	Study Settings	0	Fri Feb 24 13:01:50.369174 2006 EST
346	PATIENT_strEmail	Field security - (Patient)Email	0	Sun May 01 14:12:34.229559 2005 EST
\.


--
-- Data for TOC entry 328 (OID 113638641)
-- Name: ix_admissions; Type: TABLE DATA; Schema: public; Owner: postgres
--

COPY ix_admissions ("ADMISSIONKEY", "PATIENTKEY", "ADMISSIONID", "ADMISSIONDATE", "DISCHARGEDATE", "DIAG_DATE", "DELETED", "TIMESTAMP", "SURGERYDATE", "HOSPITAL_UR", "PATIENTAGE", "HOSPITAL", "REF_DOCTOR", "DIAG_CATEGORY", "PRIM_SITE", "STAGE", "RISK", "CLINC_STATUS", "COMMENTS", "REF_DOCTOR_PHONE", "REF_DOCTOR_ADDRESS", "COLLECTIONGROUPKEY", "EPISODE_NUM", "EPISODE_DESC", "COLLECTIONGROUP", "TISSUETYPE", "TISSUECLASS") FROM stdin;
\.


--
-- Data for TOC entry 329 (OID 113638649)
-- Name: ix_antibody; Type: TABLE DATA; Schema: public; Owner: postgres
--

COPY ix_antibody ("ANTIBODYKEY", "NAME", "PROTEINKEY", "DELETED", "TIMESTAMP") FROM stdin;
\.


--
-- Data for TOC entry 330 (OID 113638654)
-- Name: ix_appointments; Type: TABLE DATA; Schema: public; Owner: postgres
--

COPY ix_appointments ("APPKEY", "PATIENTKEY", "DATE", "TIME", "PURPOSE", "NOTIFY", "ALERT_DATE", "SENT_TIMESTAMP", "SURVEYKEY", "DELETED", "TIMESTAMP") FROM stdin;
\.


--
-- Data for TOC entry 331 (OID 113638663)
-- Name: ix_attachments; Type: TABLE DATA; Schema: public; Owner: postgres
--

COPY ix_attachments ("ATTACHMENTKEY", "DOMAIN", "ID", "ATTACHEDBY", "FILE_NAME", "COMMENTS", "DELETED", "TIMESTAMP") FROM stdin;
\.


--
-- Data for TOC entry 332 (OID 113638671)
-- Name: ix_bio_survey_results; Type: TABLE DATA; Schema: public; Owner: postgres
--

COPY ix_bio_survey_results ("SURVEYRESULTSKEY", "SURVEYKEY", "STUDYKEY", "PARTICIPANTID", "QUESTIONKEY", "QUESTIONORDER", "QUESTIONTYPE", "DATATEXT", "DATACHOICES", "DATANUMERIC", "DATADATE", "DELETED", "TIMESTAMP") FROM stdin;
\.


--
-- Data for TOC entry 333 (OID 113638680)
-- Name: ix_bio_transactions; Type: TABLE DATA; Schema: public; Owner: postgres
--

COPY ix_bio_transactions ("BIOTRANSACTIONKEY", "BIOSPECIMENKEY", "QUANTITY", "REASON", "DESTINATION", "TREATMENT", "UNIT", "OWNER", "RECORDER", "ACTION", "TRANSACTIONDATE", "DELETED", "TIMESTAMP", "COLLABORATOR", "STUDYKEY", "DELIVERYDATE", "STUDY", "STATUS", "FIXATIONTIME") FROM stdin;
\.


--
-- Data for TOC entry 334 (OID 113638688)
-- Name: ix_bio_transactions_governer; Type: TABLE DATA; Schema: public; Owner: postgres
--

COPY ix_bio_transactions_governer ("GOVERNERKEY", "PRIMARYSTUDYKEY", "EXTERNALSTUDYKEY", "ALLOCATETOSTUDY", "ALLOCATEFROMSTUDY", "DELETED") FROM stdin;
\.


--
-- Data for TOC entry 335 (OID 113638692)
-- Name: ix_biospecimen; Type: TABLE DATA; Schema: public; Owner: postgres
--

COPY ix_biospecimen ("BIOSPECIMENKEY", "BIOSPECIMENID", "PATIENTKEY", "PARENTKEY", "CELLKEY", "PARENTID", "SAMPLETYPE", "SAMPLESUBTYPE", "LOCATION", "SAMPLEDATE", "OTHERID", "QTY_COLLECTED", "QTY_REMOVED", "STUDYKEY", "SUBTYPEDESC", "DATEEXTRACTED", "DATEDISTRIBUTED", "SPECIES", "DELETED", "TIMESTAMP", "STORED_IN", "SAMPLE_TIME", "EXTRACTED_TIME", "GRADE", "GESTAT", "ENCOUNTER", "COMMENTS", "DEPTH", "SUBTYPELR", "ADMISSIONKEY") FROM stdin;
\.


--
-- Data for TOC entry 336 (OID 113638706)
-- Name: ix_biospecimen_smartform; Type: TABLE DATA; Schema: public; Owner: postgres
--

COPY ix_biospecimen_smartform ("BIOSPECIMENSMARTFORMKEY", "BIOSPECIMENKEY", "SMARTFORMKEY", "STUDYKEY", "DELETED", "TIMESTAMP") FROM stdin;
\.


--
-- Data for TOC entry 337 (OID 113638711)
-- Name: ix_configuration; Type: TABLE DATA; Schema: public; Owner: postgres
--

COPY ix_configuration ("CONFIGKEY", "NAME", "VALUE", "DELETED", "TIMESTAMP") FROM stdin;
\.


--
-- Data for TOC entry 338 (OID 113638719)
-- Name: ix_consent; Type: TABLE DATA; Schema: public; Owner: postgres
--

COPY ix_consent ("CONSENTKEY", "PATIENTKEY", "DELETED", "TIMESTAMP", "FUTURE_STUDY", "CONTACT_OK", "COMMENTS") FROM stdin;
\.


--
-- Data for TOC entry 339 (OID 113638729)
-- Name: ix_consent_study; Type: TABLE DATA; Schema: public; Owner: postgres
--

COPY ix_consent_study ("CSTUDYKEY", "CONSENTKEY", "STUDYKEY", "DATE_APPROVED", "RESEARCHER", "REF_DOCTOR", "FILE_NAME", "DELETED", "TIMESTAMP", "COUNTED", "APPROVED", "COMMENTS", "VERSION") FROM stdin;
\.


--
-- Data for TOC entry 340 (OID 113638737)
-- Name: ix_dataelement_pool; Type: TABLE DATA; Schema: public; Owner: postgres
--

COPY ix_dataelement_pool ("DATAELEMENTPOOL_KEY", "DATAELEMENTPOOL_NAME", "DATAELEMENTPOOL_DESCRIPTION", "DELETED", "TIMESTAMP") FROM stdin;
\.


--
-- Data for TOC entry 341 (OID 113638742)
-- Name: ix_dataelement_slku_field; Type: TABLE DATA; Schema: public; Owner: postgres
--

COPY ix_dataelement_slku_field ("DATAELEMENT_KEY", "INTERNAL_NAME", "FIELD_ORDER", "DELETED", "TIMESTAMP", "IN_DROPDOWN", "IN_DISPLAYADDNL", "DATAELEMENT_LOOKUP_FIELDKEY") FROM stdin;
\.


--
-- Data for TOC entry 342 (OID 113638746)
-- Name: ix_dataelement_slku_where; Type: TABLE DATA; Schema: public; Owner: postgres
--

COPY ix_dataelement_slku_where ("DATAELEMENT_KEY", "CONNECTOR", "FIELD", "INTERNAL_NAME", "OPERATOR", "VALUE", "WHERE_ORDER", "DELETED", "TIMESTAMP", "DATAELEMENT_LOOKUP_WHEREKEY") FROM stdin;
\.


--
-- Data for TOC entry 343 (OID 113638750)
-- Name: ix_dataelements; Type: TABLE DATA; Schema: public; Owner: postgres
--

COPY ix_dataelements ("DATAELEMENT_KEY", "DATAELEMENTPOOL_ID", "DATAELEMENT_TYPE", "DATAELEMENT_NAME", "DATAELEMENT_ORDER", "DATAELEMENT_ROW", "DATAELEMENT_COLUMN", "DATAELEMENT_DATEMAX", "DATAELEMENT_DATEMIN", "DATAELEMENT_SCRIPT", "DATAELEMENT_SYSTEMLOOKUPTYPES", "DATAELEMENT_HELP", "DATAELEMENT_DEFAULTTODAYSDATE", "DATAELEMENT_DEFAULTDATE", "DEFAULTWORKINGDAYS_OPERATOR", "DEFAULTWORKINGDAYS_NUMBER", "DEFAULTWORKINGDAYS_WDORDAYS", "DATAELEMENT_DEFAULTVALUE", "DEFAULT_SMARTFORMID", "DEFAULT_DATAELEMENTID", "DELETED", "TIMESTAMP", "MANDATORY", "DATAELEMENT_INTMAX", "DATAELEMENT_INTMIN", "CHANNEL_FUNCTIONAL_NAME", "PAGE_NAME") FROM stdin;
\.


--
-- Data for TOC entry 344 (OID 113638762)
-- Name: ix_dataelements_to_options; Type: TABLE DATA; Schema: public; Owner: postgres
--

COPY ix_dataelements_to_options ("DATAELEMENTOPTION_KEY", "DATAELEMENT_KEY", "OPTIONPOOL_KEY", "DELETED", "TIMESTAMP") FROM stdin;
\.


--
-- Data for TOC entry 345 (OID 113638767)
-- Name: ix_diagnosis; Type: TABLE DATA; Schema: public; Owner: postgres
--

COPY ix_diagnosis ("DIAGNOSISKEY", "EPCC", "NAME", "PARENTKEY", "DELETED", "TIMESTAMP") FROM stdin;
\.


--
-- Data for TOC entry 346 (OID 113638773)
-- Name: ix_diagnosis_admissions; Type: TABLE DATA; Schema: public; Owner: postgres
--

COPY ix_diagnosis_admissions ("DIAGNOSISADMISSIONSKEY", "DIAGNOSISKEY", "DELETED", "TIMESTAMP", "ADMISSIONKEY") FROM stdin;
\.


--
-- Data for TOC entry 347 (OID 113638776)
-- Name: ix_ecgcodes; Type: TABLE DATA; Schema: public; Owner: postgres
--

COPY ix_ecgcodes ("ECGCODEKEY", "ECGCODENAME", "ECGCODE", "PARENTKEY", "DELETED") FROM stdin;
1	Normal Record	1	1	0
2	Extreme right axis deviation	2	1	0
3	Extreme left axis deviation	3	1	0
4	Right axis deviation	4	1	0
5	Indeterminate axis	5	1	0
6	Left axis deviation	5.1	5	0
7	Left anterior hemiblock	5.2	5	0
8	Left posterior hemiblock	5.3	5	0
9	Clockwise rotation	6	1	0
10	Anticlockwise rotation	7	1	0
11	Dextrocardia	8	1	0
12	Atrial situs solitus	8.1	11	0
13	Atrial situs inversus	8.2	11	0
14	Record inadequate for reporting	9	1	0
15	Incomplete post op trace	10	1	0
16	Incomplete trace	10.1	15	0
17	Incorrect standardisation	11	1	0
18	ECG leads incorrectly placed	12	1	0
19	Rhythm strip only	13	1	0
20	Rhythm strip advised	14	1	0
21	Progress ECG advised	15	1	0
22	Low voltage	16	1	0
23	Low voltage consistent with myxoedema	17	1	0
24	Non-diagnostic ST-T wave changes	18	1	0
25	Previous record not available	19	1	0
26	Prominent U waves	20	1	0
27	Sinus rhythm	21	1	0
28	Sinus tachycardia	22	1	0
29	Sinus bradycardia	23	1	0
30	Sinus arrythmia	24	1	0
31	Sinus arrest or sino atrial block	25	1	0
32	Low Atrial Rythm	26	1	0
33	Coronary sinus rhythm	26.1	32	0
34	Left atrial rhythm	26.2	32	0
35	Low atrial ectopics	26.3	32	0
36	Occasional atrial premature beats	27	1	0
37	Frequent atrial premature beats	28	1	0
38	Atrial tachycardia	29	1	0
39	Ectopic atrial tachycardia	29.1	39	0
40	Atrial re-entrant tachycardia	29.2	39	0
41	Atrial tachycardia with AV block	30	1	0
42	Atrial tachycardia with varying AV block	31	1	0
43	Atrial flutter	32	1	0
44	Atrial flutter with varying AV block	33	1	0
45	Atrial flutter with block	34	1	0
46	Atrial fibrillation	35	1	0
47	Wandering atrial pacemaker	36	1	0
48	Junctional rhythm	40	1	0
49	Junctional re-entrant tachycardia type A	40.1	48	0
50	Junctional re-entrant tachycardia type B	40.2	48	0
51	Junctional eptopic tachycardia	40.3	48	0
52	Occasional junctional premature beats	41	1	0
53	Frequent junctional premature beats	42	1	0
54	Nodal tachycardia	43	1	0
55	Idioventricular rhythm	50	1	0
56	Occasional unifocal ventricular premature beats	51	1	0
57	Ventricular fibrillation	52	1	0
58	Bigeminy	52.1	57	0
59	Couplets	52.2	57	0
60	Triplets	52.3	57	0
61	Multifocal ventricular premature beats	53	1	0
62	Ventricular tachycardia	54	1	0
63	Non-sustained ventricular tachycardia	54.1	62	0
64	Sustained ventricular tachycardia	54.2	62	0
65	Polymorphic ventricular tachycardia	54.3	62	0
66	Frequent ventricular premature beats	55	1	0
67	Regular ventricluar pacing	56	1	0
68	Regular atrial pacing	56.2	67	0
69	Regular sequential pacing	56.3	67	0
70	Competitive pacemaker rhythm	57	1	0
71	Failing pacemaker rhythm	58	1	0
72	Failed pacemaker	59	1	0
73	1st degree heart block	60	1	0
74	2nd degree heart block	61	1	0
75	2nd degree heart block with Wenckebach phenomenon	62	1	0
76	2nd degree heart block with varying AV block	63	1	0
77	Complete AV block	64	1	0
78	AV dissociation	65	1	0
79	Partial right bundle branch block (RSR complexes)	66	1	0
80	Complete right bundle branch block	67	1	0
81	Partial left bundle branch block	68	1	0
82	Complete left bundle branch block	69	1	0
83	Unclassifiable bundle branch block	70	1	0
84	Intermittent bundle branch block	71	1	0
85	Intraventricular conduction block	72	1	0
86	Wolff Parkinson White syndrome	73	1	0
87	Short PR interval	74	1	0
88	Peri-infarctional block	75	1	0
89	Recent anterior myocardial infarction	79.1	1	0
90	Old anterior myocardiol infarction	79.2	1	0
91	Recent anteroseptal myocardial infarction	80.1	1	0
92	Old antroseptal myocardial infarction	80.2	1	0
93	Recent anterolateral myocardial infarction	81.1	1	0
94	Old anterolateral myocardial infarction	81.2	1	0
95	Recent lateral myocardial infarction	82.1	1	0
96	Old lateral myocardial infarction	82.2	1	0
97	Recent posterior myocardial infarction	83.1	1	0
98	Old posterior myocardial infarction	83.2	1	0
99	Recent inferior myocardial infarction	84.1	1	0
100	Old inferior myocardial infarction	84.2	1	0
101	Recent inferolateral myocardial infarction	85.1	1	0
102	Old inferolateral myocardial infarction	85.2	1	0
103	Subendocardial infarction	86	1	0
104	ST-T wave changes consistent with myocardial ischaemia	92	1	0
105	ST-T wave changes have increased	93	1	0
106	ST-T wave changes have decreased	94	1	0
107	Negative treadmill test	95	1	0
108	Positive treadmill test	96	1	0
109	Persistent ST-T elevation consistent with ventricular aneury	97	1	0
110	Right atrial hypertrophy	100	1	0
111	Left atrial hypertrophy	101	1	0
112	Right and left atrial hypertrophy	102	1	0
113	Right ventricular hypertrophy	103	1	0
114	Upright T wave in V1	104	1	0
115	Left ventricular hypertrophy (voltage only)	105	1	0
116	Left ventricular hypertrophy with ST-T wave changes	106	1	0
117	Left ventricular hypertrophy with T wave inversion	107	1	0
118	Evidence of cardiac malposition	110	1	0
119	Abnormal QRS progression in chest leads	111	1	0
120	Evidence of cardiac malposition	111.1	119	0
121	Bi ventricular hypertrophy	112	1	0
122	Some evidence of hypertrophy of both ventricles	113	1	0
123	Probable digitalis toxicity	120	1	0
124	Possible digitalis toxicity	121	1	0
125	Probable hyperkalaemia	122	1	0
126	Probable hypokalaemia	123	1	0
127	Probable electrolyte disturbance	124	1	0
128	Probable hypocalcaemia	126	1	0
129	QT prolonged	127	1	0
130	Probable drug toxicity	128	1	0
131	Acute pericarditis	130	1	0
132	Chronic pericardial disease	131	1	0
133	Non diagnostic ST-T elevation	132	1	0
134	QRS axis	134	1	0
135	Abnormal T waves in all leads	135	1	0
136	QT Normal	136	1	0
\.


--
-- Data for TOC entry 348 (OID 113638783)
-- Name: ix_ethics_consent; Type: TABLE DATA; Schema: public; Owner: postgres
--

COPY ix_ethics_consent ("ETHICSKEY", "STUDYKEY", "ETHICS_APPROVED_BY", "ETHICS_APPROVED", "ETHICS_DATE_APPROVED", "ETHICS_FILE_NAME", "ETHICS_COMMENTS", "DELETED", "TIMESTAMP") FROM stdin;
\.


--
-- Data for TOC entry 349 (OID 113638791)
-- Name: ix_favourite_query; Type: TABLE DATA; Schema: public; Owner: postgres
--

COPY ix_favourite_query ("QUERYKEY", "USERNAME", "NAME", "XMLSTRING", "DOMAINLIST", "DELETED", "TIMESTAMP", "DISPLAY_AS", "SAVE_AS", "SMARTFORMLIST", "STUDYLIST") FROM stdin;
\.


--
-- Data for TOC entry 350 (OID 113638799)
-- Name: ix_flag; Type: TABLE DATA; Schema: public; Owner: postgres
--

COPY ix_flag ("FLAGKEY", "DOMAIN", "ID", "USER", "DELETED", "TIMESTAMP") FROM stdin;
\.


--
-- Data for TOC entry 351 (OID 113638804)
-- Name: ix_genetic_analysis; Type: TABLE DATA; Schema: public; Owner: postgres
--

COPY ix_genetic_analysis ("GENETICANALYSISKEY", "BIOANALYSISKEY", "PROTEINKEY", "MUTATION", "NUCLEOTIDE", "PROTEIN", "ZYGOSITY", "SEQUENCE", "NOTES", "NORMAL", "FILE", "GROUPKEY", "DELETED", "TIMESTAMP") FROM stdin;
\.


--
-- Data for TOC entry 352 (OID 113638812)
-- Name: ix_group; Type: TABLE DATA; Schema: public; Owner: postgres
--

COPY ix_group ("GROUPKEY", "NAME", "DESCRIPTION", "RESTRICTION", "TIMESTAMP") FROM stdin;
100	Group1	Group1		7/3/2005
\.


--
-- Data for TOC entry 353 (OID 113638816)
-- Name: ix_icdcodes; Type: TABLE DATA; Schema: public; Owner: postgres
--

COPY ix_icdcodes ("ICDKEY", "CODE", "NAME", "PARENTKEY", "DELETED", "TIMESTAMP") FROM stdin;
\.


--
-- Data for TOC entry 354 (OID 113638821)
-- Name: ix_inv_box; Type: TABLE DATA; Schema: public; Owner: postgres
--

COPY ix_inv_box ("BOXKEY", "TANKKEY", "NAME", "CAPACITY", "AVAILABLE", "DESCRIPTION", "DELETED", "TIMESTAMP") FROM stdin;
\.


--
-- Data for TOC entry 355 (OID 113638831)
-- Name: ix_inv_cell; Type: TABLE DATA; Schema: public; Owner: postgres
--

COPY ix_inv_cell ("CELLKEY", "TRAYKEY", "BIOSPECIMENKEY", "PATIENTKEY", "COLNO", "ROWNO", "DELETED", "TIMESTAMP") FROM stdin;
\.


--
-- Data for TOC entry 356 (OID 113638838)
-- Name: ix_inv_site; Type: TABLE DATA; Schema: public; Owner: postgres
--

COPY ix_inv_site ("SITEKEY", "NAME", "ADDRESS", "CONTACT", "PHONE", "DELETED", "TIMESTAMP") FROM stdin;
\.


--
-- Data for TOC entry 357 (OID 113638846)
-- Name: ix_inv_tank; Type: TABLE DATA; Schema: public; Owner: postgres
--

COPY ix_inv_tank ("TANKKEY", "SITEKEY", "NAME", "DESCRIPTION", "LOCATION", "CAPACITY", "AVAILABLE", "COMMISSIONDATE", "DECOMMISSIONDATE", "LASTSERVICEDATE", "LASTSERVICENOTE", "STATUS", "DELETED", "TIMESTAMP") FROM stdin;
\.


--
-- Data for TOC entry 358 (OID 113638856)
-- Name: ix_inv_tray; Type: TABLE DATA; Schema: public; Owner: postgres
--

COPY ix_inv_tray ("TRAYKEY", "BOXKEY", "NAME", "CAPACITY", "AVAILABLE", "NOOFCOL", "NOOFROW", "COLNOTYPE", "ROWNOTYPE", "DELETED", "TIMESTAMP") FROM stdin;
\.


--
-- Data for TOC entry 359 (OID 113638867)
-- Name: ix_listofvalues; Type: TABLE DATA; Schema: public; Owner: postgres
--

COPY ix_listofvalues ("LOVKEY", "GROUPKEY", "TYPE", "VALUE", "DESCRIPTION", "SORTORDER", "LANGUAGE", "DELETED", "TIMESTAMP", "PARENTTYPE", "PARENTVALUE", "ISEDITABLE") FROM stdin;
3	1	BIOSPECLOCATION	Bldg 1 Room 1		1	ENG	0	Wed Jan 07 16:39:34.427940 2004 AUSEST			0
4	1	BIOSPECLOCATION	Bldg 1 Room 2		2	ENG	0	Wed Jan 07 16:39:34.470940 2004 AUSEST			0
5	1	BIOSPECLOCATION	Bldg 2 Room 1		3	ENG	0	Wed Jan 07 16:39:34.512940 2004 AUSEST			0
6	1	BIOSPECLOCATION	Bldg 2 Room 2		4	ENG	0	Wed Jan 07 16:39:34.554940 2004 AUSEST			0
7	1	BIOSPECFLUIDSUBTYPES	Maternal Serum		1	ENG	0	Wed Jan 07 16:39:34.597940 2004 AUSEST			0
8	1	BIOSPECFLUIDSUBTYPES	Cords Blood		2	ENG	0	Wed Jan 07 16:39:34.640940 2004 AUSEST			0
9	1	BIOSPECFLUIDSUBTYPES	Amniotic Fluid		3	ENG	0	Wed Jan 07 16:39:34.682940 2004 AUSEST			0
10	1	BIOSPECTISSUESUBTYPES	Placenta		1	ENG	0	Wed Jan 07 16:39:34.726940 2004 AUSEST			0
11	1	BIOSPECTISSUESUBTYPES	Decidua		2	ENG	0	Wed Jan 07 16:39:34.769940 2004 AUSEST			0
12	1	BIOSPECTISSUESUBTYPES	Umbilical Cord		3	ENG	0	Wed Jan 07 16:39:34.811940 2004 AUSEST			0
13	1	BIOSPECTISSUESUBTYPES	Myometrim		4	ENG	0	Wed Jan 07 16:39:34.854940 2004 AUSEST			0
14	1	BIOSPECTISSUESUBTYPES	Fetal Membrane		5	ENG	0	Wed Jan 07 16:39:34.896940 2004 AUSEST			0
15	1	BIOSPECTISSUESUBTYPES	Membrane		6	ENG	0	Wed Jan 07 16:39:34.939940 2004 AUSEST			0
16	1	BIOSPECTREATMENTS	Formalin Fixed		2	ENG	0	Tue Jan 13 09:36:11.759220 2004 EST			0
17	1	BIOSPECTREATMENTS	Frozen		1	ENG	0	Tue Jan 13 09:36:07.844262 2004 EST			0
18	1	BIOSPECTREATMENTS	Tissue Culture		3	ENG	0	Wed Jan 07 16:39:35.068940 2004 AUSEST			0
19	1	BIOSPECAMNIO	AMA		1	ENG	0	Wed Jan 07 16:39:35.110940 2004 AUSEST			0
20	1	BIOSPECAMNIO	Abnormal 1st Trimester USS		2	ENG	0	Wed Jan 07 16:39:35.153940 2004 AUSEST			0
21	1	BIOSPECAMNIO	Abnormal 2nd Trimester USS		3	ENG	0	Wed Jan 07 16:39:35.195940 2004 AUSEST			0
22	1	BIOSPECAMNIO	Abnormal MSS		4	ENG	0	Wed Jan 07 16:39:35.238940 2004 AUSEST			0
23	1	BIOSPECKARYOTYPE	XX		1	ENG	0	Wed Jan 07 16:39:35.281940 2004 AUSEST			0
24	1	BIOSPECKARYOTYPE	XY		2	ENG	0	Wed Jan 07 16:39:35.323940 2004 AUSEST			0
25	1	BIOSPECKARYOTYPE	Other		3	ENG	0	Wed Jan 07 16:39:35.438940 2004 AUSEST			0
26	1	EXPERIMENT_ATTACHMENT	Notes	Research Notes	2	ENG	0	Wed Jan 07 16:39:35.480940 2004 AUSEST			0
27	1	EXPERIMENT_ATTACHMENT	Data	Microarray Data	1	ENG	0	Wed Jan 07 16:39:35.523940 2004 AUSEST			0
28	1	EXPERIMENT_ATTACHMENT	Slide	Graphic Slides	3	ENG	0	Wed Jan 07 16:39:35.566940 2004 AUSEST			0
29	1	ETHNICITY	White Australian	White Australian	1	ENG	0	Wed Jan 07 16:39:35.608940 2004 AUSEST			0
30	1	ETHNICITY	European	European	2	ENG	0	Wed Jan 07 16:39:35.652940 2004 AUSEST			0
31	1	ETHNICITY	New Zealand	New Zealand	3	ENG	0	Wed Jan 07 16:39:35.695940 2004 AUSEST			0
32	1	ETHNICITY	Vietnamese	Vietnamese	4	ENG	0	Wed Jan 07 16:39:35.737940 2004 AUSEST			0
33	1	ETHNICITY	Cambodian	Cambodian	5	ENG	0	Wed Jan 07 16:39:35.780940 2004 AUSEST			0
34	1	ETHNICITY	Chinese	Chinese	6	ENG	0	Wed Jan 07 16:39:35.822940 2004 AUSEST			0
35	1	ETHNICITY	Hong Kongese	Hong Kongese	7	ENG	0	Wed Jan 07 16:39:35.864940 2004 AUSEST			0
36	1	ETHNICITY	Thailand	Thailand	8	ENG	0	Wed Jan 07 16:39:35.908940 2004 AUSEST			0
37	1	ETHNICITY	Sri Lankan	Sri Lankan	9	ENG	0	Wed Jan 07 16:39:35.951940 2004 AUSEST			0
38	1	ETHNICITY	Indian	Indian	10	ENG	0	Wed Jan 07 16:39:35.993940 2004 AUSEST			0
39	1	ETHNICITY	Pakistani	Pakistani	11	ENG	0	Wed Jan 07 16:39:36.037940 2004 AUSEST			0
40	1	ETHNICITY	Nepalese	Nepalese	12	ENG	0	Wed Jan 07 16:39:36.079940 2004 AUSEST			0
41	1	ETHNICITY	Afghanistan	Afghanistan	13	ENG	0	Wed Jan 07 16:39:36.121940 2004 AUSEST			0
42	1	ETHNICITY	Indonesia	Indonesia	14	ENG	0	Wed Jan 07 16:39:36.164940 2004 AUSEST			0
43	1	ETHNICITY	East Timorese	East Timorese	15	ENG	0	Wed Jan 07 16:39:36.206940 2004 AUSEST			0
44	1	ETHNICITY	Timorese	Timorese	16	ENG	0	Wed Jan 07 16:39:36.249940 2004 AUSEST			0
45	1	ETHNICITY	Middle Eastern	Middle Eastern	17	ENG	0	Wed Jan 07 16:39:36.293940 2004 AUSEST			0
46	1	ETHNICITY	Israel	Israel	18	ENG	0	Wed Jan 07 16:39:36.370940 2004 AUSEST			0
47	1	ETHNICITY	Egyptian	Egyptian	19	ENG	0	Wed Jan 07 16:39:36.448940 2004 AUSEST			0
48	1	ETHNICITY	TURKISH	TURKISH	20	ENG	0	Wed Jan 07 16:39:36.492940 2004 AUSEST			0
49	1	ETHNICITY	South/Central American	South/Central American	21	ENG	0	Wed Jan 07 16:39:36.535940 2004 AUSEST			0
50	1	ETHNICITY	Philippino	Philippino	22	ENG	0	Wed Jan 07 16:39:36.576940 2004 AUSEST			0
51	1	ETHNICITY	Korean	Korean	23	ENG	0	Wed Jan 07 16:39:36.620940 2004 AUSEST			0
52	1	ETHNICITY	Japanese	Japanese	24	ENG	0	Wed Jan 07 16:39:36.663940 2004 AUSEST			0
53	1	ETHNICITY	Aboriginal	Aboriginal	25	ENG	0	Wed Jan 07 16:39:36.705940 2004 AUSEST			0
54	1	ETHNICITY	Maori	Maori	26	ENG	0	Wed Jan 07 16:39:36.748940 2004 AUSEST			0
55	1	ETHNICITY	Torres Strait Islander	Torres Strait Islander	27	ENG	0	Wed Jan 07 16:39:36.791940 2004 AUSEST			0
56	1	ETHNICITY	Cook Islander	Cook Islander	28	ENG	0	Wed Jan 07 16:39:36.833940 2004 AUSEST			0
57	1	ETHNICITY	Samoa	Samoa	29	ENG	0	Wed Jan 07 16:39:36.876940 2004 AUSEST			0
58	1	ETHNICITY	ASIAN	ASIAN	30	ENG	0	Wed Jan 07 16:39:36.919940 2004 AUSEST			0
59	1	ETHNICITY	AFRICAN	AFRICAN	31	ENG	0	Wed Jan 07 16:39:36.962940 2004 AUSEST			0
60	1	ETHNICITY	STH. AFRICAN	STH. AFRICAN	32	ENG	0	Wed Jan 07 16:39:37.005940 2004 AUSEST			0
61	1	ETHNICITY	Mauritus	Mauritus	33	ENG	0	Wed Jan 07 16:39:37.047940 2004 AUSEST			0
62	1	ETHNICITY	Laos	Laos	34	ENG	0	Wed Jan 07 16:39:37.091940 2004 AUSEST			0
63	1	ETHNICITY	MALAYSIA	MALAYSIA	35	ENG	0	Wed Jan 07 16:39:37.132940 2004 AUSEST			0
64	1	ETHNICITY	Taiwan	Taiwan	36	ENG	0	Wed Jan 07 16:39:37.175940 2004 AUSEST			0
65	1	ETHNICITY	Fiji	Fiji	37	ENG	0	Wed Jan 07 16:39:37.218940 2004 AUSEST			0
66	1	ETHNICITY	Tahiti	Tahiti	38	ENG	0	Wed Jan 07 16:39:37.261940 2004 AUSEST			0
67	1	ETHNICITY	Other	Other	39	ENG	0	Wed Jan 07 16:39:37.303940 2004 AUSEST			0
68	1	ETHNICITY	Poland	Poland	40	ENG	0	Wed Jan 07 16:39:37.367940 2004 AUSEST			0
69	1	ETHNICITY	Armania	Armania	41	ENG	0	Wed Jan 07 16:39:37.460940 2004 AUSEST			0
70	1	ETHNICITY	Jordon	Jordon	42	ENG	0	Wed Jan 07 16:39:37.502940 2004 AUSEST			0
71	1	ETHNICITY	Greek	Greek	43	ENG	0	Wed Jan 07 16:39:37.544940 2004 AUSEST			0
72	1	ETHNICITY	Canadian	Canadian	44	ENG	0	Wed Jan 07 16:39:37.588940 2004 AUSEST			0
73	1	ETHNICITY	USA	USA	45	ENG	0	Wed Jan 07 16:39:37.631940 2004 AUSEST			0
74	1	ETHNICITY	Ireland	Ireland	46	ENG	0	Wed Jan 07 16:39:37.673940 2004 AUSEST			0
75	1	ETHNICITY	Burma	Burma	47	ENG	0	Wed Jan 07 16:39:37.717940 2004 AUSEST			0
76	1	ETHNICITY	Ethiopian	Ethiopian	48	ENG	0	Wed Jan 07 16:39:37.759940 2004 AUSEST			0
77	1	ETHNICITY	Iraq	Iraq	49	ENG	0	Wed Jan 07 16:39:37.802940 2004 AUSEST			0
78	1	ETHNICITY	Macedonia	Macedonia	50	ENG	0	Wed Jan 07 16:39:37.844940 2004 AUSEST			0
79	1	ETHNICITY	Lebanon	Lebanon	51	ENG	0	Wed Jan 07 16:39:37.887940 2004 AUSEST			0
80	1	ETHNICITY	Singapore	Singapore	52	ENG	0	Wed Jan 07 16:39:37.930940 2004 AUSEST			0
81	1	ETHNICITY	Chile	Chile	53	ENG	0	Wed Jan 07 16:39:37.973940 2004 AUSEST			0
82	1	ETHNICITY	Slavic	Slavic	54	ENG	0	Wed Jan 07 16:39:38.015940 2004 AUSEST			0
83	1	ETHNICITY	Brunei	Brunei	55	ENG	0	Wed Jan 07 16:39:38.059940 2004 AUSEST			0
84	1	ETHNICITY	United Kingdom	United Kingdom	56	ENG	0	Wed Jan 07 16:39:38.101940 2004 AUSEST			0
85	1	ETHNICITY	Yugoslavia	Yugoslavia	57	ENG	0	Wed Jan 07 16:39:38.143940 2004 AUSEST			0
86	1	ETHNICITY	Bosnia	Bosnia	58	ENG	0	Wed Jan 07 16:39:38.186940 2004 AUSEST			0
87	1	ETHNICITY	West Indies	West Indies	59	ENG	0	Wed Jan 07 16:39:38.229940 2004 AUSEST			0
88	1	ETHNICITY	Kuwait	Kuwait	60	ENG	0	Wed Jan 07 16:39:38.271940 2004 AUSEST			0
89	1	ETHNICITY	Algeria	Algeria	61	ENG	0	Wed Jan 07 16:39:38.314940 2004 AUSEST			0
90	1	ETHNICITY	Singapore	Singapore	62	ENG	0	Wed Jan 07 16:39:38.431940 2004 AUSEST			0
91	1	ETHNICITY	Russia	Russia	63	ENG	0	Wed Jan 07 16:39:38.470940 2004 AUSEST			0
92	1	ETHNICITY	Argentina	Argentina	64	ENG	0	Wed Jan 07 16:39:38.513940 2004 AUSEST			0
93	1	ETHNICITY	Ukraine	Ukraine	65	ENG	0	Wed Jan 07 16:39:38.556940 2004 AUSEST			0
94	1	ETHNICITY	Syria	Syria	66	ENG	0	Wed Jan 07 16:39:38.598940 2004 AUSEST			0
95	1	ETHNICITY	Croatia	Croatia	67	ENG	0	Wed Jan 07 16:39:38.641940 2004 AUSEST			0
96	1	ETHNICITY	German	German	68	ENG	0	Wed Jan 07 16:39:38.683940 2004 AUSEST			0
97	1	ETHNICITY	Scottish	Scottish	69	ENG	0	Wed Jan 07 16:39:38.726940 2004 AUSEST			0
98	1	ETHNICITY	Italian	Italian	70	ENG	0	Wed Jan 07 16:39:38.769940 2004 AUSEST			0
99	1	ETHNICITY	Swiss	Swiss	71	ENG	0	Wed Jan 07 16:39:38.813940 2004 AUSEST			0
100	1	ETHNICITY	Dutch	Dutch	72	ENG	0	Wed Jan 07 16:39:38.855940 2004 AUSEST			0
101	1	ETHNICITY	Maltese	Maltese	73	ENG	0	Wed Jan 07 16:39:38.898940 2004 AUSEST			0
102	1	STATE	Victoria	Victoria	2	ENG	0	Wed Jan 14 18:37:41.378316 2004 EST			0
103	1	STATE	New South Wales	New South Wales	1	ENG	0	Wed Jan 14 18:37:39.392095 2004 EST			0
104	1	STATE	Queensland	Queensland	3	ENG	0	Wed Jan 07 16:39:39.026940 2004 AUSEST			0
105	1	STATE	Northern Territory	Northern Territory	4	ENG	0	Wed Jan 07 16:39:39.068940 2004 AUSEST			0
106	1	STATE	South Australia	South Australia	5	ENG	0	Wed Jan 07 16:39:39.110940 2004 AUSEST			0
107	1	STATE	Tasmania	Tasmania	6	ENG	0	Wed Jan 07 16:39:39.154940 2004 AUSEST			0
108	1	STATE	Western Australia	Western Australia	7	ENG	0	Wed Jan 07 16:39:39.197940 2004 AUSEST			0
109	1	STATE	Australian Capital Territory	Australian Capital Territory	8	ENG	0	Wed Jan 07 16:39:39.239940 2004 AUSEST			0
110	1	COUNTRY	Australia	Australia	1	ENG	0	Wed Jan 07 16:39:39.282940 2004 AUSEST			0
111	1	STATUS	Active	Active	1	ENG	0	Wed Jan 07 16:39:39.325940 2004 AUSEST			0
112	1	STATUS	Inactive	Inactive	2	ENG	0	Wed Jan 07 16:39:39.407940 2004 AUSEST			0
113	1	STATUS	Deleted	Deleted	3	ENG	0	Wed Jan 07 16:39:39.439940 2004 AUSEST			0
114	1	CONTACTPLACE	Home	Home	1	ENG	0	Wed Jan 07 16:39:39.481940 2004 AUSEST			0
115	1	CONTACTPLACE	Work	Work	2	ENG	0	Wed Jan 07 16:39:39.525940 2004 AUSEST			0
116	1	YESNOLIST	Yes	Yes	1	ENG	0	Wed Jan 07 16:39:39.567940 2004 AUSEST			0
117	1	YESNOLIST	No	No	2	ENG	0	Wed Jan 07 16:39:39.610940 2004 AUSEST			0
118	1	PREP.OUTCOME	livebirth	livebirth	1	ENG	0	Wed Jan 07 16:39:39.653940 2004 AUSEST			0
119	1	PREP.OUTCOME	stillbirth	stillbirth	2	ENG	0	Wed Jan 07 16:39:39.694940 2004 AUSEST			0
120	1	PREP.OUTCOME	miscarriage	miscarriage	3	ENG	0	Wed Jan 07 16:39:39.737940 2004 AUSEST			0
121	1	PREP.OUTCOME	top	top	4	ENG	0	Wed Jan 07 16:39:39.780940 2004 AUSEST			0
122	1	DELIVERY MODE	nvd	nvd	1	ENG	0	Wed Jan 07 16:39:39.823940 2004 AUSEST			0
123	1	DELIVERY MODE	op vag deliv	op vag deliv	2	ENG	0	Wed Jan 07 16:39:39.866940 2004 AUSEST			0
124	1	DELIVERY MODE	vag breech	vag breech	3	ENG	0	Wed Jan 07 16:39:39.908940 2004 AUSEST			0
125	1	DELIVERY MODE	-	-	4	ENG	0	Wed Jan 07 16:39:39.951940 2004 AUSEST			0
126	1	DELIVERY MODE	elec C/S	elec C/S	5	ENG	0	Wed Jan 07 16:39:39.993940 2004 AUSEST			0
127	1	DELIVERY MODE	emerg C/S	emerg C/S	6	ENG	0	Wed Jan 07 16:39:40.036940 2004 AUSEST			0
132	1	ETHNICITY	Caucasian	Caucasian	1	ENG	0	Wed Jan 07 16:39:40.250940 2004 AUSEST			0
133	1	ETHNICITY	SE Asian	SE Asian	2	ENG	0	Wed Jan 07 16:39:40.292940 2004 AUSEST			0
134	1	ETHNICITY	Indo-Pakistani	Indo-Pakistani	3	ENG	0	Wed Jan 07 16:39:40.392940 2004 AUSEST			0
135	1	ETHNICITY	Middle Eastern	Middle Eastern	4	ENG	0	Wed Jan 07 16:39:40.435940 2004 AUSEST			0
136	1	ETHNICITY	African	African	5	ENG	0	Wed Jan 07 16:39:40.478940 2004 AUSEST			0
137	1	ETHNICITY	South/Central American	South/Central American	6	ENG	0	Wed Jan 07 16:39:40.521940 2004 AUSEST			0
138	1	ETHNICITY	Aboriginal	Aboriginal	7	ENG	0	Wed Jan 07 16:39:40.563940 2004 AUSEST			0
139	1	ETHNICITY	Islander	Islander	8	ENG	0	Wed Jan 07 16:39:40.606940 2004 AUSEST			0
140	1	NUMBER OF FETUS	singleton	singleton	1	ENG	0	Wed Jan 07 16:39:40.649940 2004 AUSEST			0
141	1	NUMBER OF FETUS	twins	twins	2	ENG	0	Wed Jan 07 16:39:40.692940 2004 AUSEST			0
142	1	NUMBER OF FETUS	triplets	triplets	3	ENG	0	Wed Jan 07 16:39:40.735940 2004 AUSEST			0
143	1	DIABETES MANAGEMENT	Diet alone	Diet alone	1	ENG	0	Wed Jan 07 16:39:40.777940 2004 AUSEST			0
144	1	DIABETES MANAGEMENT	Insulin	Insulin	2	ENG	0	Wed Jan 07 16:39:40.820940 2004 AUSEST			0
145	1	PET TREATMENT	none	none	1	ENG	0	Wed Jan 07 16:39:40.862940 2004 AUSEST			0
146	1	PET TREATMENT	single agent	single agent	2	ENG	0	Wed Jan 07 16:39:40.905940 2004 AUSEST			0
147	1	PET TREATMENT	double agent	double agent	3	ENG	0	Wed Jan 07 16:39:40.947940 2004 AUSEST			0
148	1	PET TREATMENT	triple agent	triple agent	4	ENG	0	Wed Jan 07 16:39:40.990940 2004 AUSEST			0
149	1	DELIVERY SITES	Monash Medical Centre - Clayton	Monash Medical Centre - Clayton	1	ENG	0	Wed Jan 07 16:39:41.034940 2004 AUSEST			0
150	1	DELIVERY SITES	Monash Medical Centre - Moorabbin	Monash Medical Centre - Moorabbin	2	ENG	0	Wed Jan 07 16:39:41.076940 2004 AUSEST			0
151	1	DELIVERY SITES	Monash Medical Centre - Birth Centre	Monash Medical Centre - Birth Centre	3	ENG	0	Wed Jan 07 16:39:41.119940 2004 AUSEST			0
152	1	DELIVERY SITES	other	other	4	ENG	0	Wed Jan 07 16:39:41.161940 2004 AUSEST			0
153	1	ALCOHOL CONSUMPTION	Nil	Nil	1	ENG	0	Wed Jan 07 16:39:41.204940 2004 AUSEST			0
154	1	ALCOHOL CONSUMPTION	<2 drinks/day	<2 drinks/day	2	ENG	0	Wed Jan 07 16:39:41.247940 2004 AUSEST			0
155	1	ALCOHOL CONSUMPTION	>2 drinks/day	>2 drinks/day	3	ENG	0	Wed Jan 07 16:39:41.289940 2004 AUSEST			0
156	1	DIABETES	None	None	1	ENG	0	Wed Jan 07 16:39:41.359940 2004 AUSEST			0
157	1	DIABETES	NIDDM	NIDDM	2	ENG	0	Wed Jan 07 16:39:41.389940 2004 AUSEST			0
158	1	DIABETES	IDDM	IDDM	3	ENG	0	Wed Jan 07 16:39:41.432940 2004 AUSEST			0
159	1	PROTEINURIA	none	none	1	ENG	0	Wed Jan 07 16:39:41.475940 2004 AUSEST			0
160	1	PROTEINURIA	trace	trace	2	ENG	0	Wed Jan 07 16:39:41.517940 2004 AUSEST			0
161	1	PROTEINURIA	+	+	3	ENG	0	Wed Jan 07 16:39:41.560940 2004 AUSEST			0
162	1	PROTEINURIA	++	++	4	ENG	0	Wed Jan 07 16:39:41.602940 2004 AUSEST			0
163	1	PROTEINURIA	+++	+++	5	ENG	0	Wed Jan 07 16:39:41.647940 2004 AUSEST			0
164	1	PROTEINURIA	++++	++++	6	ENG	0	Wed Jan 07 16:39:41.689940 2004 AUSEST			0
165	1	RENAL DISEASE	No	No	1	ENG	0	Wed Jan 07 16:39:41.733940 2004 AUSEST			0
166	1	RENAL DISEASE	Yes, please specify	Yes, please specify	2	ENG	0	Wed Jan 07 16:39:41.775940 2004 AUSEST			0
167	1	RENAL DISEASE	IgA	IgA	3	ENG	0	Wed Jan 07 16:39:41.817940 2004 AUSEST			0
168	1	FDIU CAUSES	unknown	unknown	1	ENG	0	Wed Jan 07 16:39:41.860940 2004 AUSEST			0
169	1	FDIU CAUSES	fetal abnormality	fetal abnormality	2	ENG	0	Wed Jan 07 16:39:41.903940 2004 AUSEST			0
170	1	FDIU CAUSES	abruption	abruption	3	ENG	0	Wed Jan 07 16:39:41.945940 2004 AUSEST			0
171	1	FDIU CAUSES	IUGR	IUGR	4	ENG	0	Wed Jan 07 16:39:41.988940 2004 AUSEST			0
172	1	FDIU CAUSES	chorioamnioitis	chorioamnioitis	5	ENG	0	Wed Jan 07 16:39:42.030940 2004 AUSEST			0
173	1	INDUCTION METHODS	Prostin gel	Prostin gel	1	ENG	0	Wed Jan 07 16:39:42.073940 2004 AUSEST			0
174	1	INDUCTION METHODS	ARM	ARM	2	ENG	0	Wed Jan 07 16:39:42.115940 2004 AUSEST			0
175	1	INDUCTION METHODS	Syntocinon Infusion	Syntocinon Infusion	3	ENG	0	Wed Jan 07 16:39:42.158940 2004 AUSEST			0
176	1	INDUCTION METHODS	Balloon ripening device	Balloon ripening device	4	ENG	0	Wed Jan 07 16:39:42.201940 2004 AUSEST			0
177	1	TYPE OF CARE	standard care	standard care	1	ENG	0	Wed Jan 07 16:39:42.243940 2004 AUSEST			0
178	1	TYPE OF CARE	shared care	shared care	2	ENG	0	Wed Jan 07 16:39:42.287940 2004 AUSEST			0
179	1	TYPE OF CARE	CPC	CPC	3	ENG	0	Wed Jan 07 16:39:42.331940 2004 AUSEST			0
180	1	TYPE OF CARE	working womens	working womens	4	ENG	0	Wed Jan 07 16:39:42.400940 2004 AUSEST			0
181	1	TYPE OF CARE	young womens	young womens	5	ENG	0	Wed Jan 07 16:39:42.444940 2004 AUSEST			0
182	1	DELIVERY MODE	nvd	nvd	1	ENG	0	Wed Jan 07 16:39:42.486940 2004 AUSEST			0
183	1	DELIVERY MODE	op vag deliv	op vag deliv	2	ENG	0	Wed Jan 07 16:39:42.528940 2004 AUSEST			0
184	1	DELIVERY MODE	-	-	3	ENG	0	Wed Jan 07 16:39:42.573940 2004 AUSEST			0
185	1	DELIVERY MODE	elec C/S	elec C/S	4	ENG	0	Wed Jan 07 16:39:42.615940 2004 AUSEST			0
186	1	DELIVERY MODE	emerg C/S	emerg C/S	5	ENG	0	Wed Jan 07 16:39:42.657940 2004 AUSEST			0
187	1	DELIVERY MODE	-	-	6	ENG	0	Wed Jan 07 16:39:42.701940 2004 AUSEST			0
188	1	DELIVERY MODE	STOP	STOP	7	ENG	0	Wed Jan 07 16:39:42.742940 2004 AUSEST			0
189	1	DELIVERY MODE	D and E	D and E	8	ENG	0	Wed Jan 07 16:39:42.784940 2004 AUSEST			0
190	1	INDICATION FOR COLLECTION	AMA	AMA	1	ENG	0	Wed Jan 07 16:39:42.827940 2004 AUSEST			0
191	1	INDICATION FOR COLLECTION	abnormal 1st trimester USS	abnormal 1st trimester USS	2	ENG	0	Wed Jan 07 16:39:42.870940 2004 AUSEST			0
192	1	INDICATION FOR COLLECTION	abnormal 2nd trimester USS	abnormal 2nd trimester USS	3	ENG	0	Wed Jan 07 16:39:42.913940 2004 AUSEST			0
193	1	INDICATION FOR COLLECTION	abnormal MSS	abnormal MSS	4	ENG	0	Wed Jan 07 16:39:42.958940 2004 AUSEST			0
194	1	INDICATION FOR COLLECTION	rhesus	rhesus	5	ENG	0	Wed Jan 07 16:39:42.999940 2004 AUSEST			0
195	1	INDICATION FOR COLLECTION	past history	past history	6	ENG	0	Wed Jan 07 16:39:43.041940 2004 AUSEST			0
196	1	INDICATION FOR COLLECTION	anxiety	anxiety	7	ENG	0	Wed Jan 07 16:39:43.085940 2004 AUSEST			0
197	1	INDICATION FOR COLLECTION	other	other	8	ENG	0	Wed Jan 07 16:39:43.127940 2004 AUSEST			0
198	1	KARYOTYPE	XX	XX	1	ENG	0	Wed Jan 07 16:39:43.169940 2004 AUSEST			0
199	1	KARYOTYPE	XY	XY	2	ENG	0	Wed Jan 07 16:39:43.214940 2004 AUSEST			0
200	1	KARYOTYPE	"other,specify"	"other,specify"	3	ENG	0	Wed Jan 07 16:39:43.255940 2004 AUSEST			0
201	1	TITLE	Mr	Mr	1	ENG	0	Wed Jan 07 16:39:43.298940 2004 AUSEST			0
202	1	TITLE	Mrs	Mrs	2	ENG	0	Wed Jan 07 16:39:43.374940 2004 AUSEST			0
203	1	TITLE	Ms	Ms	3	ENG	0	Wed Jan 07 16:39:43.411940 2004 AUSEST			0
204	1	TITLE	Dr	Dr	4	ENG	0	Wed Jan 07 16:39:43.454940 2004 AUSEST			0
206	1	TRAY_LABEL	Numeric	Numerical label	1	ENG	0	Wed Jan 07 16:39:43.540940 2004 AUSEST			0
207	1	TRAY_LABEL	Alphabet	Alphabet label	2	ENG	0	Wed Jan 07 16:39:43.582940 2004 AUSEST			0
208	1	INVTANKSTATUS	In use	Be using	1	ENG	0	Wed Jan 07 16:39:43.611940 2004 AUSEST			0
209	1	INVTANKSTATUS	Not in use	No longer use	2	ENG	0	Wed Jan 07 16:39:43.654940 2004 AUSEST			0
210	1	MONTH		None	10	ENG	0	Wed Jan 07 16:39:43.696940 2004 AUSEST			0
211	1	MONTH	01	January	11	ENG	0	Wed Jan 07 16:39:43.725940 2004 AUSEST			0
212	1	MONTH	02	February	12	ENG	0	Wed Jan 07 16:39:43.767940 2004 AUSEST			0
213	1	MONTH	03	March	13	ENG	0	Wed Jan 07 16:39:43.811940 2004 AUSEST			0
214	1	MONTH	04	April	14	ENG	0	Wed Jan 07 16:39:43.853940 2004 AUSEST			0
215	1	MONTH	05	May	15	ENG	0	Wed Jan 07 16:39:43.896940 2004 AUSEST			0
216	1	MONTH	06	June	16	ENG	0	Wed Jan 07 16:39:43.924940 2004 AUSEST			0
217	1	MONTH	07	July	17	ENG	0	Wed Jan 07 16:39:43.971940 2004 AUSEST			0
218	1	MONTH	08	August	18	ENG	0	Wed Jan 07 16:39:44.009940 2004 AUSEST			0
219	1	MONTH	09	September	19	ENG	0	Wed Jan 07 16:39:44.053940 2004 AUSEST			0
220	1	MONTH	10	October	20	ENG	0	Wed Jan 07 16:39:44.095940 2004 AUSEST			0
221	1	MONTH	11	November	21	ENG	0	Wed Jan 07 16:39:44.140940 2004 AUSEST			0
222	1	MONTH	12	December	22	ENG	0	Wed Jan 07 16:39:44.184940 2004 AUSEST			0
223	1	DAY		0	10	ENG	0	Wed Jan 07 16:39:44.223940 2004 AUSEST			0
224	1	DAY	01	1	11	ENG	0	Wed Jan 07 16:39:44.252940 2004 AUSEST			0
225	1	DAY	02	2	12	ENG	0	Wed Jan 07 16:39:44.294940 2004 AUSEST			0
226	1	DAY	03	3	13	ENG	0	Wed Jan 07 16:39:44.323940 2004 AUSEST			0
227	1	DAY	04	4	14	ENG	0	Wed Jan 07 16:39:44.409940 2004 AUSEST			0
228	1	DAY	05	5	15	ENG	0	Wed Jan 07 16:39:44.439940 2004 AUSEST			0
229	1	DAY	06	6	16	ENG	0	Wed Jan 07 16:39:44.480940 2004 AUSEST			0
230	1	DAY	07	7	17	ENG	0	Wed Jan 07 16:39:44.523940 2004 AUSEST			0
231	1	DAY	08	8	18	ENG	0	Wed Jan 07 16:39:44.565940 2004 AUSEST			0
232	1	DAY	09	9	19	ENG	0	Wed Jan 07 16:39:44.607940 2004 AUSEST			0
233	1	DAY	10	10	20	ENG	0	Wed Jan 07 16:39:44.637940 2004 AUSEST			0
234	1	DAY	11	11	21	ENG	0	Wed Jan 07 16:39:44.678940 2004 AUSEST			0
235	1	DAY	12	12	22	ENG	0	Wed Jan 07 16:39:44.707940 2004 AUSEST			0
236	1	DAY	13	13	23	ENG	0	Wed Jan 07 16:39:44.762940 2004 AUSEST			0
237	1	DAY	14	14	24	ENG	0	Wed Jan 07 16:39:44.793940 2004 AUSEST			0
238	1	DAY	15	15	25	ENG	0	Wed Jan 07 16:39:44.826940 2004 AUSEST			0
239	1	DAY	16	16	26	ENG	0	Wed Jan 07 16:39:44.864940 2004 AUSEST			0
240	1	DAY	17	17	27	ENG	0	Wed Jan 07 16:39:44.892940 2004 AUSEST			0
241	1	DAY	18	18	28	ENG	0	Wed Jan 07 16:39:44.924940 2004 AUSEST			0
242	1	DAY	19	19	29	ENG	0	Wed Jan 07 16:39:44.977940 2004 AUSEST			0
243	1	DAY	20	20	30	ENG	0	Wed Jan 07 16:39:45.111940 2004 AUSEST			0
244	1	DAY	21	21	31	ENG	0	Wed Jan 07 16:39:45.177940 2004 AUSEST			0
245	1	DAY	22	22	32	ENG	0	Wed Jan 07 16:39:45.206940 2004 AUSEST			0
246	1	DAY	23	23	33	ENG	0	Wed Jan 07 16:39:45.235940 2004 AUSEST			0
247	1	DAY	24	24	34	ENG	0	Wed Jan 07 16:39:45.277940 2004 AUSEST			0
248	1	DAY	25	25	35	ENG	0	Wed Jan 07 16:39:45.320940 2004 AUSEST			0
249	1	DAY	26	26	36	ENG	0	Wed Jan 07 16:39:45.391940 2004 AUSEST			0
250	1	DAY	27	27	37	ENG	0	Wed Jan 07 16:39:45.448940 2004 AUSEST			0
251	1	DAY	28	28	38	ENG	0	Wed Jan 07 16:39:45.476940 2004 AUSEST			0
252	1	DAY	29	29	39	ENG	0	Wed Jan 07 16:39:45.505940 2004 AUSEST			0
253	1	DAY	30	30	40	ENG	0	Wed Jan 07 16:39:45.538940 2004 AUSEST			0
254	1	DAY	31	31	41	ENG	0	Wed Jan 07 16:39:45.576940 2004 AUSEST			0
255	1	HOUR	1	1	11	ENG	0	Wed Jan 07 16:39:45.604940 2004 AUSEST			0
256	1	HOUR	2	2	12	ENG	0	Wed Jan 07 16:39:45.633940 2004 AUSEST			0
257	1	HOUR	3	3	13	ENG	0	Wed Jan 07 16:39:45.663940 2004 AUSEST			0
258	1	HOUR	4	4	14	ENG	0	Wed Jan 07 16:39:45.705940 2004 AUSEST			0
259	1	HOUR	5	5	15	ENG	0	Wed Jan 07 16:39:45.733940 2004 AUSEST			0
260	1	HOUR	6	6	16	ENG	0	Wed Jan 07 16:39:45.761940 2004 AUSEST			0
261	1	HOUR	7	7	17	ENG	0	Wed Jan 07 16:39:45.790940 2004 AUSEST			0
262	1	HOUR	8	8	18	ENG	0	Wed Jan 07 16:39:45.818940 2004 AUSEST			0
263	1	HOUR	9	9	19	ENG	0	Wed Jan 07 16:39:45.846940 2004 AUSEST			0
264	1	HOUR	10	10	20	ENG	0	Wed Jan 07 16:39:45.875940 2004 AUSEST			0
265	1	HOUR	11	11	21	ENG	0	Wed Jan 07 16:39:45.903940 2004 AUSEST			0
266	1	HOUR	12	12	22	ENG	0	Wed Jan 07 16:39:45.932940 2004 AUSEST			0
267	1	MINUTE	00	00	10	ENG	0	Wed Jan 07 16:39:45.960940 2004 AUSEST			0
268	1	MINUTE	01	01	11	ENG	0	Wed Jan 07 16:39:45.988940 2004 AUSEST			0
269	1	MINUTE	02	02	12	ENG	0	Wed Jan 07 16:39:46.020940 2004 AUSEST			0
270	1	MINUTE	03	03	13	ENG	0	Wed Jan 07 16:39:46.060940 2004 AUSEST			0
271	1	MINUTE	04	04	14	ENG	0	Wed Jan 07 16:39:46.089940 2004 AUSEST			0
272	1	MINUTE	05	05	15	ENG	0	Wed Jan 07 16:39:46.117940 2004 AUSEST			0
273	1	MINUTE	06	06	16	ENG	0	Wed Jan 07 16:39:46.159940 2004 AUSEST			0
274	1	MINUTE	07	07	17	ENG	0	Wed Jan 07 16:39:46.188940 2004 AUSEST			0
275	1	MINUTE	08	08	18	ENG	0	Wed Jan 07 16:39:46.217940 2004 AUSEST			0
276	1	MINUTE	09	09	19	ENG	0	Wed Jan 07 16:39:46.245940 2004 AUSEST			0
277	1	MINUTE	10	10	20	ENG	0	Wed Jan 07 16:39:46.273940 2004 AUSEST			0
278	1	MINUTE	11	11	21	ENG	0	Wed Jan 07 16:39:46.302940 2004 AUSEST			0
279	1	MINUTE	12	12	22	ENG	0	Wed Jan 07 16:39:46.332940 2004 AUSEST			0
280	1	MINUTE	13	13	23	ENG	0	Wed Jan 07 16:39:46.417940 2004 AUSEST			0
281	1	MINUTE	14	14	24	ENG	0	Wed Jan 07 16:39:46.448940 2004 AUSEST			0
282	1	MINUTE	15	15	25	ENG	0	Wed Jan 07 16:39:46.530940 2004 AUSEST			0
283	1	MINUTE	16	16	26	ENG	0	Wed Jan 07 16:39:46.558940 2004 AUSEST			0
284	1	MINUTE	17	17	27	ENG	0	Wed Jan 07 16:39:46.586940 2004 AUSEST			0
285	1	MINUTE	18	18	28	ENG	0	Wed Jan 07 16:39:46.615940 2004 AUSEST			0
286	1	MINUTE	19	19	29	ENG	0	Wed Jan 07 16:39:46.644940 2004 AUSEST			0
287	1	MINUTE	20	20	30	ENG	0	Wed Jan 07 16:39:46.673940 2004 AUSEST			0
288	1	MINUTE	21	21	31	ENG	0	Wed Jan 07 16:39:46.701940 2004 AUSEST			0
289	1	MINUTE	22	22	32	ENG	0	Wed Jan 07 16:39:46.729940 2004 AUSEST			0
290	1	MINUTE	23	23	33	ENG	0	Wed Jan 07 16:39:46.758940 2004 AUSEST			0
291	1	MINUTE	24	24	34	ENG	0	Wed Jan 07 16:39:46.786940 2004 AUSEST			0
292	1	MINUTE	25	25	35	ENG	0	Wed Jan 07 16:39:46.814940 2004 AUSEST			0
293	1	MINUTE	26	26	36	ENG	0	Wed Jan 07 16:39:46.843940 2004 AUSEST			0
294	1	MINUTE	27	27	37	ENG	0	Wed Jan 07 16:39:46.871940 2004 AUSEST			0
295	1	MINUTE	28	28	38	ENG	0	Wed Jan 07 16:39:46.900940 2004 AUSEST			0
296	1	MINUTE	29	29	39	ENG	0	Wed Jan 07 16:39:46.928940 2004 AUSEST			0
297	1	MINUTE	30	30	40	ENG	0	Wed Jan 07 16:39:46.963940 2004 AUSEST			0
298	1	MINUTE	31	31	41	ENG	0	Wed Jan 07 16:39:47.000940 2004 AUSEST			0
299	1	MINUTE	32	32	42	ENG	0	Wed Jan 07 16:39:47.028940 2004 AUSEST			0
300	1	MINUTE	33	33	43	ENG	0	Wed Jan 07 16:39:47.057940 2004 AUSEST			0
301	1	MINUTE	34	34	44	ENG	0	Wed Jan 07 16:39:47.085940 2004 AUSEST			0
302	1	MINUTE	35	35	45	ENG	0	Wed Jan 07 16:39:47.114940 2004 AUSEST			0
303	1	MINUTE	36	36	46	ENG	0	Wed Jan 07 16:39:47.142940 2004 AUSEST			0
304	1	MINUTE	37	37	47	ENG	0	Wed Jan 07 16:39:47.170940 2004 AUSEST			0
305	1	MINUTE	38	38	48	ENG	0	Wed Jan 07 16:39:47.199940 2004 AUSEST			0
306	1	MINUTE	39	39	49	ENG	0	Wed Jan 07 16:39:47.227940 2004 AUSEST			0
307	1	MINUTE	40	40	50	ENG	0	Wed Jan 07 16:39:47.256940 2004 AUSEST			0
308	1	MINUTE	41	41	51	ENG	0	Wed Jan 07 16:39:47.285940 2004 AUSEST			0
309	1	MINUTE	42	42	52	ENG	0	Wed Jan 07 16:39:47.314940 2004 AUSEST			0
310	1	MINUTE	43	43	53	ENG	0	Wed Jan 07 16:39:47.401940 2004 AUSEST			0
311	1	MINUTE	44	44	54	ENG	0	Wed Jan 07 16:39:47.469940 2004 AUSEST			0
312	1	MINUTE	45	45	55	ENG	0	Wed Jan 07 16:39:47.498940 2004 AUSEST			0
313	1	MINUTE	46	46	56	ENG	0	Wed Jan 07 16:39:47.526940 2004 AUSEST			0
314	1	MINUTE	47	47	57	ENG	0	Wed Jan 07 16:39:47.555940 2004 AUSEST			0
315	1	MINUTE	48	48	58	ENG	0	Wed Jan 07 16:39:47.584940 2004 AUSEST			0
316	1	MINUTE	49	49	59	ENG	0	Wed Jan 07 16:39:47.612940 2004 AUSEST			0
317	1	MINUTE	50	50	60	ENG	0	Wed Jan 07 16:39:47.641940 2004 AUSEST			0
318	1	MINUTE	51	51	61	ENG	0	Wed Jan 07 16:39:47.669940 2004 AUSEST			0
319	1	MINUTE	52	52	62	ENG	0	Wed Jan 07 16:39:47.698940 2004 AUSEST			0
320	1	MINUTE	53	53	63	ENG	0	Wed Jan 07 16:39:47.726940 2004 AUSEST			0
321	1	MINUTE	54	54	64	ENG	0	Wed Jan 07 16:39:47.754940 2004 AUSEST			0
322	1	MINUTE	55	55	65	ENG	0	Wed Jan 07 16:39:47.783940 2004 AUSEST			0
323	1	MINUTE	56	56	66	ENG	0	Wed Jan 07 16:39:47.811940 2004 AUSEST			0
324	1	MINUTE	57	57	67	ENG	0	Wed Jan 07 16:39:47.840940 2004 AUSEST			0
325	1	MINUTE	58	58	68	ENG	0	Wed Jan 07 16:39:47.868940 2004 AUSEST			0
326	1	MINUTE	59	59	69	ENG	0	Wed Jan 07 16:39:47.897940 2004 AUSEST			0
327	1	TIME	AM	AM	1	ENG	0	Wed Jan 07 16:39:47.926940 2004 AUSEST			0
328	1	TIME	PM	PM	2	ENG	0	Wed Jan 07 16:39:47.954940 2004 AUSEST			0
329	1	BIO_QUANTITY_UNITS	ml	Milliliter	2	Eng	0	Wed Jan 07 16:39:47.982940 2004 AUSEST			0
330	1	BIO_QUANTITY_UNITS	gms	Gram	3	Eng	0	Wed Jan 07 16:39:48.011940 2004 AUSEST			0
331	1	BIOSPECGRADE	Immediate	Immediate	1	Eng	0	Tue Jan 13 10:15:04.252733 2004 EST			0
332	1	BIOSPECGRADE	Delay < 30mins	Delay < 30mins	2	Eng	0	Tue Jan 13 10:15:08.279178 2004 EST			0
333	1	BIOSPECGRADE	Delay > 30mins	Delay > 30mins	3	Eng	0	Tue Jan 13 10:15:12.157469 2004 EST			0
334	1	BIOSPECGRADE	Autopsy (>24hrs)	Autopsy (>24hrs)	4	Eng	0	Tue Jan 13 10:15:17.125407 2004 EST			0
335	1	BIOSPECIES	Human	Human	1	Eng	0	Wed Jan 07 16:39:48.124940 2004 AUSEST			0
336	1	BIOSPECIES	Rat	Rat	2	Eng	0	Wed Jan 07 16:39:48.124940 2004 AUSEST			0
337	1	BIOSPECIES	Mouse	Mouse	3	Eng	0	Wed Jan 07 16:39:48.124940 2004 AUSEST			0
338	1	BIOSPECIES	Sheep	Sheep	4	Eng	0	Wed Jan 07 16:39:48.124940 2004 AUSEST			0
339	1	BIOSPECIES	Pig	Pig	5	Eng	0	Wed Jan 07 16:39:48.124940 2004 AUSEST			0
347	1	Cardiac Tissue	Left Ventricle		1	ENG	0	Wed Jan 07 16:39:34.282940 2004 AUSEST			0
348	1	Cardiac Tissue	Right Ventricle		2	ENG	0	Wed Jan 07 16:39:34.282940 2004 AUSEST			0
349	1	Cardiac Tissue	Atrium		3	ENG	0	Wed Jan 07 16:39:34.282940 2004 AUSEST			0
1002	1	BIO_QUANTITY_UNITS	vial	Unit	1	ENG	0	Tue Jan 20 08:14:59.799489 2004 EST			0
1004	1	RESEARCHER	John Smith	John Smith	1	ENG	0	Fri Jan 23 17:51:40.470774 2004 EST			0
1009	1	COLLABORATOR	None	None	1	ENG	0	Fri Jan 23 17:53:31.770366 2004 EST			0
1011	1	CAUSEOD			0	ENG	0	Thu Jun 10 16:23:06.214124 2004 EST			0
1012	1	CAUSEOD	Accident		1	ENG	0	Tue Jun 08 13:08:20.777574 2004 EST			0
1013	1	CAUSEOD	Natural		2	ENG	0	Tue Jun 08 13:08:20.879340 2004 EST			0
1017	1	SMARTFORM_SENSITIVITY	Low		1	ENG	0	Tue Aug 10 14:59:10.365249 2004 EST			0
1018	1	SMARTFORM_SENSITIVITY	High		2	ENG	0	Tue Aug 10 14:59:10.369181 2004 EST			0
1019	1	SMARTFORM_DOMAINS	Study		1	ENG	0	Tue Aug 10 14:59:35.397826 2004 EST			0
1020	1	COLLECTION_TUBE	6 mls ACD		1	ENG	0	Mon Aug 23 13:08:49.127644 2004 EST			0
1021	1	COLLECTION_TUBE	9 mls ACD		2	ENG	0	Mon Aug 23 13:08:49.130497 2004 EST			0
1022	1	COLLECTION_TUBE	EDTA		3	ENG	0	Mon Aug 23 13:08:49.134634 2004 EST			0
1023	1	COLLECTION_TUBE	Other		4	ENG	0	Mon Aug 23 13:08:49.137709 2004 EST			0
1024	1	MRDG1WASH	Yes		1	ENG	0	Mon Aug 23 13:08:49.140642 2004 EST			0
1025	1	MRDG1WASH	No		2	ENG	0	Mon Aug 23 13:08:49.143230 2004 EST			0
1026	1	MRDRNA	Yes		1	ENG	0	Mon Aug 23 13:08:49.145715 2004 EST			0
1027	1	MRDRNA	No		2	ENG	0	Mon Aug 23 13:08:49.148208 2004 EST			0
1028	1	REPORT_PARAM_OPERATOR	<	Less Than	0	ENG	0	Mon Aug 23 13:08:49.167655 2004 EST			0
1029	1	REPORT_PARAM_OPERATOR	=<	Less Than OR Equal To	1	ENG	0	Mon Aug 23 13:08:49.170250 2004 EST			0
1030	1	REPORT_PARAM_OPERATOR	=>	Greater Than or Equal To	2	ENG	0	Mon Aug 23 13:08:49.172855 2004 EST			0
1031	1	REPORT_PARAM_OPERATOR	>	Greater Than	3	ENG	0	Mon Aug 23 13:08:49.175678 2004 EST			0
1032	1	REPORT_PARAM_OPERATOR	=	Equal To	4	ENG	0	Mon Aug 23 13:08:49.178530 2004 EST			0
1033	1	REPORT_PARAM_TYPE	Numeric	Number type for report parameter	0	ENG	0	Mon Aug 23 13:08:49.181306 2004 EST			0
1034	1	REPORT_PARAM_TYPE	String	String type for report parameter	1	ENG	0	Mon Aug 23 13:08:49.185001 2004 EST			0
1035	1	REPORT_PARAM_TYPE	Date	Date type for report parameter	2	ENG	0	Mon Aug 23 13:08:49.187962 2004 EST			0
1044	1	NOTETYPE	history	history	\N	ENG	0	Mon Aug 23 13:08:49.481918 2004 EST			0
1048	1	SPECIES	Human	Human	1	ENG	0	Mon Aug 23 13:08:49.190918 2004 EST			0
1049	1	SPECIES	Baboon	Baboon	2	ENG	0	Mon Aug 23 13:08:49.190918 2004 EST			0
1050	1	SPECIES	Mouse	Mouse	3	ENG	0	Mon Aug 23 13:08:49.190918 2004 EST			0
1051	1	SPECIES	Rat	Rat	4	ENG	0	Mon Aug 23 13:08:49.190918 2004 EST			0
1052	1	SPECIES	Rabbit	Rabbit	5	ENG	0	Mon Aug 23 13:08:49.190918 2004 EST			0
1053	1	SPECIES	Goat	Goat	6	ENG	0	Mon Aug 23 13:08:49.190918 2004 EST			0
1054	1	SPECIES	Sheep	Sheep	7	ENG	0	Mon Aug 23 13:08:49.190918 2004 EST			0
1055	1	SPECIES	Cat	Cat	8	ENG	0	Mon Aug 23 13:08:49.190918 2004 EST			0
1056	1	SPECIES	Dog	Dog	9	ENG	0	Mon Aug 23 13:08:49.190918 2004 EST			0
1057	1	SPECIES	Cow	Cow	10	ENG	0	Mon Aug 23 13:08:49.190918 2004 EST			0
1058	1	SPECIES	Pig	Pig	11	ENG	0	Mon Aug 23 13:08:49.190918 2004 EST			0
1059	1	HOSPITAL	JHH	JHH	1	ENG	0	Mon Aug 30 10:56:56.222209 2004 AUSEST			0
1060	1	HOSPITAL	POWCH	POWCH	2	ENG	0	Mon Aug 30 10:57:06.499209 2004 AUSEST			0
1061	1	HOSPITAL	RAHC	RAHC	3	ENG	0	Mon Aug 30 10:57:14.585209 2004 AUSEST			0
1062	1	HOSPITAL	RGH Concord	RGH Concord	4	ENG	0	Mon Aug 30 10:57:39.409209 2004 AUSEST			0
1063	1	HOSPITAL	RPAH	RPAH	5	ENG	0	Mon Aug 30 10:57:49.078209 2004 AUSEST			0
1064	1	HOSPITAL	Sydney Hospital	Sydney Hospital	6	ENG	0	Mon Aug 30 10:58:01.326209 2004 AUSEST			0
1065	1	DIAGCATEGORY	DMD	DMD	1	ENG	0	Mon Aug 23 13:08:49.193660 2004 EST			0
1066	1	DIAGCATEGORY	BMD	BMD	2	ENG	0	Mon Aug 23 13:08:49.193660 2004 EST			0
1067	1	DIAGCATEGORY	CMD	CMD	3	ENG	0	Mon Aug 23 13:08:49.193660 2004 EST			0
1068	1	DIAGCATEGORY	LGMD	LGMD	4	ENG	0	Mon Aug 23 13:08:49.193660 2004 EST			0
1069	1	DIAGCATEGORY	NM	NM	5	ENG	0	Mon Aug 23 13:08:49.193660 2004 EST			0
1070	1	DIAGCATEGORY	Dystrophy	Dystrophy	6	ENG	0	Mon Aug 23 13:08:49.193660 2004 EST			0
1071	1	DIAGCATEGORY	Myopathy	Myopathy	7	ENG	0	Mon Aug 23 13:08:49.193660 2004 EST			0
1072	1	DIAGCATEGORY	Disease Control	Disease Control	8	ENG	0	Mon Aug 23 13:08:49.193660 2004 EST			0
1073	1	DIAGCATEGORY	Healthy Control	Healthy Control	9	ENG	0	Mon Aug 23 13:08:49.193660 2004 EST			0
1074	1	DIAGCATEGORY	Unknown	Unknown	2	ENG	10	Mon Aug 23 13:08:49.193660 2004 EST			0
1075	1	BIOSPECCOLLECTIONTYPE	Skeletal Muscle	Skeletal Muscle	1	ENG	0	Tue Jan 13 10:00:47.469667 2004 EST			0
1076	1	BIOSPECCOLLECTIONTYPE	Cardiac Muscle	Cardiac Muscle	2	ENG	0	Tue Jan 13 10:00:47.469667 2004 EST			0
1077	1	BIOSPECCOLLECTIONTYPE	Brain	Brain	3	ENG	0	Tue Jan 13 10:00:47.469667 2004 EST			0
1078	1	BIOSPECCOLLECTIONTYPE	Liver	Liver	4	ENG	0	Tue Jan 13 10:00:47.469667 2004 EST			0
1079	1	BIOSPECCOLLECTIONTYPE	Kidney	Kidney	5	ENG	0	Tue Jan 13 10:00:47.469667 2004 EST			0
1080	1	BIOSPECCOLLECTIONTYPE	Stomach	Stomach	6	ENG	0	Tue Jan 13 10:00:47.469667 2004 EST			0
1081	1	BIOSPECCOLLECTIONTYPE	Spleen	Spleen	7	ENG	0	Tue Jan 13 10:00:47.469667 2004 EST			0
1082	1	BIOSPECCOLLECTIONTYPE	Pancreas	Pancreas	8	ENG	0	Tue Jan 13 10:00:47.469667 2004 EST			0
1083	1	BIOSPECCOLLECTIONTYPE	Lung	Lung	9	ENG	0	Tue Jan 13 10:00:47.469667 2004 EST			0
1084	1	BIOSPECCOLLECTIONTYPE	Eye	Eye	10	ENG	0	Tue Jan 13 10:00:47.469667 2004 EST			0
1085	1	BIOSPECCOLLECTIONTYPE	Intestine	Intestine	11	ENG	0	Tue Jan 13 10:00:47.469667 2004 EST			0
1086	1	BIOSPECCOLLECTIONTYPE	Bone	Bone	12	ENG	0	Tue Jan 13 10:00:47.469667 2004 EST			0
1087	1	BIOSPECCOLLECTIONTYPE	Unknown	Unknown	13	ENG	0	Tue Jan 13 10:00:47.469667 2004 EST			0
1088	1	BIOSPECCOLLECTIONTYPE_SKELETAL	Biceps	Biceps	1	ENG	0	Tue Jan 13 10:00:47.469667 2004 EST	BIOSPECCOLLECTIONTYPE	Skeletal Muscle	0
1089	1	BIOSPECCOLLECTIONTYPE_SKELETAL	Deltoid	Deltoid	2	ENG	0	Tue Jan 13 10:00:47.469667 2004 EST	BIOSPECCOLLECTIONTYPE	Skeletal Muscle	0
1090	1	BIOSPECCOLLECTIONTYPE_SKELETAL	Diaphragm	Diaphragm	3	ENG	0	Tue Jan 13 10:00:47.469667 2004 EST	BIOSPECCOLLECTIONTYPE	Skeletal Muscle	0
1091	1	BIOSPECCOLLECTIONTYPE_SKELETAL	EDL	EDL	4	ENG	0	Tue Jan 13 10:00:47.469667 2004 EST	BIOSPECCOLLECTIONTYPE	Skeletal Muscle	0
1092	1	BIOSPECCOLLECTIONTYPE_SKELETAL	Gastrocnemius	Gastrocnemius	5	ENG	0	Tue Jan 13 10:00:47.469667 2004 EST	BIOSPECCOLLECTIONTYPE	Skeletal Muscle	0
1093	1	BIOSPECCOLLECTIONTYPE_SKELETAL	Pectoralis Major	Pectoralis Major	6	ENG	0	Tue Jan 13 10:00:47.469667 2004 EST	BIOSPECCOLLECTIONTYPE	Skeletal Muscle	0
1094	1	BIOSPECCOLLECTIONTYPE_SKELETAL	Quadriceps	Quadriceps	7	ENG	0	Tue Jan 13 10:00:47.469667 2004 EST	BIOSPECCOLLECTIONTYPE	Skeletal Muscle	0
1095	1	BIOSPECCOLLECTIONTYPE_SKELETAL	Soleus	Soleus	8	ENG	0	Tue Jan 13 10:00:47.469667 2004 EST	BIOSPECCOLLECTIONTYPE	Skeletal Muscle	0
1096	1	BIOSPECCOLLECTIONTYPE_SKELETAL	Tibialis Anterior	Tibialis Anterior	9	ENG	0	Tue Jan 13 10:00:47.469667 2004 EST	BIOSPECCOLLECTIONTYPE	Skeletal Muscle	0
1097	1	BIOSPECCOLLECTIONTYPE_SKELETAL	Trapezius	Trapezius	10	ENG	0	Tue Jan 13 10:00:47.469667 2004 EST	BIOSPECCOLLECTIONTYPE	Skeletal Muscle	0
1098	1	BIOSPECCOLLECTIONTYPE_SKELETAL	Triceps	Triceps	11	ENG	0	Tue Jan 13 10:00:47.469667 2004 EST	BIOSPECCOLLECTIONTYPE	Skeletal Muscle	0
1099	1	BIOSPECCOLLECTIONTYPE_SKELETAL	Vastus Lateralis	Vastus Lateralis	12	ENG	0	Tue Jan 13 10:00:47.469667 2004 EST	BIOSPECCOLLECTIONTYPE	Skeletal Muscle	0
1100	1	Skeletal Muscle	Biceps	Biceps	1	ENG	0	Tue Jan 13 10:00:47.469667 2004 EST			0
1101	1	Skeletal Muscle	Deltoid	Deltoid	2	ENG	0	Tue Jan 13 10:00:47.469667 2004 EST			0
1102	1	Skeletal Muscle	Diaphragm	Diaphragm	3	ENG	0	Tue Jan 13 10:00:47.469667 2004 EST			0
1103	1	Skeletal Muscle	EDL	EDL	4	ENG	0	Tue Jan 13 10:00:47.469667 2004 EST			0
1104	1	Skeletal Muscle	Gastrocnemius	Gastrocnemius	5	ENG	0	Tue Jan 13 10:00:47.469667 2004 EST			0
1105	1	Skeletal Muscle	Pectoralis Major	Pectoralis Major	6	ENG	0	Tue Jan 13 10:00:47.469667 2004 EST			0
1106	1	Skeletal Muscle	Quadriceps	Quadriceps	7	ENG	0	Tue Jan 13 10:00:47.469667 2004 EST			0
1107	1	Skeletal Muscle	Soleus	Soleus	8	ENG	0	Tue Jan 13 10:00:47.469667 2004 EST			0
1108	1	Skeletal Muscle	Tibialis Anterior	Tibialis Anterior	9	ENG	0	Tue Jan 13 10:00:47.469667 2004 EST			0
1109	1	Skeletal Muscle	Trapezius	Trapezius	10	ENG	0	Tue Jan 13 10:00:47.469667 2004 EST			0
1110	1	Skeletal Muscle	Triceps	Triceps	11	ENG	0	Tue Jan 13 10:00:47.469667 2004 EST			0
1111	1	Skeletal Muscle	Vastus Lateralis	Vastus Lateralis	12	ENG	0	Tue Jan 13 10:00:47.469667 2004 EST			0
1125	1	BIOSPECCOLLECTIONTYPE_BRAIN	Spinal Cord	Spinal Cord	4	ENG	0	Tue Jan 13 10:00:47.469667 2004 EST	BIOSPECCOLLECTIONTYPE	Brain	0
1126	1	BIOSPECCOLLECTIONTYPE_BRAIN	Cerebellum	Cerebellum	1	ENG	0	Tue Jan 13 10:00:47.469667 2004 EST	BIOSPECCOLLECTIONTYPE	Brain	0
1127	1	BIOSPECCOLLECTIONTYPE_BRAIN	Cortex	Cortex	2	ENG	0	Tue Jan 13 10:00:47.469667 2004 EST	BIOSPECCOLLECTIONTYPE	Brain	0
1128	1	Brain	Spinal Cord	Spinal Cord	4	ENG	0	Tue Jan 13 10:00:47.469667 2004 EST			0
1129	1	Brain	Cerebellum	Cerebellum	1	ENG	0	Tue Jan 13 10:00:47.469667 2004 EST			0
1130	1	Brain	Cortex	Cortex	2	ENG	0	Tue Jan 13 10:00:47.469667 2004 EST			0
1131	1	BIOSPECCOLLECTIONTYPE_HISTOPATHOLOGY	Dystropic	Dystropic	1	ENG	0	Tue Jan 13 10:00:47.469667 2004 EST	BIOSPECCOLLECTIONTYPE_HISTOPATHOLOGY		0
1132	1	BIOSPECCOLLECTIONTYPE_HISTOPATHOLOGY	Myopathic	Myopathic	1	ENG	0	Tue Jan 13 10:00:47.469667 2004 EST	BIOSPECCOLLECTIONTYPE_HISTOPATHOLOGY		0
1133	1	BIOSPECCOLLECTIONTYPE_HISTOPATHOLOGY	Normal	Normal	1	ENG	0	Tue Jan 13 10:00:47.469667 2004 EST	BIOSPECCOLLECTIONTYPE_HISTOPATHOLOGY		0
1134	1	BIOSPECCOLLECTIONTYPE_HISTOPATHOLOGY	Unknown	Unknown	1	ENG	0	Tue Jan 13 10:00:47.469667 2004 EST	BIOSPECCOLLECTIONTYPE_HISTOPATHOLOGY		0
1135	1	WBSIZE	Normal		\N	ENG	0	Tue Aug 24 02:33:18.647595 2004 EST			0
1136	1	WBSIZE	Truncated		\N	ENG	0	Tue Aug 24 02:33:21.343888 2004 EST			0
1137	1	BIOANALYSIS	Genetic	Genetic	\N	ENG	0	Sat Aug 21 22:44:55.574312 2004 EST			0
1138	1	BIOANALYSIS	Immunohistochemistry	Immunhistochemistry	\N	ENG	0	Sat Aug 21 22:44:55.624108 2004 EST			0
1139	1	BIOANALYSIS	Western Blot	WesternBlot	\N	ENG	0	Sat Aug 21 22:44:55.658177 2004 EST			0
1140	1	MUTATION	Mutation		\N	ENG	0	Tue Aug 24 02:29:14.363309 2004 EST			0
1141	1	MUTATION	Polymorphism		\N	ENG	0	Tue Aug 24 02:29:29.725734 2004 EST			0
1142	1	ZYGOSITY	Homozygous		\N	ENG	0	Tue Aug 24 02:30:05.791849 2004 EST			0
1143	1	ZYGOSITY	Heterozygous		\N	ENG	0	Tue Aug 24 02:30:16.961931 2004 EST			0
1144	1	ZYGOSITY	Hemizygous		\N	ENG	0	Tue Aug 24 02:30:27.686499 2004 EST			0
1145	1	NORMAL	Normal		\N	ENG	0	Tue Aug 24 02:31:38.512674 2004 EST			0
1146	1	NORMAL	Abnormal		\N	ENG	0	Tue Aug 24 02:31:43.745428 2004 EST			0
1147	1	STAININGRESULT	<20%		5	ENG	0	Tue Aug 24 02:31:13.173442 2004 EST			0
1148	1	STAININGRESULT	+++		4	ENG	0	Tue Aug 24 02:31:13.173442 2004 EST			0
1149	1	STAININGRESULT	++		3	ENG	0	Tue Aug 24 02:31:17.094798 2004 EST			0
1150	1	STAININGRESULT	+		2	ENG	0	Tue Aug 24 02:31:24.581328 2004 EST			0
1151	1	STAININGRESULT	-		1	ENG	0	Tue Aug 24 02:31:28.675697 2004 EST			0
1152	1	STAININGRESULT	Note done		0	ENG	0	Tue Aug 24 02:31:28.675697 2004 EST			0
1153	1	EXPRESSION	-		\N	ENG	0	Tue Aug 24 02:32:37.540446 2004 EST			0
1154	1	WBEXPRESSION	-		\N	ENG	0	Tue Aug 24 02:33:10.266806 2004 EST			0
1155	1	EXPRESSION	>		\N	ENG	0	Tue Aug 24 02:32:37.540446 2004 EST			0
1156	1	WBEXPRESSION	>		\N	ENG	0	Tue Aug 24 02:33:10.266806 2004 EST			0
1157	1	EXPRESSION	<		\N	ENG	0	Tue Aug 24 02:32:42.668785 2004 EST			0
1158	1	WBEXPRESSION	<		\N	ENG	0	Tue Aug 24 02:33:08.100822 2004 EST			0
1159	1	EXPRESSION	=		\N	ENG	0	Tue Aug 24 02:32:46.927774 2004 EST			0
1160	1	WBEXPRESSION	=		\N	ENG	0	Tue Aug 24 02:33:04.351738 2004 EST			0
1161	1	SMARTFORM_DOMAINS	Bioanalysis	Bioanalysis	\N	ENG	0	Fri Oct 29 06:06:58.655649 2004 EST			0
1162	1	SMARTFORM_DOMAINS	Biospecimen	Biospecimen	\N	ENG	0	Fri Oct 29 15:54:22.058971 2004 EST			0
1163	1	BIOSPECCOLLECTIONTYPE_CARDIAC	Atrium	Atrium	1	ENG	0	Tue Jan 13 10:00:47.469667 2004 EST	BIOSPECCOLLECTIONTYPE	Cardiac Muscle	0
1164	1	BIOSPECCOLLECTIONTYPE_CARDIAC	Left Ventricle	Left Ventricle	2	ENG	0	Tue Jan 13 10:00:47.469667 2004 EST	BIOSPECCOLLECTIONTYPE	Cardiac Muscle	0
1165	1	BIOSPECCOLLECTIONTYPE_CARDIAC	Right Ventricle	Right Ventricle	3	ENG	0	Tue Jan 13 10:00:47.469667 2004 EST	BIOSPECCOLLECTIONTYPE	Cardiac Muscle	0
1166	1	Cardiac Muscle	Atrium	Atrium	1	ENG	0	Tue Jan 13 10:00:47.469667 2004 EST			0
1167	1	Cardiac Muscle	Left Ventricle	Left Ventricle	2	ENG	0	Tue Jan 13 10:00:47.469667 2004 EST			0
1168	1	Cardiac Muscle	Right Ventricle	Right Ventricle	3	ENG	0	Tue Jan 13 10:00:47.469667 2004 EST			0
1169	1	EPISODE	Primary Cancer	Primary Cancer	\N	ENG	0				0
1170	1	BIOSPECSTOREDIN	6ml tube		\N	ENG	0				0
1171	1	BIOSPECSTOREDIN	9ml tube		\N	ENG	0				0
1172	1	BIOSPECSTOREDIN	12ml tube		\N	ENG	0				0
1173	1	EPISODE	Secondary Episode	Secondary Episode	\N	ENG	0				0
1180	1	BIOTXN_STATUS	Available	Available	1	ENG	0				0
1181	1	BIOTXN_STATUS	Allocated	Allocated	2	ENG	0				0
1182	1	BIOTXN_STATUS	Delivered	Delivered	3	ENG	0				0
1223	1	CONSENTVERSION	v1.0	v1.0	1	ENG	0	Feb 26 2005 12:19PM			0
1224	1	CONSENTVERSION	v2.0	v2.0	2	ENG	0	Feb 26 2005 12:19PM			0
1225	1	CONSENTVERSION	v3.0	v3.0	3	ENG	0	Feb 26 2005 12:19PM			0
1226	1	CONSENTVERSION	v4.0	v4.0	4	ENG	0	Feb 26 2005 12:19PM			0
1227	1	CONSENTVERSION	v5.0	v5.0	5	ENG	0	Feb 26 2005 12:19PM			0
1045	1	SEX	Female	Female	2	ENG	0	Wed Jan 07 16:39:40.080940 2004 AUSEST			0
1046	1	SEX	Male	Male	1	ENG	0	Wed Jan 07 16:39:40.122940 2004 AUSEST			0
1047	1	SEX	Unknown	unknown	4	ENG	0	Wed Jan 07 16:39:40.208940 2004 AUSEST			0
1228	-1	SMARTFORM_DOMAINS	Admissions	Admissions	4	\N	0	Fri Feb 24 13:01:49.862775 2006 EST	\N	\N	0
1229	-1	PAT_ADM_EPISODENO	1	1	1	\N	0	Fri Feb 24 13:01:49.894170 2006 EST	\N	\N	0
1230	-1	PAT_ADM_EPISODENO	2	2	2	\N	0	Fri Feb 24 13:01:49.894934 2006 EST	\N	\N	0
1231	-1	PAT_ADM_EPISODENO	3	3	3	\N	0	Fri Feb 24 13:01:49.895598 2006 EST	\N	\N	0
1232	-1	PAT_ADM_EPISODENO	4	4	4	\N	0	Fri Feb 24 13:01:49.896443 2006 EST	\N	\N	0
1233	-1	PAT_ADM_EPISODENO	5	5	5	\N	0	Fri Feb 24 13:01:49.897373 2006 EST	\N	\N	0
1234	-1	PAT_ADM_EPISODEDESC	Primary Cancer	Primary Cancer	1	\N	0	Fri Feb 24 13:01:49.901791 2006 EST	\N	\N	0
1235	-1	PAT_ADM_EPISODEDESC	Secondary Episode	Secondary Episode	2	\N	0	Fri Feb 24 13:01:49.902645 2006 EST	\N	\N	0
1236	-1	PAT_ADM_EPISODEDESC	Recurrence	Recurrence	3	\N	0	Fri Feb 24 13:01:49.903378 2006 EST	\N	\N	0
1237	-1	PAT_ADM_COLLGRP	1	1	1	\N	0	Fri Feb 24 13:01:49.907168 2006 EST	\N	\N	0
1238	-1	PAT_ADM_COLLGRP	2	2	2	\N	0	Fri Feb 24 13:01:49.908021 2006 EST	\N	\N	0
1239	-1	PAT_ADM_COLLGRP	3	3	3	\N	0	Fri Feb 24 13:01:49.908745 2006 EST	\N	\N	0
1240	-1	PAT_ADM_COLLGRP	4	4	4	\N	0	Fri Feb 24 13:01:49.909464 2006 EST	\N	\N	0
1241	-1	PAT_ADM_COLLGRP	5	5	5	\N	0	Fri Feb 24 13:01:49.910190 2006 EST	\N	\N	0
1242	-1	PAT_ADM_TISSUETYPE			1	\N	0	Fri Feb 24 13:01:49.913863 2006 EST	\N	\N	0
1243	-1	PAT_ADM_TISSUETYPE	Liver	Liver	2	\N	0	Fri Feb 24 13:01:49.914651 2006 EST	\N	\N	0
1244	-1	PAT_ADM_TISSUETYPE	Lung	Lung	3	\N	0	Fri Feb 24 13:01:49.915397 2006 EST	\N	\N	0
1245	-1	PAT_ADM_TISSUETYPE	Bowel	Bowel	3	\N	0	Fri Feb 24 13:01:49.916163 2006 EST	\N	\N	0
1246	-1	PAT_ADM_TISSUECLASS			1	\N	0	Fri Feb 24 13:01:49.920489 2006 EST	\N	\N	0
1247	-1	PAT_ADM_TISSUECLASS	Benign	Benign	2	\N	0	Fri Feb 24 13:01:49.921330 2006 EST	\N	\N	0
1248	-1	PAT_ADM_TISSUECLASS	Normal	Normal	3	\N	0	Fri Feb 24 13:01:49.922158 2006 EST	\N	\N	0
1249	-1	PAT_ADM_TISSUECLASS	Tumour	Tumour	4	\N	0	Fri Feb 24 13:01:49.922958 2006 EST	\N	\N	0
1250	-1	REF_DOCTOR			1	\N	0	Fri Feb 24 13:01:49.925584 2006 EST	\N	\N	0
1251	-1	REF_DOCTOR	Dr John	Dr John	2	\N	0	Fri Feb 24 13:01:49.926367 2006 EST	\N	\N	0
1252	-1	REF_DOCTOR	Dr Jane	Dr Jane	3	\N	0	Fri Feb 24 13:01:49.927317 2006 EST	\N	\N	0
\.


--
-- Data for TOC entry 360 (OID 113638873)
-- Name: ix_listofvalues_description; Type: TABLE DATA; Schema: public; Owner: postgres
--

COPY ix_listofvalues_description ("DESCKEY", "TYPE", "DESCRIPTION", "DELETED") FROM stdin;
1	ALCOHOL CONSUMPTION	Alcohol Consumption	0
2	BIOANALYSIS	Not Used	0
3	BIOSPECAMNIO	Biospecimen Amnio	0
4	BIOSPECCOLLECTIONTYPE	Biospecimen Collection Type	0
5	BIOSPECCOLLECTIONTYPE_BRAIN	Biospecimen Collection Sub Type - Brain	0
6	BIOSPECCOLLECTIONTYPE_HISTOPATHOLOGY	Biospecimen Collection Sub Type - Histopathology	0
7	BIOSPECCOLLECTIONTYPE_SKELETAL	Biospecimen Collection Sub Type - Skeletal Muscle	0
8	BIOSPECFLUIDSUBTYPES	Biospecimen Fluid Sub Type	0
9	BIOSPECGRADE	Biospecimen Grade	0
10	BIOSPECIES	Species	0
11	BIOSPECLOCATION	Location	0
12	BIOSPECKARYOTYPE	Karyotype	0
13	BIOSPECTISSUESUBTYPES	Tissue Subtypes	0
14	BIOSPECTREATMENTS	Biospecimen Treatments	0
15	BIOSPYSTATUS	Biospy Status	0
16	BIO_QUANTITY_UNITS	Units of measure for Quantity	0
17	Brain	Brain Types	0
18	CAUSEOD	Cause OD	0
19	COLLABORATOR	Biospecimen Quantity Collaborator	0
20	COLLECTION_TUBE	Collection Tube	0
21	CONTACTPLACE	Contact Place	0
22	COUNTRY	Country	0
23	Cardiac Muscle	Cardiac Muscle	0
24	Cardiac Tissue	Cardiac Tissue	0
25	DAY	Day	0
26	DELIVERY MODE	Delivery Mode	0
27	DELIVERY SITES	Delivery Sites	0
28	DIABETES MANAGEMENT	Diabetes Management	0
29	DIAGCATEGORY	Diagnosis Category	0
30	ETHNICITY	Ethnicity	0
31	EXPERIMENT_ATTACHMENT	Experiment Attachment	0
32	EXPRESSION	Expression	0
33	FDIU CAUSES	FDIU Causes	0
34	HOSPITAL	Hospital	0
35	HOUR	Hour	0
36	INDICATION FOR COLLECTION	Indication for Collection	0
37	INDUCTION METHODS	Induction Methods	0
38	INVTANKSTATUS	Inventory Tank Status	0
39	KARYOTYPE	Karyotype	0
40	MINUTE	Minute	0
41	MONTH	Month	0
42	MRDG1WASH	MRDG1WASH	0
43	MRDRNA	MRDRNA	0
44	MUTATION	Mutation	0
45	NORMAL	Normal	0
46	NOTETYPE	NoteType	0
47	NUMBER OF FETUS	Number of Fetus	0
48	PET TREATMENT	Pet Treatment	0
49	PREP.OUTCOME	Prep Outcome	0
50	PROTEINURIA	Protein URIA	0
51	RENAL DISEASE	Renal Disease	0
52	REPORT_PARAM_OPERATOR	Report Parameter - Operators	0
53	REPORT_PARAM_TYPE	Report Parameter - Types	0
54	RESEARCHER	Researcher	0
55	SEX	Sex	0
56	SMARTFORM_DOMAINS	Smartform Domains	0
57	SMARTFORM_SENSITIVITY	Smartform Sensitivity	0
58	SPECIES	Species	0
59	STAININGRESULT	Staining Result	0
60	STATE	State	0
61	STATUS	Status	0
62	Skeletal Muscle	Skeletal Muscle	0
63	TIME	Time	0
64	TITLE	Title	0
65	TRAY_LABEL	Tray Label	0
66	TYPE OF CARE	Type of Care	0
67	WBEXPRESSION	Not Used	0
68	WBSIZE	Not Used	0
69	YESNOLIST	Yes No List	0
70	ZYGOSITY	Zygosity	0
71	DIABETES	Diabetes	0
72	BIOSPECCOLLECTIONTYPE_CARDIAC	Biospecimen Collection Sub Type - Cardiac Muscle	0
82	CONSENTVERSION	Consent Version Numbers	0
74	PAT_ADM_EPISODENO	Collection Episode Numbers	0
75	PAT_ADM_EPISODEDESC	Collection Episode Description	0
76	PAT_ADM_COLLGRP	Collection Group Numbers	0
77	PAT_ADM_TISSUETYPE	Collection Episode Description	0
78	PAT_ADM_TISSUECLASS	Collection Group Numbers	0
79	REF_DOCTOR	Surgeon - Collections	0
\.


--
-- Data for TOC entry 361 (OID 113638877)
-- Name: ix_log; Type: TABLE DATA; Schema: public; Owner: postgres
--

COPY ix_log ("LOGKEY", "TYPE", "PRIORITY", "RESULT", "SHORT_DESCRIPTION", "LONG_DESCRIPTION", "USER", "DELETED", "TIMESTAMP") FROM stdin;
\.


--
-- Data for TOC entry 362 (OID 113638888)
-- Name: ix_notes; Type: TABLE DATA; Schema: public; Owner: postgres
--

COPY ix_notes ("NOTESKEY", "DOMAIN", "ELEMENTKEY", "TYPE", "NAME", "DATE", "FILENAME", "DESCRIPTION", "DELETED", "TIMESTAMP", "ADDEDBY") FROM stdin;
\.


--
-- Data for TOC entry 363 (OID 113638896)
-- Name: ix_patient; Type: TABLE DATA; Schema: public; Owner: postgres
--

COPY ix_patient ("PATIENTKEY", "PATIENTID", "MEDICARENO", "GROUPKEY", "HOSPITALUR", "HOSPITALNAME", "SEX", "TITLE", "SURNAME", "FIRSTNAME", "DOB", "ADDR_LINE1", "ADDR_SUBURB", "ADDR_STATE", "ADDR_OTHER_STATE", "ADDR_COUNTRY", "ADDR_OTHER_COUNTRY", "ADDR_POSTCODE", "TELEPHONE_HOME", "TELEPHONE_WORK", "TELEPHONE_MOBILE", "EMAIL", "STATUS", "DELETED", "TIMESTAMP", "OTHERID", "CAUSEOD", "DATA_VERFD", "DODEATH", "PATIENTCOMMENTS", "FLAG", "SPECIES", "COMMENTS", "USER") FROM stdin;
\.


--
-- Data for TOC entry 364 (OID 113638905)
-- Name: ix_patient_group; Type: TABLE DATA; Schema: public; Owner: postgres
--

COPY ix_patient_group ("TIMESTAMP", "PATIENTKEY", "GROUPKEY") FROM stdin;
\.


--
-- Data for TOC entry 365 (OID 113638908)
-- Name: ix_patient_smartform; Type: TABLE DATA; Schema: public; Owner: postgres
--

COPY ix_patient_smartform ("PATIENTSMARTFORMKEY", "PATIENTKEY", "SMARTFORMKEY", "STUDYKEY", "DELETED", "TIMESTAMP") FROM stdin;
\.


--
-- Data for TOC entry 366 (OID 113638913)
-- Name: ix_permission; Type: TABLE DATA; Schema: public; Owner: postgres
--

COPY ix_permission ("PERMISSIONKEY", "GROUPKEY", "ACTIVITYKEY", "USERGROUPKEY", "DELETED", "TIMESTAMP") FROM stdin;
54	100	52	3	0	Mon Dec 15 17:20:18.481424 2003 AUSEST
300	100	25	3	0	Thu Jan 08 10:31:50.181776 2004 EST
301	100	26	3	0	Thu Jan 08 10:31:50.198771 2004 EST
302	100	33	3	0	Thu Jan 08 10:31:50.215439 2004 EST
303	100	38	3	0	Thu Jan 08 10:31:50.231764 2004 EST
304	100	36	3	0	Thu Jan 08 10:31:50.247825 2004 EST
305	100	37	3	0	Thu Jan 08 10:31:50.265992 2004 EST
306	100	34	3	0	Thu Jan 08 10:31:50.281950 2004 EST
307	100	35	3	0	Thu Jan 08 10:31:50.298127 2004 EST
308	100	50	3	0	Thu Jan 08 10:31:50.314001 2004 EST
309	100	31	3	0	Thu Jan 08 10:31:50.331284 2004 EST
310	100	32	3	0	Thu Jan 08 10:31:50.347451 2004 EST
311	100	24	3	0	Thu Jan 08 10:31:50.363489 2004 EST
312	100	45	3	0	Thu Jan 08 10:31:50.379407 2004 EST
313	100	49	3	0	Thu Jan 08 10:31:50.398190 2004 EST
314	100	47	3	0	Thu Jan 08 10:31:50.414045 2004 EST
315	100	48	3	0	Thu Jan 08 10:31:50.429958 2004 EST
316	100	46	3	0	Thu Jan 08 10:31:50.445880 2004 EST
317	100	39	3	1	Thu Jan 08 10:31:50.461866 2004 EST
318	100	40	3	1	Thu Jan 08 10:31:50.481402 2004 EST
319	100	27	3	0	Thu Jan 08 10:31:50.498314 2004 EST
320	100	23	3	0	Thu Jan 08 10:31:50.514186 2004 EST
321	100	2	3	0	Thu Jan 08 10:31:50.530136 2004 EST
322	100	5	3	0	Thu Jan 08 10:31:50.547768 2004 EST
323	100	6	3	0	Thu Jan 08 10:31:50.565916 2004 EST
324	100	8	3	0	Thu Jan 08 10:31:50.582068 2004 EST
325	100	9	3	0	Thu Jan 08 10:31:50.597551 2004 EST
326	100	3	3	0	Thu Jan 08 10:31:50.615129 2004 EST
327	100	7	3	0	Thu Jan 08 10:31:50.632943 2004 EST
328	100	4	3	0	Thu Jan 08 10:31:50.649059 2004 EST
329	100	41	3	0	Thu Jan 08 10:31:50.665003 2004 EST
330	100	29	3	0	Thu Jan 08 10:31:50.682020 2004 EST
331	100	30	3	0	Thu Jan 08 10:31:50.699395 2004 EST
332	100	28	3	0	Thu Jan 08 10:31:50.715114 2004 EST
333	100	51	3	0	Thu Jan 08 10:31:50.731390 2004 EST
334	100	10	3	0	Thu Jan 08 10:31:50.747180 2004 EST
335	100	14	3	0	Thu Jan 08 10:31:50.764629 2004 EST
336	100	15	3	0	Thu Jan 08 10:31:50.781900 2004 EST
337	100	11	3	0	Thu Jan 08 10:31:50.798152 2004 EST
338	100	13	3	0	Thu Jan 08 10:31:50.814374 2004 EST
339	100	12	3	0	Thu Jan 08 10:31:50.831462 2004 EST
340	100	16	3	0	Thu Jan 08 10:31:50.848635 2004 EST
341	100	21	3	0	Thu Jan 08 10:31:50.864444 2004 EST
342	100	19	3	0	Thu Jan 08 10:31:50.880300 2004 EST
343	100	22	3	0	Thu Jan 08 10:31:50.897271 2004 EST
344	100	20	3	0	Thu Jan 08 10:31:50.913448 2004 EST
345	100	18	3	0	Thu Jan 08 10:31:50.930593 2004 EST
346	100	17	3	0	Thu Jan 08 10:31:50.946534 2004 EST
347	100	44	3	0	Thu Jan 08 10:31:50.962449 2004 EST
348	100	42	3	0	Thu Jan 08 10:32:01.931871 2004 EST
349	100	43	3	0	Thu Jan 08 10:32:01.948486 2004 EST
350	100	52	3	0	Thu Jan 08 10:32:01.966292 2004 EST
351	100	100	3	0	Thu Jan 08 10:52:06.448744 2004 EST
352	100	103	3	0	Thu Jan 08 10:52:06.466434 2004 EST
353	100	101	3	0	Thu Jan 08 10:52:06.502552 2004 EST
354	100	102	3	0	Thu Jan 08 10:52:06.519836 2004 EST
355	100	104	3	0	Thu Jan 08 10:56:39.112642 2004 EST
659	100	108	2	1	Sun Apr 10 14:00:24.141152 2005 AUSEST
44	100	38	2	0	Mon Sep 22 22:04:41.783305 2003 AUSEST
45	100	39	2	0	Mon Sep 22 22:04:41.784305 2003 AUSEST
395	100	39	2	0	Tue Jan 13 11:35:21.780357 2004 EST
46	100	40	2	0	Mon Sep 22 22:04:41.784305 2003 AUSEST
396	100	40	2	0	Tue Jan 13 11:35:21.796580 2004 EST
397	100	52	2	0	Tue Jan 13 11:35:21.813313 2004 EST
358	100	50	100	1	Mon Jan 12 16:54:12.846912 2004 EST
360	100	40	100	1	Mon Jan 12 16:54:12.884802 2004 EST
369	100	29	100	1	Mon Jan 12 16:54:13.043900 2004 EST
370	100	30	100	1	Mon Jan 12 16:54:13.062757 2004 EST
371	100	28	100	1	Mon Jan 12 16:54:13.079954 2004 EST
372	100	100	100	1	Mon Jan 12 16:54:13.096039 2004 EST
373	100	103	100	1	Mon Jan 12 16:54:13.111986 2004 EST
374	100	51	100	1	Mon Jan 12 16:54:13.128134 2004 EST
375	100	101	100	1	Mon Jan 12 16:54:13.144155 2004 EST
376	100	102	100	1	Mon Jan 12 16:54:13.160071 2004 EST
377	100	104	100	1	Mon Jan 12 16:54:13.176438 2004 EST
384	100	16	100	1	Mon Jan 12 16:54:13.299024 2004 EST
385	100	21	100	1	Mon Jan 12 16:54:13.318567 2004 EST
386	100	19	100	1	Mon Jan 12 16:54:13.334608 2004 EST
387	100	22	100	1	Mon Jan 12 16:54:13.350713 2004 EST
388	100	20	100	1	Mon Jan 12 16:54:13.367114 2004 EST
389	100	18	100	1	Mon Jan 12 16:54:13.383209 2004 EST
390	100	17	100	1	Mon Jan 12 16:54:13.399303 2004 EST
391	100	44	100	1	Mon Jan 12 16:54:13.416309 2004 EST
392	100	42	100	1	Mon Jan 12 16:54:13.433579 2004 EST
393	100	43	100	1	Mon Jan 12 16:54:13.450305 2004 EST
458	100	45	100	1	Tue Jan 20 09:33:31.929941 2004 EST
597	100	140	100	1	Fri Nov 05 14:12:50.283484 2004 EST
598	100	145	100	1	Fri Nov 05 14:12:50.321107 2004 EST
599	100	142	100	1	Fri Nov 05 14:12:50.359389 2004 EST
600	100	141	100	1	Fri Nov 05 14:12:50.405476 2004 EST
601	100	143	100	1	Fri Nov 05 14:12:50.451605 2004 EST
602	100	144	100	1	Fri Nov 05 14:12:50.497370 2004 EST
603	100	146	100	1	Fri Nov 05 14:12:50.553696 2004 EST
604	100	151	100	1	Fri Nov 05 14:12:50.581147 2004 EST
605	100	148	100	1	Fri Nov 05 14:12:50.616528 2004 EST
606	100	147	100	1	Fri Nov 05 14:12:50.671094 2004 EST
607	100	149	100	1	Fri Nov 05 14:12:50.741060 2004 EST
608	100	150	100	1	Fri Nov 05 14:12:50.769648 2004 EST
609	100	152	100	1	Fri Nov 05 14:12:50.815475 2004 EST
610	100	157	100	1	Fri Nov 05 14:12:50.916352 2004 EST
611	100	154	100	1	Fri Nov 05 14:12:50.972275 2004 EST
612	100	153	100	1	Fri Nov 05 14:12:51.001211 2004 EST
613	100	155	100	1	Fri Nov 05 14:12:51.044699 2004 EST
614	100	156	100	1	Fri Nov 05 14:12:51.118316 2004 EST
615	100	158	100	1	Fri Nov 05 14:12:51.182194 2004 EST
616	100	163	100	1	Fri Nov 05 14:12:51.211161 2004 EST
617	100	160	100	1	Fri Nov 05 14:12:51.245209 2004 EST
618	100	159	100	1	Fri Nov 05 14:12:51.291970 2004 EST
619	100	161	100	1	Fri Nov 05 14:12:51.337693 2004 EST
620	100	162	100	1	Fri Nov 05 14:12:51.384947 2004 EST
621	100	164	100	1	Fri Nov 05 14:12:51.445903 2004 EST
622	100	169	100	1	Fri Nov 05 14:12:51.491886 2004 EST
623	100	166	100	1	Fri Nov 05 14:12:51.537941 2004 EST
624	100	165	100	1	Fri Nov 05 14:12:51.584154 2004 EST
625	100	167	100	1	Fri Nov 05 14:12:51.632520 2004 EST
626	100	168	100	1	Fri Nov 05 14:12:51.704513 2004 EST
578	100	108	100	1	Mon Sep 13 13:51:58.557313 2004 EST
356	100	25	100	0	Mon Jan 12 16:54:12.813447 2004 EST
357	100	26	100	0	Mon Jan 12 16:54:12.830458 2004 EST
660	100	33	100	0	Sun Apr 10 14:07:26.862152 2005 AUSEST
661	100	136	100	0	Sun Apr 10 14:07:26.942152 2005 AUSEST
662	100	107	100	0	Sun Apr 10 14:07:27.033152 2005 AUSEST
663	100	38	100	0	Sun Apr 10 14:07:27.133152 2005 AUSEST
664	100	36	100	0	Sun Apr 10 14:07:27.226152 2005 AUSEST
665	100	37	100	0	Sun Apr 10 14:07:27.325152 2005 AUSEST
666	100	34	100	0	Sun Apr 10 14:07:27.445152 2005 AUSEST
667	100	35	100	0	Sun Apr 10 14:07:27.547152 2005 AUSEST
588	100	139	100	0	Fri Nov 05 14:12:48.027562 2004 EST
552	100	115	100	0	Mon Sep 13 13:51:56.925919 2004 EST
589	100	134	100	0	Fri Nov 05 14:12:48.224980 2004 EST
590	100	132	100	0	Fri Nov 05 14:12:48.289425 2004 EST
591	100	133	100	0	Fri Nov 05 14:12:48.336134 2004 EST
592	100	135	100	0	Fri Nov 05 14:12:48.382545 2004 EST
593	100	49	100	0	Fri Nov 05 14:12:48.428398 2004 EST
594	100	47	100	0	Fri Nov 05 14:12:48.487752 2004 EST
595	100	48	100	0	Fri Nov 05 14:12:48.521101 2004 EST
596	100	46	100	0	Fri Nov 05 14:12:48.550537 2004 EST
359	100	39	100	0	Mon Jan 12 16:54:12.864006 2004 EST
361	100	2	100	0	Mon Jan 12 16:54:12.901028 2004 EST
553	100	105	100	0	Mon Sep 13 13:51:57.026252 2004 EST
362	100	5	100	0	Mon Jan 12 16:54:12.917144 2004 EST
554	100	106	100	0	Mon Sep 13 13:51:57.080541 2004 EST
363	100	6	100	0	Mon Jan 12 16:54:12.933160 2004 EST
364	100	8	100	0	Mon Jan 12 16:54:12.954787 2004 EST
555	100	137	100	0	Mon Sep 13 13:51:57.159712 2004 EST
365	100	9	100	0	Mon Jan 12 16:54:12.970841 2004 EST
366	100	3	100	0	Mon Jan 12 16:54:12.986975 2004 EST
367	100	7	100	0	Mon Jan 12 16:54:13.003181 2004 EST
368	100	4	100	0	Mon Jan 12 16:54:13.020233 2004 EST
556	100	109	100	0	Mon Sep 13 13:51:57.525223 2004 EST
557	100	123	100	0	Mon Sep 13 13:51:57.549278 2004 EST
558	100	128	100	0	Mon Sep 13 13:51:57.576726 2004 EST
559	100	121	100	0	Mon Sep 13 13:51:57.601686 2004 EST
560	100	118	100	0	Mon Sep 13 13:51:57.629330 2004 EST
561	100	117	100	0	Mon Sep 13 13:51:57.669843 2004 EST
562	100	119	100	0	Mon Sep 13 13:51:57.697214 2004 EST
563	100	120	100	0	Mon Sep 13 13:51:57.721567 2004 EST
564	100	116	100	0	Mon Sep 13 13:51:57.746034 2004 EST
565	100	122	100	0	Mon Sep 13 13:51:57.772975 2004 EST
566	100	113	100	0	Mon Sep 13 13:51:57.797674 2004 EST
567	100	114	100	0	Mon Sep 13 13:51:57.823890 2004 EST
568	100	112	100	0	Mon Sep 13 13:51:57.878707 2004 EST
569	100	126	100	0	Mon Sep 13 13:51:57.905268 2004 EST
570	100	124	100	0	Mon Sep 13 13:51:57.929844 2004 EST
571	100	127	100	0	Mon Sep 13 13:51:57.954214 2004 EST
572	100	125	100	0	Mon Sep 13 13:51:57.978918 2004 EST
573	100	131	100	0	Mon Sep 13 13:51:58.011816 2004 EST
574	100	129	100	0	Mon Sep 13 13:51:58.036227 2004 EST
575	100	130	100	0	Mon Sep 13 13:51:58.060860 2004 EST
576	100	111	100	0	Mon Sep 13 13:51:58.086676 2004 EST
577	100	110	100	0	Mon Sep 13 13:51:58.111372 2004 EST
378	100	10	100	0	Mon Jan 12 16:54:13.192590 2004 EST
379	100	14	100	0	Mon Jan 12 16:54:13.208913 2004 EST
380	100	15	100	0	Mon Jan 12 16:54:13.228496 2004 EST
381	100	11	100	0	Mon Jan 12 16:54:13.246095 2004 EST
382	100	13	100	0	Mon Jan 12 16:54:13.263063 2004 EST
383	100	12	100	0	Mon Jan 12 16:54:13.281572 2004 EST
708	100	304	7	1	Fri May 13 12:47:15.197191 2005 EST
709	100	305	7	1	Fri May 13 12:47:15.235229 2005 EST
713	100	105	7	1	Fri May 13 12:47:15.252847 2005 EST
714	100	5	7	1	Fri May 13 12:47:15.256297 2005 EST
715	100	106	7	1	Fri May 13 12:47:15.260380 2005 EST
716	100	6	7	1	Fri May 13 12:47:15.263772 2005 EST
712	100	141	7	1	Fri May 13 12:47:15.247261 2005 EST
736	100	136	7	1	Mon May 16 12:30:34.944773 2005 EST
735	100	36	7	0	Mon May 16 12:30:34.935722 2005 EST
710	100	34	7	0	Fri May 13 12:47:15.240368 2005 EST
711	100	140	7	0	Fri May 13 12:47:15.243838 2005 EST
717	100	3	7	0	Fri May 13 12:47:15.267455 2005 EST
718	100	4	7	0	Fri May 13 12:47:15.271089 2005 EST
719	100	7	7	0	Fri May 13 12:47:15.274821 2005 EST
730	100	139	7	0	Fri May 13 20:05:40.701736 2005 EST
731	100	119	7	0	Fri May 13 20:05:40.723069 2005 EST
720	100	110	7	0	Fri May 13 12:47:15.278256 2005 EST
732	100	115	7	0	Fri May 13 20:05:40.729465 2005 EST
721	100	11	7	0	Fri May 13 12:47:15.281837 2005 EST
722	100	12	7	0	Fri May 13 12:47:15.285232 2005 EST
723	100	15	7	0	Fri May 13 12:47:15.289475 2005 EST
724	100	18	7	0	Fri May 13 12:47:15.294149 2005 EST
725	100	17	7	0	Fri May 13 12:47:15.297485 2005 EST
726	100	20	7	0	Fri May 13 12:47:15.300858 2005 EST
733	100	125	7	0	Fri May 13 20:05:40.763407 2005 EST
727	100	46	7	0	Fri May 13 12:47:15.304153 2005 EST
734	100	116	7	0	Fri May 13 20:05:40.769713 2005 EST
728	100	324	7	0	Fri May 13 12:48:25.454284 2005 EST
729	100	332	7	0	Fri May 13 12:48:25.459664 2005 EST
1	100	1	1	1	Mon Sep 22 22:04:41.764305 2003 AUSEST
2	100	2	1	1	Mon Sep 22 22:04:41.765305 2003 AUSEST
3	100	3	1	1	Mon Sep 22 22:04:41.766305 2003 AUSEST
5	100	5	1	1	Mon Sep 22 22:04:41.767305 2003 AUSEST
6	100	6	1	1	Mon Sep 22 22:04:41.767305 2003 AUSEST
7	100	7	1	1	Mon Sep 22 22:04:41.767305 2003 AUSEST
8	100	8	1	1	Mon Sep 22 22:04:41.768305 2003 AUSEST
9	100	9	1	1	Mon Sep 22 22:04:41.768305 2003 AUSEST
39	100	40	1	1	Mon Sep 22 22:04:41.781305 2003 AUSEST
118	100	40	1	1	Wed Jan 07 17:19:47.719940 2004 AUSEST
121	100	2	1	1	Wed Jan 07 17:19:48.622940 2004 AUSEST
122	100	5	1	1	Wed Jan 07 17:19:48.874940 2004 AUSEST
123	100	6	1	1	Wed Jan 07 17:19:49.146940 2004 AUSEST
124	100	8	1	1	Wed Jan 07 17:19:49.414940 2004 AUSEST
125	100	9	1	1	Wed Jan 07 17:19:49.725940 2004 AUSEST
126	100	3	1	1	Wed Jan 07 17:19:50.025940 2004 AUSEST
127	100	7	1	1	Wed Jan 07 17:19:50.322940 2004 AUSEST
628	100	140	1	1	Fri Nov 05 14:13:27.197215 2004 EST
629	100	145	1	1	Fri Nov 05 14:13:27.236066 2004 EST
630	100	142	1	1	Fri Nov 05 14:13:27.274838 2004 EST
631	100	141	1	1	Fri Nov 05 14:13:27.306642 2004 EST
632	100	143	1	1	Fri Nov 05 14:13:27.336388 2004 EST
633	100	144	1	1	Fri Nov 05 14:13:27.375380 2004 EST
634	100	146	1	1	Fri Nov 05 14:13:27.421371 2004 EST
635	100	151	1	1	Fri Nov 05 14:13:27.504220 2004 EST
636	100	148	1	1	Fri Nov 05 14:13:27.541318 2004 EST
637	100	147	1	1	Fri Nov 05 14:13:27.583806 2004 EST
638	100	149	1	1	Fri Nov 05 14:13:27.634692 2004 EST
639	100	150	1	1	Fri Nov 05 14:13:27.695972 2004 EST
640	100	152	1	1	Fri Nov 05 14:13:27.726782 2004 EST
641	100	157	1	1	Fri Nov 05 14:13:27.773067 2004 EST
642	100	154	1	1	Fri Nov 05 14:13:27.819080 2004 EST
643	100	153	1	1	Fri Nov 05 14:13:27.867902 2004 EST
644	100	155	1	1	Fri Nov 05 14:13:27.914241 2004 EST
645	100	156	1	1	Fri Nov 05 14:13:27.960074 2004 EST
646	100	158	1	1	Fri Nov 05 14:13:28.002699 2004 EST
647	100	163	1	1	Fri Nov 05 14:13:28.042804 2004 EST
648	100	160	1	1	Fri Nov 05 14:13:28.103496 2004 EST
649	100	159	1	1	Fri Nov 05 14:13:28.131231 2004 EST
650	100	161	1	1	Fri Nov 05 14:13:28.166560 2004 EST
651	100	162	1	1	Fri Nov 05 14:13:28.212976 2004 EST
652	100	164	1	1	Fri Nov 05 14:13:28.258888 2004 EST
653	100	169	1	1	Fri Nov 05 14:13:28.304712 2004 EST
654	100	166	1	1	Fri Nov 05 14:13:28.350945 2004 EST
655	100	165	1	1	Fri Nov 05 14:13:28.396898 2004 EST
656	100	167	1	1	Fri Nov 05 14:13:28.443142 2004 EST
657	100	168	1	1	Fri Nov 05 14:13:28.487959 2004 EST
551	100	108	1	1	Mon Sep 13 13:50:51.147969 2004 EST
52	100	50	1	1	Fri Nov 07 11:26:31.219963 2003 AUSEST
108	100	50	1	1	Wed Jan 07 17:19:44.877940 2004 AUSEST
31	100	31	1	1	Mon Sep 22 22:04:41.778305 2003 AUSEST
109	100	31	1	1	Wed Jan 07 17:19:45.138940 2004 AUSEST
32	100	32	1	1	Mon Sep 22 22:04:41.778305 2003 AUSEST
110	100	32	1	1	Wed Jan 07 17:19:45.431940 2004 AUSEST
24	100	24	1	1	Mon Sep 22 22:04:41.775305 2003 AUSEST
111	100	24	1	1	Wed Jan 07 17:19:45.734940 2004 AUSEST
48	100	45	1	1	Tue Sep 23 00:14:09.989305 2003 AUSEST
112	100	45	1	1	Wed Jan 07 17:19:46.030940 2004 AUSEST
27	100	27	1	1	Mon Sep 22 22:04:41.776305 2003 AUSEST
119	100	27	1	1	Wed Jan 07 17:19:48.022940 2004 AUSEST
23	100	23	1	1	Mon Sep 22 22:04:41.774305 2003 AUSEST
120	100	23	1	1	Wed Jan 07 17:19:48.320940 2004 AUSEST
40	100	41	1	1	Mon Sep 22 22:04:41.782305 2003 AUSEST
129	100	41	1	1	Wed Jan 07 17:19:50.867940 2004 AUSEST
29	100	29	1	1	Mon Sep 22 22:04:41.777305 2003 AUSEST
130	100	29	1	1	Wed Jan 07 17:19:51.128940 2004 AUSEST
30	100	30	1	1	Mon Sep 22 22:04:41.777305 2003 AUSEST
131	100	30	1	1	Wed Jan 07 17:19:51.428940 2004 AUSEST
28	100	28	1	1	Mon Sep 22 22:04:41.777305 2003 AUSEST
132	100	28	1	1	Wed Jan 07 17:19:51.729940 2004 AUSEST
454	100	100	1	1	Tue Jan 20 09:31:12.471958 2004 EST
455	100	103	1	1	Tue Jan 20 09:31:12.548115 2004 EST
53	100	51	1	1	Thu Nov 20 17:19:13.403702 2003 AUSEST
133	100	51	1	1	Wed Jan 07 17:19:52.027940 2004 AUSEST
456	100	101	1	1	Tue Jan 20 09:31:12.772946 2004 EST
457	100	102	1	1	Tue Jan 20 09:31:12.849863 2004 EST
394	100	104	1	1	Tue Jan 13 11:34:42.755311 2004 EST
10	100	10	1	1	Mon Sep 22 22:04:41.769305 2003 AUSEST
134	100	10	1	1	Wed Jan 07 17:19:52.559940 2004 AUSEST
14	100	14	1	1	Mon Sep 22 22:04:41.770305 2003 AUSEST
135	100	14	1	1	Wed Jan 07 17:19:52.819940 2004 AUSEST
15	100	15	1	1	Mon Sep 22 22:04:41.771305 2003 AUSEST
136	100	15	1	1	Wed Jan 07 17:19:53.157940 2004 AUSEST
11	100	11	1	1	Mon Sep 22 22:04:41.769305 2003 AUSEST
137	100	11	1	1	Wed Jan 07 17:19:53.449940 2004 AUSEST
13	100	13	1	1	Mon Sep 22 22:04:41.770305 2003 AUSEST
138	100	13	1	1	Wed Jan 07 17:19:53.743940 2004 AUSEST
12	100	12	1	1	Mon Sep 22 22:04:41.770305 2003 AUSEST
139	100	12	1	1	Wed Jan 07 17:19:54.045940 2004 AUSEST
16	100	16	1	1	Mon Sep 22 22:04:41.771305 2003 AUSEST
141	100	16	1	1	Wed Jan 07 17:22:01.967940 2004 AUSEST
21	100	21	1	1	Mon Sep 22 22:04:41.773305 2003 AUSEST
142	100	21	1	1	Wed Jan 07 17:22:02.265940 2004 AUSEST
19	100	19	1	1	Mon Sep 22 22:04:41.773305 2003 AUSEST
143	100	19	1	1	Wed Jan 07 17:22:02.532940 2004 AUSEST
22	100	22	1	1	Mon Sep 22 22:04:41.774305 2003 AUSEST
144	100	22	1	1	Wed Jan 07 17:22:02.935940 2004 AUSEST
20	100	20	1	1	Mon Sep 22 22:04:41.773305 2003 AUSEST
145	100	20	1	1	Wed Jan 07 17:22:03.458940 2004 AUSEST
18	100	18	1	1	Mon Sep 22 22:04:41.772305 2003 AUSEST
146	100	18	1	1	Wed Jan 07 17:22:03.725940 2004 AUSEST
17	100	17	1	1	Mon Sep 22 22:04:41.772305 2003 AUSEST
147	100	17	1	1	Wed Jan 07 17:22:03.986940 2004 AUSEST
43	100	44	1	1	Mon Sep 22 22:04:41.783305 2003 AUSEST
148	100	44	1	1	Wed Jan 07 17:22:04.267940 2004 AUSEST
41	100	42	1	1	Mon Sep 22 22:04:41.782305 2003 AUSEST
149	100	42	1	1	Wed Jan 07 17:22:04.529940 2004 AUSEST
42	100	43	1	1	Mon Sep 22 22:04:41.782305 2003 AUSEST
150	100	43	1	1	Wed Jan 07 17:22:04.822940 2004 AUSEST
530	100	123	1	0	Mon Sep 13 13:50:49.729208 2004 EST
531	100	128	1	0	Mon Sep 13 13:50:49.753323 2004 EST
532	100	121	1	0	Mon Sep 13 13:50:49.786067 2004 EST
33	100	33	1	0	Mon Sep 22 22:04:41.779305 2003 AUSEST
102	100	33	1	0	Wed Jan 07 17:19:43.135940 2004 AUSEST
579	100	107	1	0	Mon Sep 13 14:00:04.544584 2004 EST
38	100	38	1	0	Mon Sep 22 22:04:41.781305 2003 AUSEST
103	100	38	1	0	Wed Jan 07 17:19:43.425940 2004 AUSEST
35	100	35	1	0	Mon Sep 22 22:04:41.780305 2003 AUSEST
107	100	35	1	0	Wed Jan 07 17:19:44.628940 2004 AUSEST
37	100	37	1	0	Mon Sep 22 22:04:41.780305 2003 AUSEST
105	100	37	1	0	Wed Jan 07 17:19:44.041940 2004 AUSEST
36	100	36	1	0	Mon Sep 22 22:04:41.780305 2003 AUSEST
104	100	36	1	0	Wed Jan 07 17:19:43.718940 2004 AUSEST
34	100	34	1	0	Mon Sep 22 22:04:41.779305 2003 AUSEST
106	100	34	1	0	Wed Jan 07 17:19:44.327940 2004 AUSEST
668	100	136	1	0	Sun Apr 10 14:30:21.869152 2005 AUSEST
538	100	122	1	0	Mon Sep 13 13:50:49.935674 2004 EST
542	100	126	1	0	Mon Sep 13 13:50:50.041599 2004 EST
51	100	49	1	0	Thu Nov 06 16:25:37.153166 2003 AUSEST
113	100	49	1	0	Wed Jan 07 17:19:46.331940 2004 AUSEST
546	100	131	1	0	Mon Sep 13 13:50:50.146272 2004 EST
533	100	118	1	0	Mon Sep 13 13:50:49.810897 2004 EST
117	100	39	1	0	Wed Jan 07 17:19:47.432940 2004 AUSEST
543	100	124	1	0	Mon Sep 13 13:50:50.067895 2004 EST
49	100	47	1	0	Thu Nov 06 16:25:16.448166 2003 AUSEST
114	100	47	1	0	Wed Jan 07 17:19:46.632940 2004 AUSEST
547	100	129	1	0	Mon Sep 13 13:50:50.172125 2004 EST
534	100	117	1	0	Mon Sep 13 13:50:49.835669 2004 EST
525	100	134	1	0	Mon Sep 13 13:50:48.757926 2004 EST
526	100	132	1	0	Mon Sep 13 13:50:48.791289 2004 EST
527	100	133	1	0	Mon Sep 13 13:50:48.815546 2004 EST
528	100	135	1	0	Mon Sep 13 13:50:48.845049 2004 EST
25	100	25	1	0	Mon Sep 22 22:04:41.775305 2003 AUSEST
100	100	25	1	0	Wed Jan 07 17:19:42.559940 2004 AUSEST
26	100	26	1	0	Mon Sep 22 22:04:41.776305 2003 AUSEST
101	100	26	1	0	Wed Jan 07 17:19:42.844940 2004 AUSEST
4	100	4	1	0	Mon Sep 22 22:04:41.766305 2003 AUSEST
128	100	4	1	0	Wed Jan 07 17:19:50.627940 2004 AUSEST
627	100	139	1	0	Fri Nov 05 14:13:23.737298 2004 EST
535	100	119	1	0	Mon Sep 13 13:50:49.859807 2004 EST
529	100	109	1	0	Mon Sep 13 13:50:49.704947 2004 EST
539	100	113	1	0	Mon Sep 13 13:50:49.960078 2004 EST
540	100	114	1	0	Mon Sep 13 13:50:49.984767 2004 EST
541	100	112	1	0	Mon Sep 13 13:50:50.012225 2004 EST
549	100	111	1	0	Mon Sep 13 13:50:50.221904 2004 EST
550	100	110	1	0	Mon Sep 13 13:50:50.247462 2004 EST
580	100	115	1	0	Mon Sep 13 14:00:04.952177 2004 EST
544	100	127	1	0	Mon Sep 13 13:50:50.097050 2004 EST
50	100	48	1	0	Thu Nov 06 16:25:29.441166 2003 AUSEST
115	100	48	1	0	Wed Jan 07 17:19:46.891940 2004 AUSEST
548	100	130	1	0	Mon Sep 13 13:50:50.196133 2004 EST
536	100	120	1	0	Mon Sep 13 13:50:49.885347 2004 EST
545	100	125	1	0	Mon Sep 13 13:50:50.121962 2004 EST
47	100	46	1	0	Mon Sep 22 23:13:30.615305 2003 AUSEST
116	100	46	1	0	Wed Jan 07 17:19:47.132940 2004 AUSEST
537	100	116	1	0	Mon Sep 13 13:50:49.910079 2004 EST
658	100	271	101	1	Feb 25 2005 11:53AM
431	100	100	101	0	Tue Jan 13 11:36:39.107672 2004 EST
432	100	103	101	0	Tue Jan 13 11:36:39.123756 2004 EST
434	100	101	101	0	Tue Jan 13 11:36:39.157030 2004 EST
435	100	102	101	0	Tue Jan 13 11:36:39.173630 2004 EST
436	100	104	101	0	Tue Jan 13 11:36:39.190253 2004 EST
503	100	123	101	0	Tue Aug 10 15:00:44.099645 2004 EST
504	100	128	101	0	Tue Aug 10 15:00:44.131098 2004 EST
505	100	121	101	0	Tue Aug 10 15:00:44.178151 2004 EST
500	100	108	101	0	Tue Aug 10 14:51:42.358844 2004 EST
453	100	52	101	0	Tue Jan 13 11:36:39.471730 2004 EST
416	100	40	101	0	Tue Jan 13 11:36:38.856174 2004 EST
427	100	41	101	0	Tue Jan 13 11:36:39.041968 2004 EST
692	100	304	101	0	Thu Apr 28 19:19:18.821690 2005 EST
673	100	305	101	0	Thu Apr 28 13:58:51.268303 2005 EST
400	100	33	101	0	Tue Jan 13 11:36:38.592318 2004 EST
459	100	107	101	0	Tue Jun 08 13:15:29.547543 2004 EST
401	100	38	101	0	Tue Jan 13 11:36:38.608576 2004 EST
405	100	35	101	0	Tue Jan 13 11:36:38.673963 2004 EST
403	100	37	101	0	Tue Jan 13 11:36:38.641294 2004 EST
402	100	36	101	0	Tue Jan 13 11:36:38.624990 2004 EST
404	100	34	101	0	Tue Jan 13 11:36:38.657380 2004 EST
581	100	136	101	0	Wed Oct 27 15:52:39.432389 2004 EST
695	100	150	101	0	Mon May 02 19:08:32.414613 2005 EST
693	100	302	101	0	Thu Apr 28 19:19:18.841737 2005 EST
694	100	303	101	0	Thu Apr 28 19:19:18.851776 2005 EST
670	100	140	101	0	Tue Apr 26 20:22:55.790608 2005 AUSEST
671	100	141	101	0	Tue Apr 26 20:22:55.870608 2005 AUSEST
511	100	122	101	0	Tue Aug 10 15:00:44.384865 2004 EST
524	100	138	101	0	Thu Aug 26 14:27:18.699928 2004 EST
515	100	126	101	0	Tue Aug 10 15:00:44.543567 2004 EST
411	100	49	101	0	Tue Jan 13 11:36:38.775142 2004 EST
519	100	131	101	0	Tue Aug 10 15:00:44.699866 2004 EST
506	100	118	101	0	Tue Aug 10 15:00:44.206584 2004 EST
672	100	142	101	0	Tue Apr 26 20:22:56.070608 2005 AUSEST
415	100	39	101	0	Tue Jan 13 11:36:38.839814 2004 EST
516	100	124	101	0	Tue Aug 10 15:00:44.594097 2004 EST
412	100	47	101	0	Tue Jan 13 11:36:38.791240 2004 EST
520	100	129	101	0	Tue Aug 10 15:00:44.731566 2004 EST
507	100	117	101	0	Tue Aug 10 15:00:44.236010 2004 EST
450	100	44	101	0	Tue Jan 13 11:36:39.420935 2004 EST
410	100	45	101	0	Tue Jan 13 11:36:38.759149 2004 EST
451	100	42	101	0	Tue Jan 13 11:36:39.437084 2004 EST
452	100	43	101	0	Tue Jan 13 11:36:39.455229 2004 EST
583	100	134	101	0	Wed Oct 27 15:52:42.661935 2004 EST
584	100	132	101	0	Wed Oct 27 15:52:42.855332 2004 EST
585	100	133	101	0	Wed Oct 27 15:52:43.029937 2004 EST
586	100	135	101	0	Wed Oct 27 15:52:43.203591 2004 EST
433	100	51	101	0	Tue Jan 13 11:36:39.140723 2004 EST
398	100	25	101	0	Tue Jan 13 11:36:38.559760 2004 EST
407	100	31	101	0	Tue Jan 13 11:36:38.706620 2004 EST
428	100	29	101	0	Tue Jan 13 11:36:39.059307 2004 EST
399	100	26	101	0	Tue Jan 13 11:36:38.575862 2004 EST
408	100	32	101	0	Tue Jan 13 11:36:38.722873 2004 EST
417	100	27	101	0	Tue Jan 13 11:36:38.872617 2004 EST
429	100	30	101	0	Tue Jan 13 11:36:39.075455 2004 EST
418	100	23	101	0	Tue Jan 13 11:36:38.889093 2004 EST
409	100	24	101	0	Tue Jan 13 11:36:38.739088 2004 EST
430	100	28	101	0	Tue Jan 13 11:36:39.091523 2004 EST
419	100	2	101	0	Tue Jan 13 11:36:38.906814 2004 EST
460	100	105	101	0	Tue Jun 08 13:15:29.951112 2004 EST
420	100	5	101	0	Tue Jan 13 11:36:38.923494 2004 EST
461	100	106	101	0	Tue Jun 08 13:15:29.995498 2004 EST
421	100	6	101	0	Tue Jan 13 11:36:38.939926 2004 EST
422	100	8	101	0	Tue Jan 13 11:36:38.956144 2004 EST
423	100	9	101	0	Tue Jan 13 11:36:38.972257 2004 EST
424	100	3	101	0	Tue Jan 13 11:36:38.991297 2004 EST
426	100	4	101	0	Tue Jan 13 11:36:39.025036 2004 EST
425	100	7	101	0	Tue Jan 13 11:36:39.007620 2004 EST
587	100	137	101	0	Wed Oct 27 15:52:45.660770 2004 EST
582	100	139	101	0	Wed Oct 27 15:52:41.351683 2004 EST
406	100	50	101	0	Tue Jan 13 11:36:38.690331 2004 EST
508	100	119	101	0	Tue Aug 10 15:00:44.278564 2004 EST
502	100	109	101	0	Tue Aug 10 15:00:44.064262 2004 EST
512	100	113	101	0	Tue Aug 10 15:00:44.414055 2004 EST
513	100	114	101	0	Tue Aug 10 15:00:44.452463 2004 EST
514	100	112	101	0	Tue Aug 10 15:00:44.514062 2004 EST
522	100	111	101	0	Tue Aug 10 15:00:44.803983 2004 EST
523	100	110	101	0	Tue Aug 10 15:00:44.838439 2004 EST
501	100	115	101	0	Tue Aug 10 15:00:42.827551 2004 EST
697	100	157	101	0	Wed May 11 11:15:00.287667 2005 EST
676	100	318	101	0	Thu Apr 28 19:19:18.453469 2005 EST
674	100	306	101	0	Thu Apr 28 19:19:18.433239 2005 EST
675	100	312	101	0	Thu Apr 28 19:19:18.443334 2005 EST
696	100	151	101	0	Wed May 11 11:15:00.284423 2005 EST
699	100	162	101	0	Wed May 11 11:15:00.305345 2005 EST
678	100	311	101	0	Thu Apr 28 19:19:18.473637 2005 EST
679	100	323	101	0	Thu Apr 28 19:19:18.483772 2005 EST
698	100	156	101	0	Wed May 11 11:15:00.298340 2005 EST
677	100	317	101	0	Thu Apr 28 19:19:18.463461 2005 EST
701	100	159	101	0	Wed May 11 11:15:00.323098 2005 EST
680	100	308	101	0	Thu Apr 28 19:19:18.493892 2005 EST
700	100	153	101	0	Wed May 11 11:15:00.312435 2005 EST
681	100	314	101	0	Thu Apr 28 19:19:18.504055 2005 EST
682	100	320	101	0	Thu Apr 28 19:19:18.514200 2005 EST
703	100	158	101	0	Wed May 11 11:15:00.341173 2005 EST
702	100	152	101	0	Wed May 11 11:15:00.326365 2005 EST
685	100	319	101	0	Thu Apr 28 19:19:18.544563 2005 EST
683	100	313	101	0	Thu Apr 28 19:19:18.524236 2005 EST
684	100	307	101	0	Thu Apr 28 19:19:18.534375 2005 EST
705	100	160	101	0	Wed May 11 11:15:00.358688 2005 EST
686	100	309	101	0	Thu Apr 28 19:19:18.554698 2005 EST
687	100	315	101	0	Thu Apr 28 19:19:18.564865 2005 EST
688	100	321	101	0	Thu Apr 28 19:19:18.575112 2005 EST
704	100	154	101	0	Wed May 11 11:15:00.355455 2005 EST
707	100	161	101	0	Wed May 11 11:15:00.376672 2005 EST
691	100	322	101	0	Thu Apr 28 19:19:18.612930 2005 EST
689	100	316	101	0	Thu Apr 28 19:19:18.585329 2005 EST
706	100	155	101	0	Wed May 11 11:15:00.369459 2005 EST
690	100	310	101	0	Thu Apr 28 19:19:18.595389 2005 EST
437	100	10	101	0	Tue Jan 13 11:36:39.206885 2004 EST
438	100	14	101	0	Tue Jan 13 11:36:39.226172 2004 EST
440	100	11	101	0	Tue Jan 13 11:36:39.258440 2004 EST
441	100	13	101	0	Tue Jan 13 11:36:39.274572 2004 EST
442	100	12	101	0	Tue Jan 13 11:36:39.290704 2004 EST
439	100	15	101	0	Tue Jan 13 11:36:39.242334 2004 EST
443	100	16	101	0	Tue Jan 13 11:36:39.306913 2004 EST
445	100	19	101	0	Tue Jan 13 11:36:39.339153 2004 EST
446	100	22	101	0	Tue Jan 13 11:36:39.355277 2004 EST
444	100	21	101	0	Tue Jan 13 11:36:39.323066 2004 EST
448	100	18	101	0	Tue Jan 13 11:36:39.388363 2004 EST
449	100	17	101	0	Tue Jan 13 11:36:39.404693 2004 EST
447	100	20	101	0	Tue Jan 13 11:36:39.371429 2004 EST
517	100	127	101	0	Tue Aug 10 15:00:44.625037 2004 EST
413	100	48	101	0	Tue Jan 13 11:36:38.807241 2004 EST
521	100	130	101	0	Tue Aug 10 15:00:44.759991 2004 EST
509	100	120	101	0	Tue Aug 10 15:00:44.310179 2004 EST
518	100	125	101	0	Tue Aug 10 15:00:44.657755 2004 EST
414	100	46	101	0	Tue Jan 13 11:36:38.823617 2004 EST
510	100	116	101	0	Tue Aug 10 15:00:44.342574 2004 EST
\.


--
-- Data for TOC entry 367 (OID 113638918)
-- Name: ix_process; Type: TABLE DATA; Schema: public; Owner: postgres
--

COPY ix_process ("PROCESSKEY", "TYPE", "STATUS", "DESCRIPTION", "USER", "REPORT", "DELETED", "TIMESTAMP") FROM stdin;
\.


--
-- Data for TOC entry 368 (OID 113638926)
-- Name: ix_protein; Type: TABLE DATA; Schema: public; Owner: postgres
--

COPY ix_protein ("PROTEINKEY", "NAME", "LOCALISATION", "DELETED", "TIMESTAMP", "GENE") FROM stdin;
\.


--
-- Data for TOC entry 369 (OID 113638956)
-- Name: ix_smartform; Type: TABLE DATA; Schema: public; Owner: postgres
--

COPY ix_smartform ("SMARTFORMKEY", "SMARTFORM_NAME", "SMARTFORM_DESCRIPTION", "DOMAIN", "SENSITIVITY", "DELETED", "TIMESTAMP", "SMARTFORM_ORDER") FROM stdin;
\.


--
-- Data for TOC entry 370 (OID 113638962)
-- Name: ix_smartform_optionpool; Type: TABLE DATA; Schema: public; Owner: postgres
--

COPY ix_smartform_optionpool ("OPTIONPOOL_KEY", "OPTIONPOOL_NAME", "OPTIONPOOL_DESCRIPTION", "DELETED", "TIMESTAMP") FROM stdin;
\.


--
-- Data for TOC entry 371 (OID 113638967)
-- Name: ix_smartform_options; Type: TABLE DATA; Schema: public; Owner: postgres
--

COPY ix_smartform_options ("OPTION_KEY", "OPTIONPOOL_KEY", "OPTION_LABEL", "OPTION_VALUE", "OPTION_ORDER", "DELETED", "TIMESTAMP") FROM stdin;
\.


--
-- Data for TOC entry 372 (OID 113638972)
-- Name: ix_smartform_participants; Type: TABLE DATA; Schema: public; Owner: postgres
--

COPY ix_smartform_participants ("SMARTFORMPARTICIPANTKEY", "SMARTFORMKEY", "PARTICIPANTKEY", "DOMAIN", "SMARTFORMSTATUS", "USERNOTE", "ADDEDBY", "DATEADDED", "LASTUPDATEDBY", "DATELASTUPDATED", "CURRENTPAGE", "DELETED", "TIMESTAMP") FROM stdin;
\.


--
-- Data for TOC entry 373 (OID 113638981)
-- Name: ix_smartform_results; Type: TABLE DATA; Schema: public; Owner: postgres
--

COPY ix_smartform_results ("SMARTFORMRESULTKEY", "SMARTFORMPARTICIPANTKEY", "DATAELEMENTKEY", "DATAELEMENTRESULT", "DELETED", "TIMESTAMP") FROM stdin;
\.


--
-- Data for TOC entry 374 (OID 113638989)
-- Name: ix_smartform_to_dataelements; Type: TABLE DATA; Schema: public; Owner: postgres
--

COPY ix_smartform_to_dataelements ("SMARTFORMTODATAELEMENT_KEY", "SMARTFORM_KEY", "DATAELEMENT_KEY", "DATAELEMENT_NO", "DATAELEMENT_ORDER", "DELETED", "TIMESTAMP") FROM stdin;
\.


--
-- Data for TOC entry 375 (OID 113638994)
-- Name: ix_study; Type: TABLE DATA; Schema: public; Owner: postgres
--

COPY ix_study ("STUDYKEY", "STUDY_NAME", "STUDY_OWNER", "STUDY_DESCRIPTION", "STUDY_START", "STUDY_END", "TARGET_PATIENT_NO", "ACTUAL_PATIENT_NO", "DELETED", "TIMESTAMP", "STUDYCODE") FROM stdin;
\.


--
-- Data for TOC entry 376 (OID 113639004)
-- Name: ix_study_allocation; Type: TABLE DATA; Schema: public; Owner: postgres
--

COPY ix_study_allocation ("ALLOCATIONKEY", "STUDYKEY", "REQUESTEDQUANTITY", "REQUESTEDMEASURE", "BIOSPECIMENTYPE", "BIOSPECIMENSUBTYPE", "DELETED", "TIMESTAMP") FROM stdin;
\.


--
-- Data for TOC entry 377 (OID 113639008)
-- Name: ix_study_survey; Type: TABLE DATA; Schema: public; Owner: postgres
--

COPY ix_study_survey ("STUDYSURVEYKEY", "STUDYKEY", "SURVEYKEY", "DELETED", "TIMESTAMP") FROM stdin;
\.


--
-- Data for TOC entry 378 (OID 113639013)
-- Name: ix_survey; Type: TABLE DATA; Schema: public; Owner: postgres
--

COPY ix_survey ("SURVEYKEY", "SURVEY_NAME", "SURVEY_DESCRIPTION", "DELETED", "TIMESTAMP") FROM stdin;
\.


--
-- Data for TOC entry 379 (OID 113639018)
-- Name: ix_template; Type: TABLE DATA; Schema: public; Owner: postgres
--

COPY ix_template ("TEMPLATEKEY", "DOMAINNAME", "STUDYKEY", "SURVEYKEY", "TEMPLATENAME", "QUESTIONORDERS", "DELETED", "TIMESTAMP") FROM stdin;
\.


--
-- Data for TOC entry 380 (OID 113639026)
-- Name: ix_user_usergroup; Type: TABLE DATA; Schema: public; Owner: postgres
--

COPY ix_user_usergroup ("USERUSERGROUPKEY", user_name, "USERGROUPKEY", "DELETED", "TIMESTAMP") FROM stdin;
107	admin	2	0	Tue Jan 13 11:34:53.754008 2004 EST
108	neuragenix	101	0	Tue Jan 13 11:36:54.510316 2004 EST
110	cr1	100	0	Wed Jun 23 17:02:20.659822 2004 EST
112	lr1	1	0	Wed Jun 23 17:08:08.601289 2004 EST
\.


--
-- Data for TOC entry 381 (OID 113639031)
-- Name: ix_usergroup; Type: TABLE DATA; Schema: public; Owner: postgres
--

COPY ix_usergroup ("USERGROUPKEY", "NAME", "DESCRIPTION", "DELETED", "TIMESTAMP", "PARENTUSERGROUP") FROM stdin;
1	Lab Researcher	Restricted Laboratory Researcher	0	Mon Sep 22 22:04:41.757305 2003 AUSEST	3
2	Administrator		0	Mon Sep 22 22:04:41.758305 2003 AUSEST	3
3	Root		0	Mon Dec 15 16:40:28.072424 2003 AUSEST	-1
100	Clinical Researcher	Clinical Researcher	0	Mon Jan 12 16:52:52.306434 2004 EST	3
101	SuperUser	SuperUser	0	Tue Jan 13 11:36:20.758898 2004 EST	3
6	Researcjer1	\N	1	Fri May 13 12:41:30.716824 2005 EST	3
7	Researcher1	\N	1	Fri May 13 12:41:57.093568 2005 EST	3
8	Researcher2	\N	1	Fri May 13 12:42:09.627273 2005 EST	3
9	Tumour Bank	\N	1	Fri May 13 12:42:23.045420 2005 EST	3
\.


--
-- Data for TOC entry 382 (OID 113639036)
-- Name: ix_vial_details; Type: TABLE DATA; Schema: public; Owner: postgres
--

COPY ix_vial_details ("VIALDETAILKEY", "BIOSPECIMENKEY", "CLINICALSTATCALC", "CLINICALSTATCALCMONTH", "MANUALCELLCOUNT", "DILLUTIONFACTOR", "MLSSUSPENDED", "CELLML", "TOTALCELLCOUNT", "MLSRESUSPENDED", "COLLECTIONTUBE", "MLSCOLLECTIONTUBE", "MLSANTICOSGULANT", "CONCENTRATION", "TOTALMLSBM", "SECONDLOOK", "MRDWASH", "MRDRNA", "DELETED", "TIMESTAMP", "SAMPLEWEIGHTING", "SPLEWEIGHTPERVIAL") FROM stdin;
\.


--
-- Data for TOC entry 383 (OID 113639045)
-- Name: up_chan_type; Type: TABLE DATA; Schema: public; Owner: postgres
--

COPY up_chan_type (type_id, "type", type_name, type_descr, type_def_uri) FROM stdin;
0	org.jasig.portal.channels.CGenericXSLT	RSS	Renders content provided in the popular RSS (Rich Site Summary) format	/org/jasig/portal/channels/CGenericXSLT/RSS/RSS.cpd
1	org.jasig.portal.channels.CGenericXSLT	XML Transformation	Transforms an XML document into a fragment of markup language given a set of XSLT stylesheets specified in a uPortal stylesheet list (SSL) file.	/org/jasig/portal/channels/CGenericXSLT/CGenericXSLT.cpd
2	org.jasig.portal.channels.CInlineFrame	Inline Frame	Renders an HTML page within a frame. Not supported in browsers older than Internet Explorer 5 and Netscape 6.	/org/jasig/portal/channels/CInlineFrame/CInlineFrame.cpd
3	org.jasig.portal.channels.CImage	Image	Displays an image with optional caption and subcaption	/org/jasig/portal/channels/CImage/CImage.cpd
4	org.jasig.portal.channels.webproxy.CWebProxy	Web Proxy	Incorporates a dynamic HTML or XML application	/org/jasig/portal/channels/webproxy/CWebProxy.cpd
5	org.jasig.portal.channels.remotechannel.CRemoteChannel	Remote Channel Proxy	Uses SOAP to communicate with and present to the user the contents of a channel living in a remote instance of uPortal	/org/jasig/portal/channels/remotechannel/CRemoteChannel.cpd
6	org.jasig.portal.channels.CApplet	Applet	Displays a java applet	/org/jasig/portal/channels/CApplet/CApplet.cpd
\.


--
-- Data for TOC entry 384 (OID 113639050)
-- Name: up_channel; Type: TABLE DATA; Schema: public; Owner: postgres
--

COPY up_channel (chan_id, chan_title, chan_name, chan_desc, chan_class, chan_type_id, chan_publ_id, chan_publ_dt, chan_apvl_id, chan_apvl_dt, chan_timeout, chan_editable, chan_has_help, chan_has_about, chan_fname) FROM stdin;
1	Daily Business Cartoon	Daily Business Cartoon	Daily Business Cartoon by Ted Goff, www.tedgoff.com	org.jasig.portal.channels.CImage	3	0	\N	-1	\N	10000	N	N	N	daily-business-cartoon
2	StockCharts.com	StockCharts.com	StockCharts.com channel	org.jasig.portal.channels.CGenericXSLT	0	0	2003-03-24	0	2003-03-24	10000	N	N		stockcharts.com
4	Person Attributes	Person Attributes	A display of person attributes available to channels	org.jasig.portal.channels.CPersonAttributes	-1	0	2003-03-24	0	2003-03-24	20000	N	N		person-attributes
5	Neuragenix	Neuragenix	Neuragenix	org.jasig.portal.channels.CImage	3	17	2003-03-24	17	2003-03-24	10000	N	N	N	Neuragenix
6	Team Members	Team Members	Team Members	org.jasig.portal.channels.CInlineFrame	2	17	2003-03-24	-1	\N	10000	N	N	N	Team Members
7	uPortal Developers Reference	uPortal Developers Reference	uPortal Developers Reference channel	org.jasig.portal.channels.CGenericXSLT	0	0	2003-03-24	-1	\N	10000	N	N	N	uportal-developers-reference
8	Australian Biotechnology News	Australian Biotechnology News	Australian Biotechnology News	org.jasig.portal.channels.CInlineFrame	2	17	2003-08-08	-1	\N	20000	N	N	N	Australian Biotechnology News
9	Minesweeper	Minesweeper	Minesweeper applet	org.jasig.portal.channels.CApplet	6	17	2003-03-24	-1	\N	10000	N	N	N	minesweeper
10	Header	Header	uPortal Header channel	org.jasig.portal.channels.CHeader	-1	0	2003-03-24	0	2003-03-24	10000	N	N		header
12	Foundation BioGenix	Foundation BioGenix	Foundation BioGenix	org.jasig.portal.channels.CImage	3	17	2003-03-24	-1	\N	10000	N	N	N	Foundation BioGenix
13	Motley Fool	The Motley Fool	Motley Fool channel	org.jasig.portal.channels.CGenericXSLT	0	0	2003-03-24	-1	\N	10000	N	N	N	motley-fool
14	Number Guessing Game	Number Guessing Game	Number Guessing Game channel	org.jasig.portal.channels.CNumberGuess	-1	0	2003-03-24	-1	\N	10000	N	N	N	number-guessing-game
15	CSS Viewer	CSS Viewer	CSS Viewer channel	org.jasig.portal.channels.CGenericXSLT	1	0	2003-03-24	-1	\N	5000	N	Y	N	css-viewer
16	Snooper	Snooper	Snooper channel	org.jasig.portal.channels.CSnoop	-1	0	2003-03-24	-1	\N	5000	N	Y	N	snooper
17	Tomcat's NumGuess	Tomcat's NumGuess	Tomcat's NumGuess	org.jasig.portal.channels.webproxy.CWebProxy	4	0	2003-03-24	-1	\N	10000	Y	Y	Y	tomcat-number-guess
18	Tomcat's Servlet Examples	Tomcat's Servlet Examples	Tomcat's Servlet Examples	org.jasig.portal.channels.webproxy.CWebProxy	4	0	2003-03-24	-1	\N	10000	Y	Y	Y	tomcat-servlet-examples
19	Footer	Footer	uPortal Footer channel	org.jasig.portal.channels.CGenericXSLT	1	0	2003-03-24	0	2003-03-24	10000	N	N		footer
20	uPortal Development Books	uPortal Development Books	A list of books useful to uPortal developers	org.jasig.portal.channels.CGenericXSLT	1	0	2003-03-24	-1	\N	20000	N	N	N	uportal-development-books
22	uPortal Data Dictionary	uPortal Data Dictionary	uPortal Data Dictionary - descriptions for tables and attributes used in uPortal	org.jasig.portal.channels.CGenericXSLT	1	0	2003-03-24	-1	\N	10000	N	N	N	uportal-data-dictionary
23	CURLSelector	ICC URL selector channel	Interchannel communications demo URL selector channel	org.jasig.portal.channels.iccdemo.CURLSelector	-1	0	2003-03-24	-1	\N	10000	N	N	N	portal/iccdemo/urlselector
24	CViewer	ICC Viewer channel	Interchannel communications demo Viewer channel	org.jasig.portal.channels.iccdemo.CViewer	-1	0	2003-03-24	-1	\N	10000	N	N	N	portal/iccdemo/viewer
25	CHistory	ICC History channel	Interchannel communications demo History channel	org.jasig.portal.channels.iccdemo.CHistory	-1	0	2003-03-24	-1	\N	10000	N	N	N	portal/iccdemo/history
90	Channel Manager	Channel Manager	Channel administration	org.jasig.portal.channels.CChannelManager	-1	0	2003-03-24	0	2003-03-24	30000	N	N		portal/channelmanager/general
92	User Preferences	User Preferences	User Preferences channel	org.jasig.portal.channels.UserPreferences.CUserPreferences	-1	0	2003-03-24	0	2003-03-24	10000	N	N		portal/userpreferences/general
94	Groups Manager	Groups Manager	An administrative tool for creating and managing groups and memberships	org.jasig.portal.channels.groupsmanager.CGroupsManager	-1	20	2004-01-16	20	2004-01-16	120000	N	N	N	groupsmanager
95	Permissions Manager	Permissions Manager	An administrative tool for managing authorizations	org.jasig.portal.channels.permissionsmanager.CPermissionsManager	-1	20	2004-01-16	20	2004-01-16	120000	N	N	N	permissionsmanager
99	Login	Login	uPortal Login Channel	org.jasig.portal.channels.CLogin	-1	0	2003-03-24	0	2003-03-24	10000	N	Y	Y	portal/login/general
106	eTG Online	eTG Online	eTG Online	org.jasig.portal.channels.CInlineFrame	2	17	2003-03-24	-1	\N	20000	N	N	N	eTG Online
107	MIMS Online	MIMS Online	MIMS Online	org.jasig.portal.channels.CInlineFrame	2	17	2003-03-24	-1	\N	20000	N	N	N	MIMS Online
111	Reports	Reports	Reports	org.jasig.portal.channels.CGenericXSLT	1	20	2004-01-16	20	2004-01-16	120000	N	N	N	Reports
113	Peter Macallum Cancer Institute	Peter Macallum Cancer Institute	Peter Macallum Cancer Institute	org.jasig.portal.channels.CInlineFrame	2	17	2003-04-22	-1	\N	20000	N	N	N	Peter Macallum Cancer Institute
115	Globe	Globe	Globe	org.jasig.portal.channels.CImage	3	17	2003-08-08	-1	\N	20000	N	N	N	Globe
120	Peter MacCallum Cancer Centre	Peter MacCallum Cancer Centre	Peter MacCallum Cancer Centre	org.jasig.portal.channels.CInlineFrame	2	20	2003-11-10	-1	\N	10000	N	N	N	Peter MacCallum Cancer Centre
125	Help	Help	Online Help	org.jasig.portal.channels.CInlineFrame	2	20	2004-01-23	20	2004-01-23	120000	N	N	N	Help
131	Biogenix Help	Biogenix Help	Biogenix Help	edu.columbia.ais.portal.cms.contentmanager.CContentManager	-1	20	2004-08-26	20	2004-08-26	10000000	N	N	N	CContentManager
11	About Neuragenix	About Neuragenix	About Neuragenix	org.jasig.portal.channels.CInlineFrame	2	20	2005-04-27	20	2005-04-27	120000	N	N	N	About Neuragenix
123	Support	Support	Support	org.jasig.portal.channels.CInlineFrame	2	20	2005-04-27	20	2005-04-27	120000	N	N	N	Support
121		Biogenix Splash Graphic	Biogenix Biomedical Reserach Platform	org.jasig.portal.channels.CImage	3	20	2005-04-27	20	2005-04-27	120000	N	N	N	Biogenix
101	Administration	Administration	Administration	neuragenix.genix.admin.CGenixAdmin	-1	17	2003-09-22	17	2003-09-22	2400000	N	N	N	Administration
102	Patient	Patient	Patient	neuragenix.bio.patient.CPatients	-1	20	2004-01-16	20	2004-01-16	2400000	N	N	N	CPatient
103	Biospecimen	Biospecimen	Biospecimen	neuragenix.bio.biospecimen.CBiospecimen	-1	20	2004-01-16	20	2004-01-16	2400000	N	N	N	CBiospecimen
104	Integration	Integration	Integration	neuragenix.genix.integration.CIntegration	-1	20	2004-01-16	20	2004-01-16	2400000	N	N	N	Integration
105	Microarray	Microarray	Microarray	neuragenix.bio.microarray.CMicroarray	-1	17	2003-03-24	-1	\N	2400000	N	N	N	Microarray
108	Study	Study	Study	neuragenix.bio.study.CStudy	-1	20	2004-01-16	20	2004-01-16	2400000	N	N	N	CStudy
109	Online Help	Online Help	Online Help	neuragenix.genix.help.CHelp	-1	20	2004-01-16	20	2004-01-16	2400000	N	N	N	Online Help
110	Search	Search	Search	neuragenix.genix.search.CSearch	-1	20	2004-01-16	-1	\N	2400000	N	N	N	Search
112	Knowledge Laboratory	KLaboratory	Knowledge Laboratory	neuragenix.eLab.exp.CMicroarray	-1	17	2003-06-05	-1	\N	2400000	N	N	N	KLaboratory
114	KLab Management	KLab Management	KLab Management	neuragenix.eLab.project.CProject	-1	17	2003-06-13	-1	\N	2400000	N	N	N	KLab Management
116	Inventory View	Inventory View	Inventory View	neuragenix.bio.inventory_view.CInventoryView	-1	17	2003-08-12	-1	\N	2400000	N	N	N	Inventory View
117	Inventory	Inventory	Inventory	neuragenix.bio.inventory.CInventory	-1	20	2004-01-16	20	2004-01-16	2400000	N	N	N	CInventory
118	Advanced Search	Advanced Search	Advanced Search	neuragenix.genix.advanced_search.CAdvancedSearch	-1	20	2004-01-16	20	2004-01-16	2400000	N	N	N	Advanced Search
119	Advanced Reporting	Advanced Reporting	Advanced Reporting	neuragenix.genix.report.CReport	-1	20	2004-01-16	20	2004-01-16	2400000	N	N	N	Advanced Reporting
122	User Administration	User Administration	User Administration	neuragenix.genix.admin.CUserAdmin	-1	20	2004-01-16	20	2004-01-16	2400000	N	N	N	User Administration
124	Search	Search	Search	neuragenix.genix.isearch.CISearch	-1	20	2004-10-27	20	2004-10-27	2400000	N	N	N	Search
126		Download	Download Manager	neuragenix.genix.download.CDownload	-1	20	2004-03-05	20	2004-03-05	2400000	N	N	N	CDownload
127	DocManipulation	DocManipulation	DocManipulation	neuragenix.genix.docmanipulation.CDocManipulationEx	-1	20	2004-06-10	-1	\N	2400000	N	N	N	DocManipulation
128	TemplateUpdate	TemplateUpdate	TemplateUpdate	neuragenix.utils.CTemplateUpdate	-1	20	2004-06-10	-1	\N	2400000	N	N	N	CTemplateUpdate
129	Smartform Admin	Smartform Admin	CSmartformAdmin	neuragenix.genix.smartform.admin.CSmartformAdmin	-1	20	2004-09-13	20	2004-09-13	2400000	N	N	N	CSmartformAdmin
130	Smartform	Smartform	CSmartform	neuragenix.genix.smartform.CSmartform	-1	20	2004-09-13	20	2004-09-13	2400000	N	N	N	CSmartform
200	Download	Download	Download	neuragenix.genix.download.CDownload	-1	20	2004-03-15	20	2004-03-15	2400000	N	N	N	CDownload
132	Integration	CIntegration		neuragenix.genix.integration	-1	20	2005-04-26	20	2005-04-26	2400000	Y	Y	Y	CIntegration
\.


--
-- Data for TOC entry 385 (OID 113639052)
-- Name: up_channel_param; Type: TABLE DATA; Schema: public; Owner: postgres
--

COPY up_channel_param (chan_id, chan_parm_nm, chan_parm_desc, chan_parm_val, chan_parm_ovrd) FROM stdin;
1	img-border		0	N
1	img-height		300	N
1	img-link		http://www.tedgoff.com	N
1	img-uri		http://www.tedgoff.com/mb/images/today.gif	N
1	img-width		300	N
106	height		600	Y
106	url		http://www.tg.com.au/complete/tgc.htm	N
107	height		600	Y
107	url		http://www.mims.hcn.net.au/	N
113	cw_cacheDefaultMode		none	N
113	cw_cacheDefaultTimeout		900	N
113	cw_cacheMode			N
113	cw_cacheTimeout			N
113	cw_edit			N
113	cw_help			N
113	cw_info			N
113	cw_passThrough		none	N
113	cw_person			N
113	cw_personAllow			N
113	cw_ssl		XHTML.ssl	N
113	cw_tidy		off	N
113	cw_xml		http://localhost:8080/portal/pmci/EMRdoc.vbd	N
113	height		600	Y
113	upc_localConnContext			N
113	url		http://localhost/EMRdoc.vbd	N
115	caption			N
115	img-border		0	N
115	img-height		40	N
115	img-link		media/neuragenix/icons/globe-grad.gif	N
115	img-uri		media/neuragenix/icons/globe-grad.gif	N
115	img-width		40	N
115	subcaption			N
12	caption		About Foundation BioGenix	N
12	img-border		0	N
12	img-height		773	N
12	img-link		http://www.neuragenix.com	N
12	img-uri		./media/neuragenix/press_release.gif	N
12	img-width		556	N
12	sslUri		CGenericXSLT/RSS/RSS-0_9x.ssl	N
12	subcaption		About Foundation BioGenix	N
12	xmlUri		http://www.salon.com/feed/RDF/salon_use.rdf	N
120	height		1000	Y
120	url		http://localhost/EMRdoc.vbd	N
13	sslUri		CGenericXSLT/RSS/RSS-0_9x.ssl	N
13	xmlUri		http://www.fool.com/xml/foolnews_rss091.xml	N
14	maxNum		100	Y
14	minNum		1	Y
15	sslUri		CGenericXSLT/CSSViewer/CSSViewer.ssl	N
15	xmlUri		CGenericXSLT/CSSViewer/cssViewer.xml	N
17	cw_edit		examples/num_edit.html	N
17	cw_help		examples/num_help.html	N
17	cw_info		examples/num_info.html	N
17	cw_passThrough		application	N
17	cw_ssl		XHTML.ssl	N
17	cw_tidy		on	N
17	cw_xml		http://localhost:8080/examples/jsp/num/numguess.jsp	N
18	cw_edit		examples/servlet_edit.html	N
18	cw_help		examples/servlet_help.html	N
18	cw_info		examples/servlet_info.html	N
18	cw_passThrough		all	N
18	cw_ssl		XHTML.ssl	N
18	cw_tidy		on	N
18	cw_xml		http://localhost:8080/examples/servlets/index.html	N
19	cacheTimeout	Overrides the default cache timeout for CGenericXSLT channels	3600	N
19	sslUri		CGenericXSLT/footer/footer.ssl	N
19	xmlUri		CGenericXSLT/emptyDocument.xml	N
2	sslUri		CGenericXSLT/RSS/RSS-0_9x.ssl	N
20	sslUri		CGenericXSLT/uPortalDevBooks/uPortalDevBooks.ssl	N
20	xmlUri		http://www.interactivebusiness.com/publish/uPortalDevBooks/uPortalDevBooks.xml	N
22	sslUri		CGenericXSLT/DataDictViewer/DataDictViewer.ssl	N
22	xmlUri		/properties/tables.xml	N
5	caption		Bioinformatics Platform	N
5	img-border		0	N
5	img-height		177	N
5	img-link		http://www.neuragenix.com	N
5	img-uri		./media/neuragenix/neuragenixlogo.jpg	N
5	img-width		221	N
5	sslUri		CGenericXSLT/RSS/RSS-0_9x.ssl	N
5	subcaption		Supporting Bio-Medical Research, Diagnostics and Predictive Medicine	N
5	xmlUri		http://www.interactivebusiness.com/publish/jasigPortalDemos.rss	N
6	cacheTimeout		900	N
6	height		600	Y
6	sslUri		CGenericXSLT/RSS/RSS-0_9x.ssl	N
6	url		./media/neuragenix/team.htm	N
6	xmlUri		./media/neuragenix/team.htm	N
7	sslUri		CGenericXSLT/RSS/RSS-0_9x.ssl	N
7	xmlUri		http://www.princeton.edu/~mbarton/jasigdev.rss	N
8	height		800	Y
8	url		./media/neuragenix/BioNews.htm	N
9	APPLET.cols		8	N
9	APPLET.graphics		true	N
9	APPLET.level		beginner	N
9	APPLET.marks		true	N
9	APPLET.mines		10	N
9	APPLET.rows		8	N
9	APPLET.type		application/x-java-applet	N
9	archive		javamine.jar	N
9	code		jmapplet.class	N
9	codeBase		http://www.nrr.co.uk/javamine	N
9	height		195	N
9	width		152	N
119	height		1200	Y
119	url		http://localhost:8080/mondrian	N
109	height		600	Y
109	url		http://demo.neuragenix.com/info/BioGenix.html	N
111	sslUri		reports.ssl	N
111	xmlUri		reports.xml	N
125	height		600	Y
125	url		./media/neuragenix/bio/help/help/index.html	N
11	sslUri	\N	CGenericXSLT/RSS/RSS-0_9x.ssl	N
11	height	\N	100%	Y
11	cacheTimeout	\N	900	N
11	xmlUri	\N	./media/neuragenix/monash/Neuragenix.htm	N
11	url	\N	./media/neuragenix/login/aboutus.html	N
123	height	\N	100%	Y
123	url	\N	./media/neuragenix/login/support.html	N
121	img-height	\N	373	N
121	img-border	\N	0	N
121	img-link	\N	http://www.neuragenix.com	N
121	subcaption	\N		N
121	img-uri	\N	./media/neuragenix/login/splash-page.jpg	N
121	img-width	\N	839	N
121	caption	\N		N
\.


--
-- Data for TOC entry 386 (OID 113639054)
-- Name: up_entity_cache_invalidation; Type: TABLE DATA; Schema: public; Owner: postgres
--

COPY up_entity_cache_invalidation (entity_type_id, entity_key, invalidation_time) FROM stdin;
\.


--
-- Data for TOC entry 387 (OID 113639056)
-- Name: up_entity_lock; Type: TABLE DATA; Schema: public; Owner: postgres
--

COPY up_entity_lock (entity_type_id, entity_key, lock_type, expiration_time, lock_owner) FROM stdin;
\.


--
-- Data for TOC entry 388 (OID 113639058)
-- Name: up_entity_prop; Type: TABLE DATA; Schema: public; Owner: postgres
--

COPY up_entity_prop (entity_type_id, entity_key, property_name, property_value, last_modified) FROM stdin;
\.


--
-- Data for TOC entry 389 (OID 113639060)
-- Name: up_entity_type; Type: TABLE DATA; Schema: public; Owner: postgres
--

COPY up_entity_type (entity_type_id, entity_type_name, descriptive_name) FROM stdin;
1	java.lang.Object	Generic
2	org.jasig.portal.security.IPerson	Person
3	org.jasig.portal.groups.IEntityGroup	Group
4	org.jasig.portal.ChannelDefinition	Channel
5	org.jasig.portal.groups.IEntity	Grouped Entity
6	org.jasig.portal.services.entityproperties.EntityProperties	Property Lookup Results
\.


--
-- Data for TOC entry 390 (OID 113639062)
-- Name: up_group; Type: TABLE DATA; Schema: public; Owner: postgres
--

COPY up_group (group_id, creator_id, entity_type_id, group_name, description) FROM stdin;
0	system	2	Everyone	All persons
10	system	2	Administrators	Biogenix administration
14	system	2	Portal Administrators	A group of system administrators with superuser capabilities
3	system	2	Staff	All university staff members
4	system	2	Researchers	All Researchers
50	system	4	All categories	All channel categories
51	system	4	Applications	Applications
53	system	4	uPortal	uPortal-related
54	system	4	Channel Types	Java classes implementing the IChannel interface
55	system	4	CWebProxy	Serves as HTTP Proxy to HTML or XHTML web pages
56	system	4	CApplet	Renders a java applet
57	system	4	CGenericXSLT	Performs XSLT transformations
58	system	4	RSS	Rich Site Summary, an XML standard for content feeds
59	system	4	CImage	Renders and image with an optional caption and subcaption
60	system	4	CInlineFrame	Renders a web page inside and inline frame. Only use for IE 5 and Netscape 6 and higher.
\.


--
-- Data for TOC entry 391 (OID 113639064)
-- Name: up_group_membership; Type: TABLE DATA; Schema: public; Owner: postgres
--

COPY up_group_membership (group_id, member_service, member_key, member_is_group) FROM stdin;
0	local	3	T
0	local	guest	F
10	local	14	T
14	local	admin	F
3	local	10	T
3	local	4	T
3	local	cr1	F
3	local	lr1	F
3	local	staff	F
4	local	14	T
4	local	demo	F
4	local	neuragenix	F
5	local	6	T
5	local	7	T
50	local	51	T
51	local	101	F
51	local	102	F
51	local	103	F
51	local	104	F
51	local	105	F
51	local	106	F
51	local	107	F
51	local	108	F
51	local	109	F
51	local	110	F
51	local	111	F
51	local	112	F
51	local	113	F
51	local	114	F
51	local	115	F
51	local	116	F
51	local	117	F
51	local	118	F
51	local	119	F
51	local	12	F
51	local	120	F
51	local	122	F
51	local	124	F
51	local	125	F
51	local	126	F
51	local	127	F
51	local	128	F
51	local	129	F
51	local	130	F
51	local	131	F
51	local	5	F
51	local	6	F
51	local	8	F
51	local	94	F
51	local	95	F
53	local	15	F
53	local	22	F
53	local	5	F
53	local	54	T
53	local	7	F
53	local	8	F
54	local	55	T
54	local	56	T
54	local	57	T
54	local	59	T
54	local	60	T
55	local	17	F
55	local	18	F
56	local	9	F
57	local	15	F
57	local	20	F
57	local	58	T
58	local	12	F
58	local	13	F
58	local	5	F
58	local	7	F
59	local	1	F
60	local	62	T
60	local	8	F
62	local	13	F
64	local	14	F
64	local	9	F
51	local	132	F
51	local	11	F
51	local	123	F
51	local	121	F
3	local	daniel	F
4	local	Jill	F
\.


--
-- Data for TOC entry 392 (OID 113639066)
-- Name: up_layout_param; Type: TABLE DATA; Schema: public; Owner: postgres
--

COPY up_layout_param (user_id, layout_id, struct_id, struct_parm_nm, struct_parm_val) FROM stdin;
24	1	132	height	600
23	1	130	height	600
22	1	125	height	600
21	1	126	height	600
25	1	132	height	600
2	1	6	height	600
26	1	130	height	600
1	1	33	height	600
1	1	13	height	600
29	1	127	height	600
27	1	127	height	600
28	1	127	height	600
31	1	121	height	1200
20	1	121	height	1200
\.


--
-- Data for TOC entry 393 (OID 113639071)
-- Name: up_layout_struct; Type: TABLE DATA; Schema: public; Owner: postgres
--

COPY up_layout_struct (user_id, layout_id, struct_id, next_struct_id, chld_struct_id, external_id, chan_id, name, "type", hidden, "immutable", unremovable) FROM stdin;
1	1	1	14	2		\N	Header folder	header	N	Y	Y
1	1	2	3	0		10			N	N	N
1	1	3	0	0		99			N	N	N
1	1	4	9	7		\N	Support	regular	N	N	N
1	1	7	0	33		\N	Column 2	regular	N	N	N
1	1	9	22	12		\N	About Neuragenix	regular	N	N	N
1	1	12	0	13		\N	Column 2	regular	N	N	N
1	1	13	0	0		11			N	N	N
1	1	14	4	15		\N	Biogenix	regular	N	N	N
1	1	15	0	32		\N	Column 1	regular	N	N	N
1	1	22	25	23		\N	User Preferences	regular	Y	Y	Y
1	1	23	24	0		90			N	N	Y
1	1	24	200	0		92			N	N	Y
1	1	25	0	26		\N	Footer folder	footer	N	Y	Y
1	1	26	0	0		19			N	Y	Y
1	1	32	0	0		121			N	N	N
1	1	33	0	0		123			N	N	N
1	1	200	0	0		200			N	N	N
2	1	1	4	2		\N	Header folder	header	N	Y	Y
2	1	2	3	0		10			N	N	N
2	1	3	0	0		99			N	N	N
2	1	4	10	5		\N	Main	regular	N	N	N
2	1	5	8	6		\N	Column 1	regular	N	N	N
2	1	6	7	0		11			N	N	N
2	1	7	0	0		14			N	N	N
2	1	8	0	29		\N	Column 2	regular	N	N	N
2	1	10	17	11		\N	Development	regular	N	N	N
2	1	11	13	12		\N	Column 1	regular	N	N	N
2	1	12	18	0		4			N	N	N
2	1	13	0	15		\N	Column 2	regular	N	N	N
2	1	14	16	0		7			N	N	N
2	1	15	14	0		20			N	N	N
2	1	16	37	0		16			N	N	N
2	1	17	21	19		\N	User Preferences	regular	Y	Y	Y
2	1	18	0	0		15			N	N	N
2	1	19	20	0		90			N	N	Y
2	1	20	200	0		92			N	N	Y
2	1	21	31	22		\N	CWebProxy Examples	regular	N	N	N
2	1	22	25	23		\N	Column 1	regular	N	N	N
2	1	23	24	0		17			N	N	N
2	1	24	0	0		17			N	N	N
2	1	25	0	26		\N	Column 2	regular	N	N	N
2	1	26	0	0		18			N	N	N
2	1	27	41	28		\N	Footer folder	footer	N	N	N
2	1	28	0	0		19			N	N	N
2	1	29	0	0		1			N	N	N
2	1	31	27	32		\N	ICC Demo	regular	N	N	N
2	1	32	35	33		\N	Column 1	regular	N	N	N
2	1	33	34	0		23			N	N	N
2	1	34	0	0		25			N	N	N
2	1	35	0	36		\N	Column 2	regular	N	N	N
2	1	36	0	0		24			N	N	N
2	1	37	0	0		22			N	N	N
2	1	41	0	42		\N	Administration	regular	N	N	N
2	1	42	0	43		\N	Column	regular	N	N	N
2	1	43	0	0		101			N	N	N
2	1	200	0	0		200			N	N	N
7	1	3	0	0	\N	99	\N	\N	N	N	N
7	1	2	3	0	\N	10	\N	\N	N	N	N
7	1	43	0	0	\N	101	\N	\N	N	N	N
7	1	42	43	0	\N	122	\N	\N	N	N	N
7	1	34	0	42	\N	\N	Column	regular	N	N	N
7	1	200	0	0	\N	200	\N	\N	N	N	N
7	1	20	200	0	\N	92	\N	\N	N	N	Y
7	1	19	20	0	\N	90	\N	\N	N	N	Y
7	1	28	0	0	\N	19	\N	\N	N	N	N
7	1	27	0	28	\N	\N	Footer folder	footer	N	N	N
7	1	17	27	19	\N	\N	User Preferences	regular	Y	Y	Y
7	1	33	17	34	\N	\N	Admin Tools	regular	N	N	N
7	1	1	33	2	\N	\N	Header folder	header	N	Y	Y
29	1	3	0	0	\N	99	\N	\N	N	N	N
29	1	2	3	0	\N	10	\N	\N	N	N	N
29	1	200	0	0	\N	200	\N	\N	N	N	N
29	1	20	200	0	\N	92	\N	\N	N	N	Y
29	1	19	20	0	\N	90	\N	\N	N	N	Y
29	1	28	0	0	\N	19	\N	\N	N	N	N
29	1	128	0	0	\N	102	\N	\N	N	N	N
29	1	45	0	128	\N	\N	Column	regular	N	N	N
29	1	59	0	0	\N	108	\N	\N	N	N	N
29	1	58	0	59	\N	\N	Column	regular	N	N	N
29	1	61	0	0	\N	103	\N	\N	N	N	N
29	1	60	0	61	\N	\N	Column	regular	N	N	N
29	1	97	0	0	\N	117	\N	\N	N	N	N
29	1	96	0	97	\N	\N	Column	regular	N	N	N
29	1	125	0	0	\N	124	\N	\N	N	N	N
29	1	124	0	125	\N	\N	Column	regular	N	N	N
29	1	145	0	0	\N	130	\N	\N	N	N	N
29	1	144	0	145	\N	\N	Column	regular	N	N	N
29	1	142	0	0	\N	129	\N	\N	N	N	N
29	1	141	0	142	\N	\N	Column	regular	N	N	N
29	1	127	0	0	\N	125	\N	\N	N	N	N
29	1	76	0	127	\N	\N	Column	regular	N	N	N
29	1	115	0	0	\N	122	\N	\N	N	N	N
29	1	114	0	115	\N	\N	Column	regular	N	N	N
29	1	113	0	114	\N	\N	Admin	regular	N	N	N
29	1	54	113	76	\N	\N	Help	regular	N	N	N
29	1	140	54	141	\N	\N	Smartform Admin	regular	N	N	N
29	1	143	140	144	\N	\N	Smartform	regular	N	N	N
29	1	123	143	124	\N	\N	Search	regular	N	N	N
29	1	93	123	96	\N	\N	Inventory	regular	N	N	N
29	1	48	93	60	\N	\N	Biospecimen	regular	N	N	N
29	1	47	48	58	\N	\N	Study	regular	N	N	N
29	1	44	47	45	\N	\N	Patient	regular	N	N	N
29	1	27	44	28	\N	\N	Footer folder	footer	N	N	N
29	1	17	27	19	\N	\N	User Preferences	regular	Y	Y	Y
29	1	1	17	2	\N	\N	Header folder	header	N	Y	Y
27	1	3	0	0	\N	99	\N	\N	N	N	N
27	1	2	3	0	\N	10	\N	\N	N	N	N
27	1	200	0	0	\N	200	\N	\N	N	N	N
27	1	20	200	0	\N	92	\N	\N	N	N	Y
27	1	19	20	0	\N	90	\N	\N	N	N	Y
27	1	28	0	0	\N	19	\N	\N	N	N	N
27	1	128	0	0	\N	102	\N	\N	N	N	N
27	1	45	0	128	\N	\N	Column	regular	N	N	N
27	1	59	0	0	\N	108	\N	\N	N	N	N
27	1	58	0	59	\N	\N	Column	regular	N	N	N
27	1	61	0	0	\N	103	\N	\N	N	N	N
27	1	60	0	61	\N	\N	Column	regular	N	N	N
27	1	97	0	0	\N	117	\N	\N	N	N	N
27	1	96	0	97	\N	\N	Column	regular	N	N	N
27	1	125	0	0	\N	124	\N	\N	N	N	N
27	1	124	0	125	\N	\N	Column	regular	N	N	N
27	1	145	0	0	\N	130	\N	\N	N	N	N
27	1	144	0	145	\N	\N	Column	regular	N	N	N
27	1	142	0	0	\N	129	\N	\N	N	N	N
27	1	141	0	142	\N	\N	Column	regular	N	N	N
27	1	127	0	0	\N	125	\N	\N	N	N	N
27	1	76	0	127	\N	\N	Column	regular	N	N	N
27	1	115	0	0	\N	122	\N	\N	N	N	N
27	1	114	0	115	\N	\N	Column	regular	N	N	N
27	1	113	0	114	\N	\N	Admin	regular	N	N	N
27	1	54	113	76	\N	\N	Help	regular	N	N	N
27	1	140	54	141	\N	\N	Smartform Admin	regular	N	N	N
27	1	143	140	144	\N	\N	Smartform	regular	N	N	N
27	1	123	143	124	\N	\N	Search	regular	N	N	N
27	1	93	123	96	\N	\N	Inventory	regular	N	N	N
27	1	48	93	60	\N	\N	Biospecimen	regular	N	N	N
27	1	47	48	58	\N	\N	Study	regular	N	N	N
27	1	44	47	45	\N	\N	Patient	regular	N	N	N
27	1	27	44	28	\N	\N	Footer folder	footer	N	N	N
27	1	17	27	19	\N	\N	User Preferences	regular	Y	Y	Y
27	1	1	17	2	\N	\N	Header folder	header	N	Y	Y
28	1	3	0	0	\N	99	\N	\N	N	N	N
28	1	2	3	0	\N	10	\N	\N	N	N	N
28	1	200	0	0	\N	200	\N	\N	N	N	N
28	1	20	200	0	\N	92	\N	\N	N	N	Y
28	1	19	20	0	\N	90	\N	\N	N	N	Y
28	1	28	0	0	\N	19	\N	\N	N	N	N
28	1	128	0	0	\N	102	\N	\N	N	N	N
28	1	45	0	128	\N	\N	Column	regular	N	N	N
28	1	59	0	0	\N	108	\N	\N	N	N	N
28	1	58	0	59	\N	\N	Column	regular	N	N	N
28	1	61	0	0	\N	103	\N	\N	N	N	N
28	1	60	0	61	\N	\N	Column	regular	N	N	N
28	1	97	0	0	\N	117	\N	\N	N	N	N
28	1	96	0	97	\N	\N	Column	regular	N	N	N
28	1	125	0	0	\N	124	\N	\N	N	N	N
28	1	124	0	125	\N	\N	Column	regular	N	N	N
28	1	145	0	0	\N	130	\N	\N	N	N	N
28	1	144	0	145	\N	\N	Column	regular	N	N	N
28	1	142	0	0	\N	129	\N	\N	N	N	N
28	1	141	0	142	\N	\N	Column	regular	N	N	N
28	1	127	0	0	\N	125	\N	\N	N	N	N
28	1	76	0	127	\N	\N	Column	regular	N	N	N
28	1	115	0	0	\N	122	\N	\N	N	N	N
28	1	114	0	115	\N	\N	Column	regular	N	N	N
28	1	113	0	114	\N	\N	Admin	regular	N	N	N
28	1	54	113	76	\N	\N	Help	regular	N	N	N
28	1	140	54	141	\N	\N	Smartform Admin	regular	N	N	N
28	1	143	140	144	\N	\N	Smartform	regular	N	N	N
28	1	123	143	124	\N	\N	Search	regular	N	N	N
28	1	93	123	96	\N	\N	Inventory	regular	N	N	N
28	1	48	93	60	\N	\N	Biospecimen	regular	N	N	N
28	1	47	48	58	\N	\N	Study	regular	N	N	N
28	1	44	47	45	\N	\N	Patient	regular	N	N	N
28	1	27	44	28	\N	\N	Footer folder	footer	N	N	N
28	1	17	27	19	\N	\N	User Preferences	regular	Y	Y	Y
28	1	1	17	2	\N	\N	Header folder	header	N	Y	Y
31	1	3	0	0	\N	99	\N	\N	N	N	N
31	1	2	3	0	\N	10	\N	\N	N	N	N
31	1	200	0	0	\N	200	\N	\N	N	N	N
31	1	20	200	0	\N	92	\N	\N	N	N	Y
31	1	19	20	0	\N	90	\N	\N	N	N	Y
31	1	28	0	0	\N	19	\N	\N	N	N	N
31	1	151	0	0	\N	102	\N	\N	N	N	N
31	1	45	0	151	\N	\N	Column	regular	N	N	N
31	1	59	0	0	\N	108	\N	\N	N	N	N
31	1	58	0	59	\N	\N	Column	regular	N	N	N
31	1	61	0	0	\N	103	\N	\N	N	N	N
31	1	60	0	61	\N	\N	Column	regular	N	N	N
31	1	97	0	0	\N	117	\N	\N	N	N	N
31	1	96	0	97	\N	\N	Column	regular	N	N	N
31	1	125	0	0	\N	124	\N	\N	N	N	N
31	1	124	0	125	\N	\N	Column	regular	N	N	N
31	1	143	0	0	\N	129	\N	\N	N	N	N
31	1	142	0	143	\N	\N	Column	regular	N	N	N
31	1	145	0	0	\N	130	\N	\N	N	N	N
31	1	144	0	145	\N	\N	Column	regular	N	N	N
31	1	121	0	0	\N	119	\N	\N	N	N	N
31	1	120	0	121	\N	\N	Column	regular	N	N	N
31	1	146	0	0	\N	131	\N	\N	N	N	N
31	1	76	0	146	\N	\N	Column	regular	N	N	N
31	1	122	0	0	\N	101	\N	\N	N	N	N
31	1	115	122	0	\N	122	\N	\N	N	N	N
31	1	114	0	115	\N	\N	Column	regular	N	N	N
31	1	113	0	114	\N	\N	Admin	regular	N	N	N
31	1	54	113	76	\N	\N	Help	regular	N	N	N
31	1	119	54	120	\N	\N	Report	regular	N	N	N
31	1	141	119	144	\N	\N	Smartform	regular	N	N	N
31	1	140	141	142	\N	\N	Smartform Admin	regular	N	N	N
31	1	123	140	124	\N	\N	Search	regular	N	N	N
31	1	93	123	96	\N	\N	Inventory	regular	N	N	N
31	1	48	93	60	\N	\N	Biospecimen	regular	N	N	N
31	1	47	48	58	\N	\N	Study	regular	N	N	N
31	1	44	47	45	\N	\N	Patient	regular	N	N	N
31	1	27	44	28	\N	\N	Footer folder	footer	N	N	N
31	1	17	27	19	\N	\N	User Preferences	regular	Y	Y	Y
31	1	1	17	2	\N	\N	Header folder	header	N	Y	Y
20	1	3	0	0	\N	99	\N	\N	N	N	N
20	1	2	3	0	\N	10	\N	\N	N	N	N
20	1	200	0	0	\N	200	\N	\N	N	N	N
20	1	20	200	0	\N	92	\N	\N	N	N	Y
20	1	19	20	0	\N	90	\N	\N	N	N	Y
20	1	28	0	0	\N	19	\N	\N	N	N	N
20	1	151	0	0	\N	102	\N	\N	N	N	N
20	1	45	0	151	\N	\N	Column	regular	N	N	N
20	1	59	0	0	\N	108	\N	\N	N	N	N
20	1	58	0	59	\N	\N	Column	regular	N	N	N
20	1	61	0	0	\N	103	\N	\N	N	N	N
20	1	60	0	61	\N	\N	Column	regular	N	N	N
20	1	97	0	0	\N	117	\N	\N	N	N	N
20	1	96	0	97	\N	\N	Column	regular	N	N	N
20	1	125	0	0	\N	124	\N	\N	N	N	N
20	1	124	0	125	\N	\N	Column	regular	N	N	N
20	1	143	0	0	\N	129	\N	\N	N	N	N
20	1	142	0	143	\N	\N	Column	regular	N	N	N
20	1	145	0	0	\N	130	\N	\N	N	N	N
20	1	144	0	145	\N	\N	Column	regular	N	N	N
20	1	121	0	0	\N	119	\N	\N	N	N	N
20	1	120	0	121	\N	\N	Column	regular	N	N	N
20	1	146	0	0	\N	131	\N	\N	N	N	N
20	1	76	0	146	\N	\N	Column	regular	N	N	N
20	1	122	0	0	\N	101	\N	\N	N	N	N
20	1	115	122	0	\N	122	\N	\N	N	N	N
20	1	114	0	115	\N	\N	Column	regular	N	N	N
20	1	113	0	114	\N	\N	Admin	regular	N	N	N
20	1	54	113	76	\N	\N	Help	regular	N	N	N
20	1	119	54	120	\N	\N	Report	regular	N	N	N
20	1	141	119	144	\N	\N	Smartform	regular	N	N	N
20	1	140	141	142	\N	\N	Smartform Admin	regular	N	N	N
20	1	123	140	124	\N	\N	Search	regular	N	N	N
20	1	93	123	96	\N	\N	Inventory	regular	N	N	N
20	1	48	93	60	\N	\N	Biospecimen	regular	N	N	N
20	1	47	48	58	\N	\N	Study	regular	N	N	N
20	1	44	47	45	\N	\N	Patient	regular	N	N	N
20	1	27	44	28	\N	\N	Footer folder	footer	N	N	N
20	1	17	27	19	\N	\N	User Preferences	regular	Y	Y	Y
20	1	1	17	2	\N	\N	Header folder	header	N	Y	Y
\.


--
-- Data for TOC entry 394 (OID 113639073)
-- Name: up_mime_type; Type: TABLE DATA; Schema: public; Owner: postgres
--

COPY up_mime_type (mime_type, mime_type_description) FROM stdin;
text/html	HTML mime type is the one that most desktop browsers use
text/vnd.wap.wml	WML mime type is mostly used by the cell phone WAP browsers.
\.


--
-- Data for TOC entry 395 (OID 113639078)
-- Name: up_permission; Type: TABLE DATA; Schema: public; Owner: postgres
--

COPY up_permission ("owner", principal_type, principal_key, activity, target, permission_type, effective, expires) FROM stdin;
org.jasig.portal.channels.groupsmanager.CGroupsManager	3	local.0	VIEW	local.0	GRANT	\N	\N
org.jasig.portal.channels.groupsmanager.CGroupsManager	3	local.3	VIEW	local.0	GRANT	\N	\N
org.jasig.portal.channels.groupsmanager.CGroupsManager	3	local.3	VIEW	local.10	GRANT	\N	\N
org.jasig.portal.channels.groupsmanager.CGroupsManager	3	local.3	VIEW	local.12	GRANT	\N	\N
org.jasig.portal.channels.groupsmanager.CGroupsManager	3	local.3	VIEW	local.13	GRANT	\N	\N
org.jasig.portal.channels.groupsmanager.CGroupsManager	3	local.3	VIEW	local.14	GRANT	\N	\N
org.jasig.portal.channels.groupsmanager.CGroupsManager	3	local.3	VIEW	local.3	GRANT	\N	\N
org.jasig.portal.channels.groupsmanager.CGroupsManager	3	local.3	VIEW	local.4	GRANT	\N	\N
org.jasig.portal.channels.groupsmanager.CGroupsManager	3	local.3	VIEW	local.5	GRANT	\N	\N
org.jasig.portal.channels.groupsmanager.CGroupsManager	3	local.3	VIEW	local.6	GRANT	\N	\N
org.jasig.portal.channels.groupsmanager.CGroupsManager	3	local.3	VIEW	local.7	GRANT	\N	\N
org.jasig.portal.channels.groupsmanager.CGroupsManager	3	local.3	VIEW	local.8	GRANT	\N	\N
org.jasig.portal.channels.groupsmanager.CGroupsManager	3	local.3	VIEW	local.9	GRANT	\N	\N
org.jasig.portal.channels.groupsmanager.CGroupsManager	3	local.4	ADD/REMOVE	local.51	GRANT	\N	\N
org.jasig.portal.channels.groupsmanager.CGroupsManager	3	local.4	ADD/REMOVE	local.53	GRANT	\N	\N
org.jasig.portal.channels.groupsmanager.CGroupsManager	3	local.4	ADD/REMOVE	local.54	GRANT	\N	\N
org.jasig.portal.channels.groupsmanager.CGroupsManager	3	local.4	ADD/REMOVE	local.55	GRANT	\N	\N
org.jasig.portal.channels.groupsmanager.CGroupsManager	3	local.4	ADD/REMOVE	local.56	GRANT	\N	\N
org.jasig.portal.channels.groupsmanager.CGroupsManager	3	local.4	ADD/REMOVE	local.57	GRANT	\N	\N
org.jasig.portal.channels.groupsmanager.CGroupsManager	3	local.4	ADD/REMOVE	local.58	GRANT	\N	\N
org.jasig.portal.channels.groupsmanager.CGroupsManager	3	local.4	ADD/REMOVE	local.59	GRANT	\N	\N
org.jasig.portal.channels.groupsmanager.CGroupsManager	3	local.4	ADD/REMOVE	local.60	GRANT	\N	\N
org.jasig.portal.channels.groupsmanager.CGroupsManager	3	local.4	ADD/REMOVE	local.62	GRANT	\N	\N
org.jasig.portal.channels.groupsmanager.CGroupsManager	3	local.4	ADD/REMOVE	local.64	GRANT	\N	\N
org.jasig.portal.channels.groupsmanager.CGroupsManager	3	local.4	SELECT	local.0	GRANT	\N	\N
org.jasig.portal.channels.groupsmanager.CGroupsManager	3	local.4	SELECT	local.10	GRANT	\N	\N
org.jasig.portal.channels.groupsmanager.CGroupsManager	3	local.4	SELECT	local.12	GRANT	\N	\N
org.jasig.portal.channels.groupsmanager.CGroupsManager	3	local.4	SELECT	local.13	GRANT	\N	\N
org.jasig.portal.channels.groupsmanager.CGroupsManager	3	local.4	SELECT	local.14	GRANT	\N	\N
org.jasig.portal.channels.groupsmanager.CGroupsManager	3	local.4	SELECT	local.3	GRANT	\N	\N
org.jasig.portal.channels.groupsmanager.CGroupsManager	3	local.4	SELECT	local.4	GRANT	\N	\N
org.jasig.portal.channels.groupsmanager.CGroupsManager	3	local.4	SELECT	local.5	GRANT	\N	\N
org.jasig.portal.channels.groupsmanager.CGroupsManager	3	local.4	SELECT	local.51	GRANT	\N	\N
org.jasig.portal.channels.groupsmanager.CGroupsManager	3	local.4	SELECT	local.53	GRANT	\N	\N
org.jasig.portal.channels.groupsmanager.CGroupsManager	3	local.4	SELECT	local.54	GRANT	\N	\N
org.jasig.portal.channels.groupsmanager.CGroupsManager	3	local.4	SELECT	local.55	GRANT	\N	\N
org.jasig.portal.channels.groupsmanager.CGroupsManager	3	local.4	SELECT	local.56	GRANT	\N	\N
org.jasig.portal.channels.groupsmanager.CGroupsManager	3	local.4	SELECT	local.57	GRANT	\N	\N
org.jasig.portal.channels.groupsmanager.CGroupsManager	3	local.4	SELECT	local.58	GRANT	\N	\N
org.jasig.portal.channels.groupsmanager.CGroupsManager	3	local.4	SELECT	local.59	GRANT	\N	\N
org.jasig.portal.channels.groupsmanager.CGroupsManager	3	local.4	SELECT	local.6	GRANT	\N	\N
org.jasig.portal.channels.groupsmanager.CGroupsManager	3	local.4	SELECT	local.60	GRANT	\N	\N
org.jasig.portal.channels.groupsmanager.CGroupsManager	3	local.4	SELECT	local.62	GRANT	\N	\N
org.jasig.portal.channels.groupsmanager.CGroupsManager	3	local.4	SELECT	local.64	GRANT	\N	\N
org.jasig.portal.channels.groupsmanager.CGroupsManager	3	local.4	SELECT	local.7	GRANT	\N	\N
org.jasig.portal.channels.groupsmanager.CGroupsManager	3	local.4	SELECT	local.8	GRANT	\N	\N
org.jasig.portal.channels.groupsmanager.CGroupsManager	3	local.4	SELECT	local.9	GRANT	\N	\N
org.jasig.portal.channels.groupsmanager.CGroupsManager	3	local.4	VIEW	local.50	GRANT	\N	\N
org.jasig.portal.channels.groupsmanager.CGroupsManager	3	local.4	VIEW	local.51	GRANT	\N	\N
org.jasig.portal.channels.groupsmanager.CGroupsManager	3	local.4	VIEW	local.53	GRANT	\N	\N
org.jasig.portal.channels.groupsmanager.CGroupsManager	3	local.4	VIEW	local.54	GRANT	\N	\N
org.jasig.portal.channels.groupsmanager.CGroupsManager	3	local.4	VIEW	local.55	GRANT	\N	\N
org.jasig.portal.channels.groupsmanager.CGroupsManager	3	local.4	VIEW	local.56	GRANT	\N	\N
org.jasig.portal.channels.groupsmanager.CGroupsManager	3	local.4	VIEW	local.57	GRANT	\N	\N
org.jasig.portal.channels.groupsmanager.CGroupsManager	3	local.4	VIEW	local.58	GRANT	\N	\N
org.jasig.portal.channels.groupsmanager.CGroupsManager	3	local.4	VIEW	local.59	GRANT	\N	\N
org.jasig.portal.channels.groupsmanager.CGroupsManager	3	local.4	VIEW	local.60	GRANT	\N	\N
org.jasig.portal.channels.groupsmanager.CGroupsManager	3	local.4	VIEW	local.62	GRANT	\N	\N
org.jasig.portal.channels.groupsmanager.CGroupsManager	3	local.4	VIEW	local.64	GRANT	\N	\N
UP_ERROR_CHAN	3	local.4	VIEW	DETAILS	GRANT	\N	\N
UP_FRAMEWORK	3	local.0	SUBSCRIBE	CHAN_ID.1	GRANT	\N	\N
UP_FRAMEWORK	3	local.0	SUBSCRIBE	CHAN_ID.10	GRANT	\N	\N
UP_FRAMEWORK	3	local.0	SUBSCRIBE	CHAN_ID.101	GRANT	\N	\N
UP_FRAMEWORK	3	local.0	SUBSCRIBE	CHAN_ID.105	GRANT	\N	\N
UP_FRAMEWORK	3	local.0	SUBSCRIBE	CHAN_ID.106	GRANT	\N	\N
UP_FRAMEWORK	3	local.0	SUBSCRIBE	CHAN_ID.107	GRANT	\N	\N
UP_FRAMEWORK	3	local.0	SUBSCRIBE	CHAN_ID.112	GRANT	\N	\N
UP_FRAMEWORK	3	local.0	SUBSCRIBE	CHAN_ID.113	GRANT	\N	\N
UP_FRAMEWORK	3	local.0	SUBSCRIBE	CHAN_ID.114	GRANT	\N	\N
UP_FRAMEWORK	3	local.0	SUBSCRIBE	CHAN_ID.115	GRANT	\N	\N
UP_FRAMEWORK	3	local.0	SUBSCRIBE	CHAN_ID.116	GRANT	\N	\N
UP_FRAMEWORK	3	local.0	SUBSCRIBE	CHAN_ID.12	GRANT	\N	\N
UP_FRAMEWORK	3	local.0	SUBSCRIBE	CHAN_ID.120	GRANT	\N	\N
UP_FRAMEWORK	3	local.0	SUBSCRIBE	CHAN_ID.13	GRANT	\N	\N
UP_FRAMEWORK	3	local.0	SUBSCRIBE	CHAN_ID.14	GRANT	\N	\N
UP_FRAMEWORK	3	local.0	SUBSCRIBE	CHAN_ID.19	GRANT	\N	\N
UP_FRAMEWORK	3	local.0	SUBSCRIBE	CHAN_ID.2	GRANT	\N	\N
UP_FRAMEWORK	3	local.0	SUBSCRIBE	CHAN_ID.23	GRANT	\N	\N
UP_FRAMEWORK	3	local.0	SUBSCRIBE	CHAN_ID.24	GRANT	\N	\N
UP_FRAMEWORK	3	local.0	SUBSCRIBE	CHAN_ID.25	GRANT	\N	\N
UP_FRAMEWORK	3	local.0	SUBSCRIBE	CHAN_ID.5	GRANT	\N	\N
UP_FRAMEWORK	3	local.0	SUBSCRIBE	CHAN_ID.6	GRANT	\N	\N
UP_FRAMEWORK	3	local.0	SUBSCRIBE	CHAN_ID.8	GRANT	\N	\N
UP_FRAMEWORK	3	local.0	SUBSCRIBE	CHAN_ID.89	GRANT	\N	\N
UP_FRAMEWORK	3	local.0	SUBSCRIBE	CHAN_ID.9	GRANT	\N	\N
UP_FRAMEWORK	3	local.0	SUBSCRIBE	CHAN_ID.92	GRANT	\N	\N
UP_FRAMEWORK	3	local.0	SUBSCRIBE	CHAN_ID.99	GRANT	\N	\N
UP_FRAMEWORK	3	local.4	PUBLISH	CHAN_ID.*	GRANT	\N	\N
UP_FRAMEWORK	3	local.4	SUBSCRIBE	CHAN_ID.15	GRANT	\N	\N
UP_FRAMEWORK	3	local.4	SUBSCRIBE	CHAN_ID.16	GRANT	\N	\N
UP_FRAMEWORK	3	local.4	SUBSCRIBE	CHAN_ID.17	GRANT	\N	\N
UP_FRAMEWORK	3	local.4	SUBSCRIBE	CHAN_ID.18	GRANT	\N	\N
UP_FRAMEWORK	3	local.4	SUBSCRIBE	CHAN_ID.20	GRANT	\N	\N
UP_FRAMEWORK	3	local.4	SUBSCRIBE	CHAN_ID.22	GRANT	\N	\N
UP_FRAMEWORK	3	local.4	SUBSCRIBE	CHAN_ID.4	GRANT	\N	\N
UP_FRAMEWORK	3	local.4	SUBSCRIBE	CHAN_ID.7	GRANT	\N	\N
UP_FRAMEWORK	3	local.4	SUBSCRIBE	CHAN_ID.90	GRANT	\N	\N
UP_FRAMEWORK	3	local.0	SUBSCRIBE	CHAN_ID.119	GRANT	\N	\N
UP_FRAMEWORK	3	local.0	SUBSCRIBE	CHAN_ID.118	GRANT	\N	\N
UP_FRAMEWORK	3	local.0	SUBSCRIBE	CHAN_ID.103	GRANT	\N	\N
UP_FRAMEWORK	3	local.0	SUBSCRIBE	CHAN_ID.104	GRANT	\N	\N
UP_FRAMEWORK	3	local.0	SUBSCRIBE	CHAN_ID.117	GRANT	\N	\N
UP_FRAMEWORK	3	local.0	SUBSCRIBE	CHAN_ID.109	GRANT	\N	\N
UP_FRAMEWORK	3	local.0	SUBSCRIBE	CHAN_ID.102	GRANT	\N	\N
UP_FRAMEWORK	3	local.0	SUBSCRIBE	CHAN_ID.111	GRANT	\N	\N
UP_FRAMEWORK	3	local.0	SUBSCRIBE	CHAN_ID.110	GRANT	\N	\N
UP_FRAMEWORK	3	local.0	SUBSCRIBE	CHAN_ID.108	GRANT	\N	\N
UP_FRAMEWORK	3	local.0	SUBSCRIBE	CHAN_ID.94	GRANT	\N	\N
UP_FRAMEWORK	3	local.14	SUBSCRIBE	CHAN_ID.95	GRANT	\N	\N
UP_FRAMEWORK	3	local.0	SUBSCRIBE	CHAN_ID.122	GRANT	\N	\N
UP_FRAMEWORK	3	local.0	SUBSCRIBE	CHAN_ID.125	GRANT	\N	\N
UP_FRAMEWORK	3	local.0	SUBSCRIBE	CHAN_ID.200	GRANT	\N	\N
UP_FRAMEWORK	3	local.0	SUBSCRIBE	CHAN_ID.126	GRANT	\N	\N
UP_FRAMEWORK	3	local.0	SUBSCRIBE	CHAN_ID.127	GRANT	\N	\N
UP_FRAMEWORK	3	local.0	SUBSCRIBE	CHAN_ID.128	GRANT	\N	\N
UP_FRAMEWORK	3	local.0	SUBSCRIBE	CHAN_ID.131	GRANT	\N	\N
CMS_PROJECT::/projects/BioHelp.xml	3	local.0	Read	/	GRANT	\N	\N
UP_FRAMEWORK	3	local.0	SUBSCRIBE	CHAN_ID.130	GRANT	\N	\N
UP_FRAMEWORK	3	local.0	SUBSCRIBE	CHAN_ID.129	GRANT	\N	\N
UP_FRAMEWORK	3	local.0	SUBSCRIBE	CHAN_ID.124	GRANT	\N	\N
UP_FRAMEWORK	3	local.0	SUBSCRIBE	CHAN_ID.132	GRANT	\N	\N
UP_FRAMEWORK	3	local.0	SUBSCRIBE	CHAN_ID.11	GRANT	\N	\N
UP_FRAMEWORK	3	local.0	SUBSCRIBE	CHAN_ID.123	GRANT	\N	\N
UP_FRAMEWORK	3	local.0	SUBSCRIBE	CHAN_ID.121	GRANT	\N	\N
\.


--
-- Data for TOC entry 396 (OID 113639080)
-- Name: up_person_dir; Type: TABLE DATA; Schema: public; Owner: postgres
--

COPY up_person_dir (user_name, encrptd_pswd, lst_pswd_cgh_dt, first_name, last_name, email, "GROUPKEY", "TIMESTAMP") FROM stdin;
dd	(MD5)IAnYXaWGdqTkifNNwo0bfIIphj2NPvSG	\N	Demo	User	support@neuragenix.com	\N	
guest	(MD5)k0zEWjKz9z4+b6uPdVXYc8eAQ0yveBMQ	\N				100	Fri Aug 08 18:23:29.625508 2003 AUSEST
cr1	(MD5)yyGfvQZ35AJZTjogwEzgRVSALtB70Xob	\N	Clinical	Researcher1		100	Wed Jun 23 17:05:22.323154 2004 EST
Demo	\N	\N	neuragenix	Neuragenix	demo@neuragenix.com	\N	\N
admin	(MD5)y47XL/Ehoi9WjEX4c2fB05y/1rljWTEU	\N	Admin	User	support@neuragenix.com	\N	
neuragenix	(MD5)amQkQvvwIj94B13t1CPcYyK3wvCtuZLX	\N	Neuragenix	Demo	support@neuragenix.com	100	Wed Jun 23 17:12:24.020467 2004 EST
lr1	(MD5)w3/PG25VebPJoLQ7Shf5C1FhP9wtWTOk	\N	Lab	Researcher1		100	Wed Jun 23 17:05:49.489865 2004 EST
\.


--
-- Data for TOC entry 397 (OID 113639082)
-- Name: up_sequence; Type: TABLE DATA; Schema: public; Owner: postgres
--

COPY up_sequence (sequence_name, sequence_value) FROM stdin;
UP_CHAN_TYPE	10
UP_ENTITY_TYPE	20
UP_GROUP	100
UP_SS_STRUCT	10
UP_SS_THEME	10
UP_USER_PROFILE	10
UP_CHANNEL	132
UP_USER	31
\.


--
-- Data for TOC entry 398 (OID 113639084)
-- Name: up_ss_map; Type: TABLE DATA; Schema: public; Owner: postgres
--

COPY up_ss_map (theme_ss_id, struct_ss_id, mime_type) FROM stdin;
1	1	text/html
2	1	text/vnd.wap.wml
\.


--
-- Data for TOC entry 399 (OID 113639086)
-- Name: up_ss_struct; Type: TABLE DATA; Schema: public; Owner: postgres
--

COPY up_ss_struct (ss_id, ss_name, ss_uri, ss_description_uri, ss_description_text) FROM stdin;
1	Tabs and columns	/org/jasig/portal/layout/tab-column/tab-column.xsl	/org/jasig/portal/layout/tab-column/tab-column.sdf	Presents the layout in terms of tabs and columns.
2	Nested categories	/org/jasig/portal/layout/nested-categories/nested-categories.xsl	/org/jasig/portal/layout/nested-categories/nested-categories.sdf	Presents the layout in terms of nested categories.
\.


--
-- Data for TOC entry 400 (OID 113639091)
-- Name: up_ss_struct_par; Type: TABLE DATA; Schema: public; Owner: postgres
--

COPY up_ss_struct_par (ss_id, param_name, param_default_val, param_descript, "type") FROM stdin;
1	activeTab	1	The number of the tab that is initially active	1
1	width	100%	Width of the column	2
\.


--
-- Data for TOC entry 401 (OID 113639093)
-- Name: up_ss_theme; Type: TABLE DATA; Schema: public; Owner: postgres
--

COPY up_ss_theme (ss_id, ss_name, ss_uri, ss_description_uri, ss_description_text, struct_ss_id, sample_icon_uri, sample_uri, mime_type, device_type, serializer_name, up_module_class) FROM stdin;
1	Nested tables	/org/jasig/portal/layout/tab-column/nested-tables/nested-tables.xsl	/org/jasig/portal/layout/tab-column/nested-tables/nested-tables.sdf	Renders tabs and columns as nested tables	1	media/org/jasig/portal/layout/tab-column/nested-tables/sample_icon.gif	media/org/jasig/portal/layout/tab-column/nested-tables/sample_full.gif	text/html	workstation	HTML	org.jasig.portal.channels.UserPreferences.TabColumnPrefsState
2	Deck of cards	/org/jasig/portal/layout/tab-column/deck-of-cards/deck-of-cards.xsl	/org/jasig/portal/layout/tab-column/deck-of-cards/deck-of-cards.sdf	Renders tabs and columns as deck of cards	1	media/org/jasig/portal/layout/tab-column/deck-of-cards/sample_icon.gif	media/org/jasig/portal/layout/tab-column/deck-of-cards/sample_full.gif	text/vnd.wap.wml	cellphone	WML	
\.


--
-- Data for TOC entry 402 (OID 113639098)
-- Name: up_ss_theme_parm; Type: TABLE DATA; Schema: public; Owner: postgres
--

COPY up_ss_theme_parm (ss_id, param_name, param_default_val, param_descript, "type") FROM stdin;
1	minimized	false	Flag determining if the channel is minimized or not	3
1	skin	java	Design skin name	1
\.


--
-- Data for TOC entry 403 (OID 113639100)
-- Name: up_ss_user_atts; Type: TABLE DATA; Schema: public; Owner: postgres
--

COPY up_ss_user_atts (user_id, profile_id, ss_id, ss_type, struct_id, param_name, param_type, param_val) FROM stdin;
1	1	1	1	10	width	2	30%
1	1	1	1	12	width	2	70%
1	1	1	1	15	width	2	70%
1	1	1	1	17	width	2	30%
1	1	1	1	5	width	2	30%
1	1	1	1	7	width	2	70%
2	1	1	1	11	width	2	30%
2	1	1	1	13	width	2	70%
2	1	1	1	22	width	2	30%
2	1	1	1	25	width	2	70%
2	1	1	1	32	width	2	50%
2	1	1	1	35	width	2	50%
2	1	1	1	5	width	2	60%
2	1	1	1	8	width	2	40%
20	1	1	1	11	width	2	30%
20	1	1	1	13	width	2	70%
20	1	1	1	22	width	2	30%
20	1	1	1	25	width	2	70%
20	1	1	1	32	width	2	50%
20	1	1	1	35	width	2	50%
20	1	1	1	5	width	2	60%
20	1	1	1	8	width	2	40%
20	1	1	1	94	width	2	100%
7	1	1	1	11	width	2	50%
7	1	1	1	13	width	2	50%
7	1	1	1	22	width	2	50%
7	1	1	1	25	width	2	50%
7	1	1	1	34	width	2	50%
7	1	1	1	38	width	2	50%
7	1	1	1	5	width	2	60%
7	1	1	1	8	width	2	40%
21	1	1	1	11	width	2	30%
21	1	1	1	13	width	2	70%
21	1	1	1	22	width	2	30%
21	1	1	1	25	width	2	70%
21	1	1	1	32	width	2	50%
21	1	1	1	35	width	2	50%
21	1	1	1	5	width	2	60%
21	1	1	1	8	width	2	40%
21	1	1	1	94	width	2	100%
21	1	1	1	96	width	2	30%
22	1	1	1	11	width	2	30%
22	1	1	1	13	width	2	70%
22	1	1	1	22	width	2	30%
22	1	1	1	25	width	2	70%
22	1	1	1	32	width	2	50%
22	1	1	1	35	width	2	50%
22	1	1	1	5	width	2	60%
22	1	1	1	8	width	2	40%
22	1	1	1	94	width	2	100%
22	1	1	1	96	width	2	30%
23	1	1	1	11	width	2	30%
23	1	1	1	13	width	2	70%
23	1	1	1	22	width	2	30%
23	1	1	1	25	width	2	70%
23	1	1	1	32	width	2	50%
23	1	1	1	35	width	2	50%
23	1	1	1	5	width	2	60%
23	1	1	1	8	width	2	40%
23	1	1	1	94	width	2	100%
23	1	1	1	96	width	2	30%
24	1	1	1	11	width	2	30%
24	1	1	1	13	width	2	70%
24	1	1	1	22	width	2	30%
24	1	1	1	25	width	2	70%
24	1	1	1	32	width	2	50%
24	1	1	1	35	width	2	50%
24	1	1	1	5	width	2	60%
24	1	1	1	8	width	2	40%
24	1	1	1	94	width	2	100%
24	1	1	1	96	width	2	30%
25	1	1	1	11	width	2	30%
25	1	1	1	13	width	2	70%
25	1	1	1	22	width	2	30%
25	1	1	1	25	width	2	70%
25	1	1	1	32	width	2	50%
25	1	1	1	35	width	2	50%
25	1	1	1	5	width	2	60%
25	1	1	1	8	width	2	40%
25	1	1	1	94	width	2	100%
25	1	1	1	96	width	2	30%
26	1	1	1	11	width	2	30%
26	1	1	1	13	width	2	70%
26	1	1	1	22	width	2	30%
26	1	1	1	25	width	2	70%
26	1	1	1	32	width	2	50%
26	1	1	1	35	width	2	50%
26	1	1	1	5	width	2	60%
26	1	1	1	8	width	2	40%
26	1	1	1	94	width	2	100%
26	1	1	1	96	width	2	30%
27	1	1	1	11	width	2	30%
27	1	1	1	13	width	2	70%
27	1	1	1	22	width	2	30%
27	1	1	1	25	width	2	70%
27	1	1	1	32	width	2	50%
27	1	1	1	35	width	2	50%
27	1	1	1	5	width	2	60%
27	1	1	1	8	width	2	40%
27	1	1	1	94	width	2	100%
27	1	1	1	96	width	2	30%
28	1	1	1	11	width	2	30%
28	1	1	1	13	width	2	70%
28	1	1	1	22	width	2	30%
28	1	1	1	25	width	2	70%
28	1	1	1	32	width	2	50%
28	1	1	1	35	width	2	50%
28	1	1	1	5	width	2	60%
28	1	1	1	8	width	2	40%
28	1	1	1	94	width	2	100%
28	1	1	1	96	width	2	30%
29	1	1	1	11	width	2	30%
29	1	1	1	13	width	2	70%
29	1	1	1	22	width	2	30%
29	1	1	1	25	width	2	70%
29	1	1	1	32	width	2	50%
29	1	1	1	35	width	2	50%
29	1	1	1	5	width	2	60%
29	1	1	1	8	width	2	40%
29	1	1	1	94	width	2	100%
29	1	1	1	96	width	2	30%
30	1	1	1	11	width	2	30%
30	1	1	1	13	width	2	70%
30	1	1	1	22	width	2	30%
30	1	1	1	25	width	2	70%
30	1	1	1	32	width	2	50%
30	1	1	1	35	width	2	50%
30	1	1	1	5	width	2	60%
30	1	1	1	8	width	2	40%
30	1	1	1	94	width	2	100%
30	1	1	1	96	width	2	30%
20	1	1	1	96	width	2	30%
31	1	1	1	11	width	2	30%
31	1	1	1	13	width	2	70%
31	1	1	1	22	width	2	30%
31	1	1	1	25	width	2	70%
31	1	1	1	32	width	2	50%
31	1	1	1	35	width	2	50%
31	1	1	1	5	width	2	60%
31	1	1	1	8	width	2	40%
31	1	1	1	94	width	2	100%
31	1	1	1	96	width	2	30%
\.


--
-- Data for TOC entry 404 (OID 113639102)
-- Name: up_ss_user_parm; Type: TABLE DATA; Schema: public; Owner: postgres
--

COPY up_ss_user_parm (user_id, profile_id, ss_id, ss_type, param_name, param_val) FROM stdin;
1	1	1	1	activeTab	1
2	1	1	1	activeTab	1
2	1	1	2	skin	neuragenix
20	1	1	2	skin	java
7	1	1	1	activeTab	1
7	1	1	2	skin	java
27	1	1	1	activeTab	1
27	1	1	2	skin	java
28	1	1	1	activeTab	1
28	1	1	2	skin	java
20	1	1	1	activeTab	3
29	1	1	1	activeTab	1
29	1	1	2	skin	java
31	1	1	2	skin	java
31	1	1	1	activeTab	3
\.


--
-- Data for TOC entry 405 (OID 113639104)
-- Name: up_user; Type: TABLE DATA; Schema: public; Owner: postgres
--

COPY up_user (user_id, user_name, user_dflt_usr_id, user_dflt_lay_id, next_struct_id, lst_chan_updt_dt) FROM stdin;
0	system	\N	\N	\N	\N
2	demo	1	1	43	2004-06-08
1	guest	\N	\N	33	2004-08-23
7	admin	2	1	43	2005-04-26
27	cr1	20	1	145	2005-05-13
28	lr1	20	1	145	2005-05-17
20	neuragenix	17	1	151	2005-05-19
\.


--
-- Data for TOC entry 406 (OID 113639106)
-- Name: up_user_layout; Type: TABLE DATA; Schema: public; Owner: postgres
--

COPY up_user_layout (layout_id, user_id, layout_title, init_struct_id) FROM stdin;
1	1	Guest layout	1
1	2	Demo layout	1
1	11	Staff layout	1
1	12	Faculty layout	1
1	13	Student layout	1
1	16	Demo layout	\N
1	17	Demo layout	1
1	18	Demo layout	1
1	19	Demo layout	\N
1	7	Admin layout	1
1	29	Demo layout	1
1	27	Demo layout	1
1	28	Demo layout	1
1	31	Demo layout	1
1	20	Demo layout	1
\.


--
-- Data for TOC entry 407 (OID 113639108)
-- Name: up_user_param; Type: TABLE DATA; Schema: public; Owner: postgres
--

COPY up_user_param (user_id, user_param_name, user_param_value) FROM stdin;
\.


--
-- Data for TOC entry 408 (OID 113639110)
-- Name: up_user_profile; Type: TABLE DATA; Schema: public; Owner: postgres
--

COPY up_user_profile (user_id, profile_id, profile_name, description, layout_id, structure_ss_id, theme_ss_id) FROM stdin;
0	1	HTML browser profile	A system profile for common web browsers	1	1	1
0	2	WML browser profile	A system profile for WAP cell phones	1	1	2
1	1	Guest Netscape Profile	A sample profile for Netscape browsers	1	1	1
1	2	Guest Internet Explorer Profile	A sample profile for Internet Explorer browsers	1	1	1
1	3	Guest Cell Phone Profile	A sample profile for cell phone browsers	1	1	2
2	1	HTML browser profile	A system profile for common web browsers	1	1	1
2	2	My Internet Explorer Profile	A sample profile for Internet Explorer browsers	1	1	1
2	3	My Cell Phone Profile	A sample profile for cell phone browsers	1	1	2
7	1	HTML browser profile	A system profile for common web browsers	1	1	1
20	1	HTML browser profile	A system profile for common web browsers	1	1	1
20	2	My Internet Explorer Profile	A sample profile for Internet Explorer browsers	\N	\N	\N
20	3	My Cell Phone Profile	A sample profile for cell phone browsers	\N	\N	\N
27	1	HTML browser profile	A system profile for common web browsers	1	\N	\N
27	2	My Internet Explorer Profile	A sample profile for Internet Explorer browsers	\N	\N	\N
27	3	My Cell Phone Profile	A sample profile for cell phone browsers	\N	\N	\N
28	1	HTML browser profile	A system profile for common web browsers	1	\N	\N
28	2	My Internet Explorer Profile	A sample profile for Internet Explorer browsers	\N	\N	\N
28	3	My Cell Phone Profile	A sample profile for cell phone browsers	\N	\N	\N
29	1	HTML browser profile	A system profile for common web browsers	1	\N	\N
29	2	My Internet Explorer Profile	A sample profile for Internet Explorer browsers	\N	\N	\N
29	3	My Cell Phone Profile	A sample profile for cell phone browsers	\N	\N	\N
31	2	My Internet Explorer Profile	A sample profile for Internet Explorer browsers	\N	\N	\N
31	3	My Cell Phone Profile	A sample profile for cell phone browsers	\N	\N	\N
31	1	HTML browser profile	A system profile for common web browsers	1	\N	\N
\.


--
-- Data for TOC entry 409 (OID 113639112)
-- Name: up_user_ua_map; Type: TABLE DATA; Schema: public; Owner: postgres
--

COPY up_user_ua_map (user_id, user_agent, profile_id) FROM stdin;
0	Mozilla/4.0 (compatible; MSIE 6.0; Windows 98)	1
0	Mozilla/4.0 (compatible; MSIE 6.0; Windows NT 5.0)	1
0	Mozilla/4.0 (compatible; MSIE 6.0; Windows NT 5.1)	1
0	Mozilla/5.0 (Windows; U; Win98; en-US; rv:1.0.2) Gecko/20030208 Netscape/7.02	1
0	Mozilla/5.0 (Windows; U; Windows NT 5.1; en-US; rv:1.0.2) Gecko/20030208 Netscape/7.02	1
0	Mozilla/5.0 (X11; U; Linux i686; en-US; rv:1.2.1) Gecko/20021130	1
0	Mozilla/5.0 (X11; U; Linux i686; en-US; rv:1.0.1) Gecko/20020830	1
0	Mozilla/5.0 (X11; U; Linux i686; en-US; rv:1.4b) Gecko/20030507	1
0	Mozilla/5.0 (Windows; U; Windows NT 5.1; en-US; rv:1.4) Gecko/20030624 Netscape/7.1 (ax)	1
0	Mozilla/5.0 (X11; U; Linux i686; en-US; rv:1.2.1) Gecko/20030225	1
0	Mozilla/4.0 (compatible; MSIE 6.0; Windows NT 5.1; .NET CLR 1.1.4322)	1
0	Mozilla/4.0 (compatible; MSIE 6.0; Windows 98; YComp 5.0.0.0)	1
0	Mozilla/4.0 (compatible; MSIE 5.01; Windows NT 5.0)	1
0	Mozilla/4.0 (compatible; MSIE 5.5; Windows 98)	1
0	Mozilla/5.0 (X11; U; Linux i686; en-US; rv:1.6b) Gecko/20031210	1
0	Mozilla/5.0 (X11; U; Linux i686; en-US; rv:1.4.1) Gecko/20031030	1
0	Mozilla/4.0 (compatible; MSIE 5.5; Windows 95)	1
0	Mozilla/4.0 (compatible; MSIE 5.5; Windows NT 5.0)	1
0	Mozilla/5.0 (X11; U; Linux i686; en-US; rv:1.6) Gecko/20040113	1
0	Mozilla/5.0 (X11; U; Linux i686; en-US; rv:1.7) Gecko/20040803 Firefox/0.9.3	1
0	Mozilla/5.0 (X11; U; Linux i686; en-US; rv:1.4) Gecko/20030624 Netscape/7.1	1
0	Mozilla/4.0 (compatible; MSIE 6.0; Windows NT 5.1; SV1)	1
0	Mozilla/5.0 (Windows; U; Windows NT 5.1; rv:1.7.3) Gecko/20041001 Firefox/0.10.1	1
0	Mozilla/5.0 (Windows; U; Windows NT 5.1; en-US; rv:1.7.2) Gecko/20040804 Netscape/7.2 (ax)	1
0	Mozilla/4.0 (compatible; MSIE 5.23; Mac_PowerPC)	1
0	Mozilla/4.0 (compatible; MSIE 6.0; Windows NT 5.1; OptusNetDSL6)	1
0	Mozilla/4.0 (compatible; MSIE 6.0; Windows NT 5.0; .NET CLR 1.1.4322)	1
0	Mozilla/5.0 (Windows; U; Windows NT 5.0; en-US; rv:1.7.5) Gecko/20041107 Firefox/1.0	1
0	Mozilla/5.0 (X11; U; Linux i686; en-US; rv:1.7.5) Gecko/20041128 Firefox/1.0 (Debian package 1.0-4)	1
0	Mozilla/5.0 (X11; U; Linux i686; en-US; rv:1.6) Gecko/20040510	1
0	Mozilla/5.0 (Macintosh; U; PPC Mac OS X; en) AppleWebKit/125.5.5 (KHTML, like Gecko) Safari/125.12	1
0	Mozilla/5.0 (Windows; U; Windows NT 5.1; en-US; rv:1.7.5) Gecko/20041107 Firefox/1.0	1
0	Mozilla/5.0 (X11; U; Linux i686; en-US; rv:1.7.5) Gecko/20041107 Firefox/1.0	1
0	Mozilla/4.0 (compatible; MSIE 6.0; Windows NT 5.1; OptusNetDSL6; SV1)	1
0	Java/1.4.2_06	1
0	Mozilla/5.0 (Windows; U; Windows NT 5.1; en-US; rv:1.7.6) Gecko/20050225 Firefox/1.0.1	1
0	Mozilla/4.0 (compatible; MSIE 6.0; Windows NT 5.1; {AE27172D-F8E3-D463-0415-8C0101D1D422})	1
0	Mozilla/5.0 (Windows; U; Windows NT 5.1; en-US; rv:1.7.6) Gecko/20050317 Firefox/1.0.2	1
0	Mozilla/4.0 (compatible; MSIE 6.0; Windows NT 5.1; SV1; .NET CLR 1.1.4322)	1
0	Mozilla/5.0 (X11; U; Linux i686; rv:1.7.3) Gecko/20041020 Firefox/0.10.1	1
0	Mozilla/5.0 (X11; U; Linux i686; en-US; rv:1.7.7) Gecko/20050414 Firefox/1.0.3	1
0	Mozilla/5.0 (X11; U; Linux i686; en-US; rv:1.7) Gecko/20040808 Firefox/0.9.3	1
0	Mozilla/5.0 (Macintosh; U; PPC Mac OS X; en) AppleWebKit/312.1 (KHTML, like Gecko) Safari/312	1
0	Mozilla/5.0 (Windows; U; Windows NT 5.1; en-US; rv:1.7.7) Gecko/20050414 Firefox/1.0.3	1
\.


--
-- Data for TOC entry 410 (OID 113639114)
-- Name: upc_group_mgr; Type: TABLE DATA; Schema: public; Owner: postgres
--

COPY upc_group_mgr (owner_id, owner_type, group_id, ordinal, expanded, date_created) FROM stdin;
0	g	0	1	y	2003-03-24
0	g	1	1	y	2003-03-24
0	g	2	1	y	2003-03-24
0	g	3	1	y	2003-03-24
14	g	50	1	y	2003-03-24
4	g	4	1	y	2003-03-24
\.


--
-- Data for TOC entry 411 (OID 113639116)
-- Name: upc_keyword; Type: TABLE DATA; Schema: public; Owner: postgres
--

COPY upc_keyword (chan_id, group_id, user_id, keyword) FROM stdin;
\.


--
-- Data for TOC entry 412 (OID 113639121)
-- Name: upc_perm_mgr; Type: TABLE DATA; Schema: public; Owner: postgres
--

COPY upc_perm_mgr (ipermissible_class) FROM stdin;
org.jasig.portal.channels.groupsmanager.CGroupsManager
org.jasig.portal.channels.permissionsmanager.PermissiblePublishChannels
org.jasig.portal.channels.permissionsmanager.PermissibleSubscribeChannels
edu.columbia.ais.portal.cms.CMSPermissible
\.


--
-- Data for TOC entry 413 (OID 113639224)
-- Name: ix_vial_calculation; Type: TABLE DATA; Schema: public; Owner: postgres
--

COPY ix_vial_calculation ("VIALCALCULATIONKEY", "BIOSPECIMENKEY", "CLINICALSTATCALC", "CLINICALSTATCALCMONTH", "MANUALCELLCOUNT", "DILLUTIONFACTOR", "COLLECTIONTUBE", "MLSCOLLECTIONTUBE", "MLSANTICOSGULANT", "CONCENTRATION", "TOTALMLSBM", "SECONDLOOK", "MRDWASH", "MRDRNA", "DATEOFCALCULATION", "USERNAME", "BIOSPECIMENKEYS", "BIOSPECIMENIDS", "LOCATIONS", "LOCATIONIDS", "DELETED", "TIMESTAMP", "MLSRESUSPENDED", "MLSSUSPENDED", "CELLML", "TOTALCELLCOUNT", "VIALSTORED", "SURVIVALPERIOD", "CLINICALSTATUS", "GDNA", "PLASMA", "TRAYKEY", "SAVED", "SAMPLEWEIGHTING", "SPLEWEIGHTPERVIAL") FROM stdin;
\.


SET SESSION AUTHORIZATION 'akattan';

--
-- Data for TOC entry 414 (OID 113641766)
-- Name: ix_inv_history; Type: TABLE DATA; Schema: public; Owner: akattan
--

COPY ix_inv_history ("HISTORYKEY", "HISTORYDATE", "USER", "ROLLBACK", "DELETED", "TIMESTAMP") FROM stdin;
\.


--
-- Data for TOC entry 415 (OID 113641772)
-- Name: ix_inv_cell_history; Type: TABLE DATA; Schema: public; Owner: akattan
--

COPY ix_inv_cell_history ("CELLHISTKEY", "HISTORYKEY", "BIOSPECIMENKEY", "OLD_CELLKEY", "NEW_CELLKEY", "ROLLBACK", "DELETED", "TIMESTAMP") FROM stdin;
\.


--
-- Data for TOC entry 416 (OID 113641805)
-- Name: ix_collection_group; Type: TABLE DATA; Schema: public; Owner: akattan
--

COPY ix_collection_group ("GROUPKEY", "COLLECTIONGROUP", "EPISODE_NUM", "PATIENTKEY", "DELETED", "TIMESTAMP") FROM stdin;
\.


--
-- Data for TOC entry 417 (OID 113641852)
-- Name: ix_report; Type: TABLE DATA; Schema: public; Owner: akattan
--

COPY ix_report ("REPORTKEY", "REPORTCATKEY", "NAME", "QUERY", "DESCRIPTION", "MDXQUERYFILE", "DELETED", "TIMESTAMP", "OLAPSCHEMAFILE") FROM stdin;
\.


--
-- Data for TOC entry 418 (OID 113641860)
-- Name: ix_report_category; Type: TABLE DATA; Schema: public; Owner: akattan
--

COPY ix_report_category ("REPORTCATKEY", "PARENTKEY", "NAME", "DESCRIPTION", "DELETED", "TIMESTAMP") FROM stdin;
\.


--
-- Data for TOC entry 419 (OID 113641869)
-- Name: ix_report_parameters; Type: TABLE DATA; Schema: public; Owner: akattan
--

COPY ix_report_parameters ("REPORT_PARAMETER_KEY", "SCHEMANAME", "NAME", "TYPE", "OPERATOR", "REPORT_KEY", "DELETED", "TIMESTAMP", "ALLOWOPERATOR") FROM stdin;
100	parDaysInBranch	Days in Branch	Numeric	\N	12	0	Tue Sep 21 11:00:31.294369 2004 AUSEST	Y
101	parDaysInBranch	Days in Branch	Numeric	\N	50	0	Tue Sep 21 11:39:12.090369 2004 AUSEST	Y
9	param1	Period Beginning	Date	=>	28	0	Thu Aug 05 10:15:28.085001 2004 EST	\N
10	param2	Period End	Date	=<	28	0	Thu Aug 05 10:15:59.165491 2004 EST	\N
11	param1	Period Beginning	Date	=>	30	0	Thu Aug 05 10:19:43.376135 2004 EST	\N
12	param2	Period End	Date	=<	30	0	Thu Aug 05 10:19:43.646720 2004 EST	\N
13	param1	Period Beginning	Date	=>	31	0	Thu Aug 05 13:17:13.127706 2004 EST	\N
14	param2	Period Beginning	Date	=<	31	0	Thu Aug 05 13:17:13.263015 2004 EST	\N
15	parDaysInBranch	Days in Branch	Numeric	\N	33	0	Thu Aug 05 14:42:46.399628 2004 EST	Y
16	param1	Period Begin	Date	\N	34	0	Thu Aug 05 17:08:18.669638 2004 EST	N
17	param2	Period End	Date	\N	34	0	Thu Aug 05 17:08:18.858939 2004 EST	N
18	param1	Period Begin	Date	\N	35	0	Thu Aug 05 17:10:26.291409 2004 EST	N
19	param2	Period End	Date	\N	35	0	Thu Aug 05 17:10:26.307131 2004 EST	N
22	parDaysInBranch	Days in Branch	Numeric	\N	37	0	Thu Aug 05 17:25:42.919472 2004 EST	Y
23	param1	Period Begin	Date	\N	38	0	Thu Aug 05 17:27:17.090631 2004 EST	N
24	param2	Period End	Date	\N	38	0	Thu Aug 05 17:27:17.102384 2004 EST	N
25	param1	Period Begin	Date	\N	39	0	Fri Aug 06 14:50:25.842726 2004 EST	N
26	param2	Period End	Date	\N	39	0	Fri Aug 06 14:50:25.992233 2004 EST	N
\.


--
-- Data for TOC entry 420 (OID 113641909)
-- Name: ix_system_configuration; Type: TABLE DATA; Schema: public; Owner: akattan
--

COPY ix_system_configuration ("SYSCONFIGKEY", "CONFIGNAME", "DESCRIPTION", "VALUE", "DELETED", "TIMESTAMP") FROM stdin;
\.


SET SESSION AUTHORIZATION 'postgres';

--
-- TOC entry 259 (OID 113641593)
-- Name: ix_listofvalues_idx; Type: INDEX; Schema: public; Owner: postgres
--

CREATE UNIQUE INDEX ix_listofvalues_idx ON ix_listofvalues USING btree ("LOVKEY");


--
-- TOC entry 212 (OID 113641594)
-- Name: ix_activity_idx; Type: INDEX; Schema: public; Owner: postgres
--

CREATE UNIQUE INDEX ix_activity_idx ON ix_activity USING btree ("ACTIVITYKEY");


--
-- TOC entry 263 (OID 113641595)
-- Name: ix_patient_patientid; Type: INDEX; Schema: public; Owner: postgres
--

CREATE UNIQUE INDEX ix_patient_patientid ON ix_patient USING btree ("PATIENTID");


--
-- TOC entry 229 (OID 113641596)
-- Name: ix_biospecimen_biosid; Type: INDEX; Schema: public; Owner: postgres
--

CREATE INDEX ix_biospecimen_biosid ON ix_biospecimen USING btree ("BIOSPECIMENID");


--
-- TOC entry 214 (OID 113641597)
-- Name: admissions_admissionkey; Type: INDEX; Schema: public; Owner: postgres
--

CREATE INDEX admissions_admissionkey ON ix_admissions USING btree ("ADMISSIONKEY");


--
-- TOC entry 216 (OID 113641598)
-- Name: admissions_patientkey; Type: INDEX; Schema: public; Owner: postgres
--

CREATE INDEX admissions_patientkey ON ix_admissions USING btree ("PATIENTKEY");


--
-- TOC entry 215 (OID 113641599)
-- Name: admissions_deleted; Type: INDEX; Schema: public; Owner: postgres
--

CREATE INDEX admissions_deleted ON ix_admissions USING btree ("DELETED");


--
-- TOC entry 217 (OID 113641600)
-- Name: antibody_antibodykey; Type: INDEX; Schema: public; Owner: postgres
--

CREATE INDEX antibody_antibodykey ON ix_antibody USING btree ("ANTIBODYKEY");


--
-- TOC entry 218 (OID 113641601)
-- Name: antibody_proteinkey; Type: INDEX; Schema: public; Owner: postgres
--

CREATE INDEX antibody_proteinkey ON ix_antibody USING btree ("PROTEINKEY");


--
-- TOC entry 220 (OID 113641602)
-- Name: appointments_appkey; Type: INDEX; Schema: public; Owner: postgres
--

CREATE INDEX appointments_appkey ON ix_appointments USING btree ("APPKEY");


--
-- TOC entry 221 (OID 113641603)
-- Name: appointments_patientkey; Type: INDEX; Schema: public; Owner: postgres
--

CREATE INDEX appointments_patientkey ON ix_appointments USING btree ("PATIENTKEY");


--
-- TOC entry 223 (OID 113641604)
-- Name: biotrans_transactionkey; Type: INDEX; Schema: public; Owner: postgres
--

CREATE INDEX biotrans_transactionkey ON ix_bio_transactions USING btree ("BIOTRANSACTIONKEY");


--
-- TOC entry 225 (OID 113641605)
-- Name: transactions_biokey; Type: INDEX; Schema: public; Owner: postgres
--

CREATE INDEX transactions_biokey ON ix_bio_transactions USING btree ("BIOSPECIMENKEY");


--
-- TOC entry 227 (OID 113641606)
-- Name: biospecimen_biokey; Type: INDEX; Schema: public; Owner: postgres
--

CREATE INDEX biospecimen_biokey ON ix_biospecimen USING btree ("BIOSPECIMENKEY");


--
-- TOC entry 228 (OID 113641607)
-- Name: biospecimen_patid; Type: INDEX; Schema: public; Owner: postgres
--

CREATE INDEX biospecimen_patid ON ix_biospecimen USING btree ("PARENTID");


--
-- TOC entry 231 (OID 113641608)
-- Name: bsf_biokey; Type: INDEX; Schema: public; Owner: postgres
--

CREATE INDEX bsf_biokey ON ix_biospecimen_smartform USING btree ("BIOSPECIMENKEY");


--
-- TOC entry 233 (OID 113641609)
-- Name: bsf_sfkey; Type: INDEX; Schema: public; Owner: postgres
--

CREATE INDEX bsf_sfkey ON ix_biospecimen_smartform USING btree ("SMARTFORMKEY");


--
-- TOC entry 232 (OID 113641610)
-- Name: bsf_bsfkey; Type: INDEX; Schema: public; Owner: postgres
--

CREATE INDEX bsf_bsfkey ON ix_biospecimen_smartform USING btree ("BIOSPECIMENSMARTFORMKEY");


--
-- TOC entry 234 (OID 113641611)
-- Name: bsf_studykey; Type: INDEX; Schema: public; Owner: postgres
--

CREATE INDEX bsf_studykey ON ix_biospecimen_smartform USING btree ("STUDYKEY");


--
-- TOC entry 236 (OID 113641612)
-- Name: consent_ckey; Type: INDEX; Schema: public; Owner: postgres
--

CREATE INDEX consent_ckey ON ix_consent USING btree ("CONSENTKEY");


--
-- TOC entry 237 (OID 113641613)
-- Name: consent_pkey; Type: INDEX; Schema: public; Owner: postgres
--

CREATE INDEX consent_pkey ON ix_consent USING btree ("PATIENTKEY");


--
-- TOC entry 239 (OID 113641614)
-- Name: consent_cstudykey; Type: INDEX; Schema: public; Owner: postgres
--

CREATE INDEX consent_cstudykey ON ix_consent_study USING btree ("CSTUDYKEY");


--
-- TOC entry 241 (OID 113641615)
-- Name: cs_consentkey; Type: INDEX; Schema: public; Owner: postgres
--

CREATE INDEX cs_consentkey ON ix_consent_study USING btree ("CONSENTKEY");


--
-- TOC entry 240 (OID 113641616)
-- Name: consent_studykey; Type: INDEX; Schema: public; Owner: postgres
--

CREATE INDEX consent_studykey ON ix_consent_study USING btree ("STUDYKEY");


--
-- TOC entry 245 (OID 113641617)
-- Name: sf_dekey; Type: INDEX; Schema: public; Owner: postgres
--

CREATE INDEX sf_dekey ON ix_dataelements USING btree ("DATAELEMENT_KEY");


--
-- TOC entry 246 (OID 113641618)
-- Name: sfde_poolid; Type: INDEX; Schema: public; Owner: postgres
--

CREATE INDEX sfde_poolid ON ix_dataelements USING btree ("DATAELEMENTPOOL_ID");


--
-- TOC entry 265 (OID 113641619)
-- Name: patient_pkey; Type: INDEX; Schema: public; Owner: postgres
--

CREATE INDEX patient_pkey ON ix_patient USING btree ("PATIENTKEY");


--
-- TOC entry 266 (OID 113641620)
-- Name: patient_surname; Type: INDEX; Schema: public; Owner: postgres
--

CREATE INDEX patient_surname ON ix_patient USING btree ("SURNAME");


--
-- TOC entry 264 (OID 113641621)
-- Name: patient_firstname; Type: INDEX; Schema: public; Owner: postgres
--

CREATE INDEX patient_firstname ON ix_patient USING btree ("FIRSTNAME");


--
-- TOC entry 268 (OID 113641622)
-- Name: psf_psfkey; Type: INDEX; Schema: public; Owner: postgres
--

CREATE INDEX psf_psfkey ON ix_patient_smartform USING btree ("PATIENTSMARTFORMKEY");


--
-- TOC entry 267 (OID 113641623)
-- Name: psf_pkey; Type: INDEX; Schema: public; Owner: postgres
--

CREATE INDEX psf_pkey ON ix_patient_smartform USING btree ("PATIENTKEY");


--
-- TOC entry 269 (OID 113641624)
-- Name: psf_sfkey; Type: INDEX; Schema: public; Owner: postgres
--

CREATE INDEX psf_sfkey ON ix_patient_smartform USING btree ("SMARTFORMKEY");


--
-- TOC entry 270 (OID 113641625)
-- Name: psf_studykey; Type: INDEX; Schema: public; Owner: postgres
--

CREATE INDEX psf_studykey ON ix_patient_smartform USING btree ("STUDYKEY");


--
-- TOC entry 292 (OID 113641626)
-- Name: study_studyKey; Type: INDEX; Schema: public; Owner: postgres
--

CREATE INDEX "study_studyKey" ON ix_study USING btree ("STUDYKEY");


--
-- TOC entry 293 (OID 113641627)
-- Name: study_studyName; Type: INDEX; Schema: public; Owner: postgres
--

CREATE INDEX "study_studyName" ON ix_study USING btree ("STUDY_NAME");


--
-- TOC entry 276 (OID 113641628)
-- Name: sf_sfKey; Type: INDEX; Schema: public; Owner: postgres
--

CREATE INDEX "sf_sfKey" ON ix_smartform USING btree ("SMARTFORMKEY");


--
-- TOC entry 275 (OID 113641629)
-- Name: sf_domain; Type: INDEX; Schema: public; Owner: postgres
--

CREATE INDEX sf_domain ON ix_smartform USING btree ("DOMAIN");


--
-- TOC entry 287 (OID 113641630)
-- Name: sf_resultKey; Type: INDEX; Schema: public; Owner: postgres
--

CREATE INDEX "sf_resultKey" ON ix_smartform_results USING btree ("SMARTFORMRESULTKEY");


--
-- TOC entry 285 (OID 113641631)
-- Name: sf_deKey; Type: INDEX; Schema: public; Owner: postgres
--

CREATE INDEX "sf_deKey" ON ix_smartform_results USING btree ("DATAELEMENTKEY");


--
-- TOC entry 286 (OID 113641632)
-- Name: sf_partKey; Type: INDEX; Schema: public; Owner: postgres
--

CREATE INDEX "sf_partKey" ON ix_smartform_results USING btree ("SMARTFORMPARTICIPANTKEY");


--
-- TOC entry 281 (OID 113641633)
-- Name: sfp_partKey; Type: INDEX; Schema: public; Owner: postgres
--

CREATE INDEX "sfp_partKey" ON ix_smartform_participants USING btree ("SMARTFORMPARTICIPANTKEY");


--
-- TOC entry 282 (OID 113641634)
-- Name: sfp_participantKey; Type: INDEX; Schema: public; Owner: postgres
--

CREATE INDEX "sfp_participantKey" ON ix_smartform_participants USING btree ("PARTICIPANTKEY");


--
-- TOC entry 283 (OID 113641635)
-- Name: sfp_sfkey; Type: INDEX; Schema: public; Owner: postgres
--

CREATE INDEX sfp_sfkey ON ix_smartform_participants USING btree ("SMARTFORMKEY");


--
-- TOC entry 280 (OID 113641636)
-- Name: sfp_domain; Type: INDEX; Schema: public; Owner: postgres
--

CREATE INDEX sfp_domain ON ix_smartform_participants USING btree ("DOMAIN");


--
-- TOC entry 290 (OID 113641637)
-- Name: stde_smartformkey; Type: INDEX; Schema: public; Owner: postgres
--

CREATE INDEX stde_smartformkey ON ix_smartform_to_dataelements USING btree ("SMARTFORM_KEY");


--
-- TOC entry 289 (OID 113641638)
-- Name: sfde_dekey; Type: INDEX; Schema: public; Owner: postgres
--

CREATE INDEX sfde_dekey ON ix_smartform_to_dataelements USING btree ("DATAELEMENT_KEY");


--
-- TOC entry 226 (OID 113641639)
-- Name: bio_parentkey; Type: INDEX; Schema: public; Owner: postgres
--

CREATE INDEX bio_parentkey ON ix_biospecimen USING btree ("PARENTKEY");


SET SESSION AUTHORIZATION 'akattan';

--
-- TOC entry 317 (OID 113641778)
-- Name: ix_indx_inv_history; Type: INDEX; Schema: public; Owner: akattan
--

CREATE INDEX ix_indx_inv_history ON ix_inv_history USING btree ("HISTORYKEY");


--
-- TOC entry 318 (OID 113641779)
-- Name: ix_indx_inv_cell_history; Type: INDEX; Schema: public; Owner: akattan
--

CREATE INDEX ix_indx_inv_cell_history ON ix_inv_cell_history USING btree ("HISTORYKEY");


--
-- TOC entry 319 (OID 113641780)
-- Name: ix_indx_inv_cell_history_biospecimen; Type: INDEX; Schema: public; Owner: akattan
--

CREATE INDEX ix_indx_inv_cell_history_biospecimen ON ix_inv_cell_history USING btree ("BIOSPECIMENKEY");


SET SESSION AUTHORIZATION 'postgres';

--
-- TOC entry 219 (OID 113641640)
-- Name: ix_antibody_pkey; Type: CONSTRAINT; Schema: public; Owner: postgres
--

ALTER TABLE ONLY ix_antibody
    ADD CONSTRAINT ix_antibody_pkey PRIMARY KEY ("ANTIBODYKEY");


--
-- TOC entry 222 (OID 113641642)
-- Name: ix_appointments_appkey_key; Type: CONSTRAINT; Schema: public; Owner: postgres
--

ALTER TABLE ONLY ix_appointments
    ADD CONSTRAINT ix_appointments_appkey_key PRIMARY KEY ("APPKEY");


--
-- TOC entry 238 (OID 113641644)
-- Name: ix_appointments_consentkey_key; Type: CONSTRAINT; Schema: public; Owner: postgres
--

ALTER TABLE ONLY ix_consent
    ADD CONSTRAINT ix_appointments_consentkey_key PRIMARY KEY ("CONSENTKEY");


--
-- TOC entry 224 (OID 113641646)
-- Name: ix_bio_transactions_transactions_key; Type: CONSTRAINT; Schema: public; Owner: postgres
--

ALTER TABLE ONLY ix_bio_transactions
    ADD CONSTRAINT ix_bio_transactions_transactions_key PRIMARY KEY ("BIOTRANSACTIONKEY");


--
-- TOC entry 230 (OID 113641648)
-- Name: ix_biospecimen_pkey; Type: CONSTRAINT; Schema: public; Owner: postgres
--

ALTER TABLE ONLY ix_biospecimen
    ADD CONSTRAINT ix_biospecimen_pkey PRIMARY KEY ("BIOSPECIMENKEY");


--
-- TOC entry 235 (OID 113641650)
-- Name: ix_configuraiton_key; Type: CONSTRAINT; Schema: public; Owner: postgres
--

ALTER TABLE ONLY ix_configuration
    ADD CONSTRAINT ix_configuraiton_key PRIMARY KEY ("CONFIGKEY");


--
-- TOC entry 242 (OID 113641652)
-- Name: ix_consent_study_consent_key; Type: CONSTRAINT; Schema: public; Owner: postgres
--

ALTER TABLE ONLY ix_consent_study
    ADD CONSTRAINT ix_consent_study_consent_key PRIMARY KEY ("CSTUDYKEY");


--
-- TOC entry 248 (OID 113641654)
-- Name: ix_diagnosis_pkey; Type: CONSTRAINT; Schema: public; Owner: postgres
--

ALTER TABLE ONLY ix_diagnosis
    ADD CONSTRAINT ix_diagnosis_pkey PRIMARY KEY ("DIAGNOSISKEY");


--
-- TOC entry 249 (OID 113641656)
-- Name: ix_diagnosisadmissions_pkey; Type: CONSTRAINT; Schema: public; Owner: postgres
--

ALTER TABLE ONLY ix_diagnosis_admissions
    ADD CONSTRAINT ix_diagnosisadmissions_pkey PRIMARY KEY ("DIAGNOSISADMISSIONSKEY");


--
-- TOC entry 250 (OID 113641658)
-- Name: ix_ethics_study_key; Type: CONSTRAINT; Schema: public; Owner: postgres
--

ALTER TABLE ONLY ix_ethics_consent
    ADD CONSTRAINT ix_ethics_study_key PRIMARY KEY ("ETHICSKEY");


--
-- TOC entry 251 (OID 113641660)
-- Name: ix_favourite_querykey; Type: CONSTRAINT; Schema: public; Owner: postgres
--

ALTER TABLE ONLY ix_favourite_query
    ADD CONSTRAINT ix_favourite_querykey PRIMARY KEY ("QUERYKEY");


--
-- TOC entry 252 (OID 113641662)
-- Name: ix_genetic_analysis_pkey; Type: CONSTRAINT; Schema: public; Owner: postgres
--

ALTER TABLE ONLY ix_genetic_analysis
    ADD CONSTRAINT ix_genetic_analysis_pkey PRIMARY KEY ("GENETICANALYSISKEY");


--
-- TOC entry 253 (OID 113641664)
-- Name: ix_group_groupkey; Type: CONSTRAINT; Schema: public; Owner: postgres
--

ALTER TABLE ONLY ix_group
    ADD CONSTRAINT ix_group_groupkey PRIMARY KEY ("GROUPKEY");


--
-- TOC entry 254 (OID 113641666)
-- Name: ix_inv_box_inv_boxkey; Type: CONSTRAINT; Schema: public; Owner: postgres
--

ALTER TABLE ONLY ix_inv_box
    ADD CONSTRAINT ix_inv_box_inv_boxkey PRIMARY KEY ("BOXKEY");


--
-- TOC entry 255 (OID 113641668)
-- Name: ix_inv_cell_inv_cellkey; Type: CONSTRAINT; Schema: public; Owner: postgres
--

ALTER TABLE ONLY ix_inv_cell
    ADD CONSTRAINT ix_inv_cell_inv_cellkey PRIMARY KEY ("CELLKEY");


--
-- TOC entry 256 (OID 113641670)
-- Name: ix_inv_site_inv_sitekey; Type: CONSTRAINT; Schema: public; Owner: postgres
--

ALTER TABLE ONLY ix_inv_site
    ADD CONSTRAINT ix_inv_site_inv_sitekey PRIMARY KEY ("SITEKEY");


--
-- TOC entry 257 (OID 113641672)
-- Name: ix_inv_tank_inv_tankkey; Type: CONSTRAINT; Schema: public; Owner: postgres
--

ALTER TABLE ONLY ix_inv_tank
    ADD CONSTRAINT ix_inv_tank_inv_tankkey PRIMARY KEY ("TANKKEY");


--
-- TOC entry 258 (OID 113641674)
-- Name: ix_inv_tray_inv_traykey; Type: CONSTRAINT; Schema: public; Owner: postgres
--

ALTER TABLE ONLY ix_inv_tray
    ADD CONSTRAINT ix_inv_tray_inv_traykey PRIMARY KEY ("TRAYKEY");


--
-- TOC entry 260 (OID 113641676)
-- Name: ix_listofvalues_lovkey_key; Type: CONSTRAINT; Schema: public; Owner: postgres
--

ALTER TABLE ONLY ix_listofvalues
    ADD CONSTRAINT ix_listofvalues_lovkey_key PRIMARY KEY ("LOVKEY");


--
-- TOC entry 261 (OID 113641678)
-- Name: ix_log_key; Type: CONSTRAINT; Schema: public; Owner: postgres
--

ALTER TABLE ONLY ix_log
    ADD CONSTRAINT ix_log_key PRIMARY KEY ("LOGKEY");


--
-- TOC entry 277 (OID 113641680)
-- Name: ix_optionpool; Type: CONSTRAINT; Schema: public; Owner: postgres
--

ALTER TABLE ONLY ix_smartform_optionpool
    ADD CONSTRAINT ix_optionpool PRIMARY KEY ("OPTIONPOOL_KEY");


--
-- TOC entry 262 (OID 113641682)
-- Name: ix_patient_key; Type: CONSTRAINT; Schema: public; Owner: postgres
--

ALTER TABLE ONLY ix_patient
    ADD CONSTRAINT ix_patient_key PRIMARY KEY ("PATIENTKEY");


--
-- TOC entry 272 (OID 113641684)
-- Name: ix_process_key; Type: CONSTRAINT; Schema: public; Owner: postgres
--

ALTER TABLE ONLY ix_process
    ADD CONSTRAINT ix_process_key PRIMARY KEY ("PROCESSKEY");


--
-- TOC entry 298 (OID 113641686)
-- Name: ix_profile_profilekey; Type: CONSTRAINT; Schema: public; Owner: postgres
--

ALTER TABLE ONLY ix_usergroup
    ADD CONSTRAINT ix_profile_profilekey PRIMARY KEY ("USERGROUPKEY");


--
-- TOC entry 273 (OID 113641688)
-- Name: ix_protein_pkey; Type: CONSTRAINT; Schema: public; Owner: postgres
--

ALTER TABLE ONLY ix_protein
    ADD CONSTRAINT ix_protein_pkey PRIMARY KEY ("PROTEINKEY");


--
-- TOC entry 213 (OID 113641694)
-- Name: ix_role_rolekey; Type: CONSTRAINT; Schema: public; Owner: postgres
--

ALTER TABLE ONLY ix_activity
    ADD CONSTRAINT ix_role_rolekey PRIMARY KEY ("ACTIVITYKEY");


--
-- TOC entry 278 (OID 113641696)
-- Name: ix_sf_options; Type: CONSTRAINT; Schema: public; Owner: postgres
--

ALTER TABLE ONLY ix_smartform_options
    ADD CONSTRAINT ix_sf_options PRIMARY KEY ("OPTION_KEY");


--
-- TOC entry 243 (OID 113641698)
-- Name: ix_smartform_dataelementpool; Type: CONSTRAINT; Schema: public; Owner: postgres
--

ALTER TABLE ONLY ix_dataelement_pool
    ADD CONSTRAINT ix_smartform_dataelementpool PRIMARY KEY ("DATAELEMENTPOOL_KEY");


--
-- TOC entry 247 (OID 113641700)
-- Name: ix_smartform_dataelemtoptn; Type: CONSTRAINT; Schema: public; Owner: postgres
--

ALTER TABLE ONLY ix_dataelements_to_options
    ADD CONSTRAINT ix_smartform_dataelemtoptn PRIMARY KEY ("DATAELEMENTOPTION_KEY");


--
-- TOC entry 244 (OID 113641702)
-- Name: ix_smartform_dataelemts; Type: CONSTRAINT; Schema: public; Owner: postgres
--

ALTER TABLE ONLY ix_dataelements
    ADD CONSTRAINT ix_smartform_dataelemts PRIMARY KEY ("DATAELEMENT_KEY");


--
-- TOC entry 279 (OID 113641704)
-- Name: ix_smartform_participantskey; Type: CONSTRAINT; Schema: public; Owner: postgres
--

ALTER TABLE ONLY ix_smartform_participants
    ADD CONSTRAINT ix_smartform_participantskey PRIMARY KEY ("SMARTFORMPARTICIPANTKEY");


--
-- TOC entry 284 (OID 113641706)
-- Name: ix_smartform_resultskey; Type: CONSTRAINT; Schema: public; Owner: postgres
--

ALTER TABLE ONLY ix_smartform_results
    ADD CONSTRAINT ix_smartform_resultskey PRIMARY KEY ("SMARTFORMRESULTKEY");


--
-- TOC entry 274 (OID 113641708)
-- Name: ix_smartform_smartformkey; Type: CONSTRAINT; Schema: public; Owner: postgres
--

ALTER TABLE ONLY ix_smartform
    ADD CONSTRAINT ix_smartform_smartformkey PRIMARY KEY ("SMARTFORMKEY");


--
-- TOC entry 288 (OID 113641710)
-- Name: ix_smartform_smartfrmtodataelemt; Type: CONSTRAINT; Schema: public; Owner: postgres
--

ALTER TABLE ONLY ix_smartform_to_dataelements
    ADD CONSTRAINT ix_smartform_smartfrmtodataelemt PRIMARY KEY ("SMARTFORMTODATAELEMENT_KEY");


--
-- TOC entry 291 (OID 113641712)
-- Name: ix_study_study_key; Type: CONSTRAINT; Schema: public; Owner: postgres
--

ALTER TABLE ONLY ix_study
    ADD CONSTRAINT ix_study_study_key PRIMARY KEY ("STUDYKEY");


--
-- TOC entry 294 (OID 113641714)
-- Name: ix_studysurvey_studysurveykey; Type: CONSTRAINT; Schema: public; Owner: postgres
--

ALTER TABLE ONLY ix_study_survey
    ADD CONSTRAINT ix_studysurvey_studysurveykey PRIMARY KEY ("STUDYSURVEYKEY");


--
-- TOC entry 295 (OID 113641716)
-- Name: ix_survey_survey_key; Type: CONSTRAINT; Schema: public; Owner: postgres
--

ALTER TABLE ONLY ix_survey
    ADD CONSTRAINT ix_survey_survey_key PRIMARY KEY ("SURVEYKEY");


--
-- TOC entry 296 (OID 113641718)
-- Name: ix_template_key; Type: CONSTRAINT; Schema: public; Owner: postgres
--

ALTER TABLE ONLY ix_template
    ADD CONSTRAINT ix_template_key PRIMARY KEY ("TEMPLATEKEY");


--
-- TOC entry 297 (OID 113641720)
-- Name: ix_userprofilekey; Type: CONSTRAINT; Schema: public; Owner: postgres
--

ALTER TABLE ONLY ix_user_usergroup
    ADD CONSTRAINT ix_userprofilekey PRIMARY KEY ("USERUSERGROUPKEY");


--
-- TOC entry 299 (OID 113641722)
-- Name: ix_vial_details_key; Type: CONSTRAINT; Schema: public; Owner: postgres
--

ALTER TABLE ONLY ix_vial_details
    ADD CONSTRAINT ix_vial_details_key PRIMARY KEY ("VIALDETAILKEY");


--
-- TOC entry 300 (OID 113641724)
-- Name: up_chan_type_pkey; Type: CONSTRAINT; Schema: public; Owner: postgres
--

ALTER TABLE ONLY up_chan_type
    ADD CONSTRAINT up_chan_type_pkey PRIMARY KEY (type_id);


--
-- TOC entry 301 (OID 113641726)
-- Name: up_channel_pkey; Type: CONSTRAINT; Schema: public; Owner: postgres
--

ALTER TABLE ONLY up_channel
    ADD CONSTRAINT up_channel_pkey PRIMARY KEY (chan_id);


--
-- TOC entry 302 (OID 113641728)
-- Name: up_entity_cache_invalidati_pkey; Type: CONSTRAINT; Schema: public; Owner: postgres
--

ALTER TABLE ONLY up_entity_cache_invalidation
    ADD CONSTRAINT up_entity_cache_invalidati_pkey PRIMARY KEY (entity_type_id, entity_key);


--
-- TOC entry 303 (OID 113641730)
-- Name: up_entity_lock_pkey; Type: CONSTRAINT; Schema: public; Owner: postgres
--

ALTER TABLE ONLY up_entity_lock
    ADD CONSTRAINT up_entity_lock_pkey PRIMARY KEY (entity_type_id, entity_key, lock_owner);


--
-- TOC entry 304 (OID 113641732)
-- Name: up_entity_prop_pkey; Type: CONSTRAINT; Schema: public; Owner: postgres
--

ALTER TABLE ONLY up_entity_prop
    ADD CONSTRAINT up_entity_prop_pkey PRIMARY KEY (entity_type_id, entity_key, property_name);


--
-- TOC entry 305 (OID 113641734)
-- Name: up_entity_type_pkey; Type: CONSTRAINT; Schema: public; Owner: postgres
--

ALTER TABLE ONLY up_entity_type
    ADD CONSTRAINT up_entity_type_pkey PRIMARY KEY (entity_type_id);


--
-- TOC entry 307 (OID 113641736)
-- Name: up_group_membership_pkey; Type: CONSTRAINT; Schema: public; Owner: postgres
--

ALTER TABLE ONLY up_group_membership
    ADD CONSTRAINT up_group_membership_pkey PRIMARY KEY (group_id, member_service, member_key, member_is_group);


--
-- TOC entry 306 (OID 113641738)
-- Name: up_group_pkey; Type: CONSTRAINT; Schema: public; Owner: postgres
--

ALTER TABLE ONLY up_group
    ADD CONSTRAINT up_group_pkey PRIMARY KEY (group_id);


--
-- TOC entry 308 (OID 113641740)
-- Name: up_layout_struct_pkey; Type: CONSTRAINT; Schema: public; Owner: postgres
--

ALTER TABLE ONLY up_layout_struct
    ADD CONSTRAINT up_layout_struct_pkey PRIMARY KEY (layout_id, user_id, struct_id);


--
-- TOC entry 309 (OID 113641742)
-- Name: up_mime_type_pkey; Type: CONSTRAINT; Schema: public; Owner: postgres
--

ALTER TABLE ONLY up_mime_type
    ADD CONSTRAINT up_mime_type_pkey PRIMARY KEY (mime_type);


--
-- TOC entry 310 (OID 113641744)
-- Name: up_sequence_pkey; Type: CONSTRAINT; Schema: public; Owner: postgres
--

ALTER TABLE ONLY up_sequence
    ADD CONSTRAINT up_sequence_pkey PRIMARY KEY (sequence_name);


--
-- TOC entry 312 (OID 113641746)
-- Name: up_ss_struct_par_pkey; Type: CONSTRAINT; Schema: public; Owner: postgres
--

ALTER TABLE ONLY up_ss_struct_par
    ADD CONSTRAINT up_ss_struct_par_pkey PRIMARY KEY (ss_id, param_name, "type");


--
-- TOC entry 311 (OID 113641748)
-- Name: up_ss_struct_pkey; Type: CONSTRAINT; Schema: public; Owner: postgres
--

ALTER TABLE ONLY up_ss_struct
    ADD CONSTRAINT up_ss_struct_pkey PRIMARY KEY (ss_id);


--
-- TOC entry 313 (OID 113641750)
-- Name: up_ss_theme_parm_pkey; Type: CONSTRAINT; Schema: public; Owner: postgres
--

ALTER TABLE ONLY up_ss_theme_parm
    ADD CONSTRAINT up_ss_theme_parm_pkey PRIMARY KEY (ss_id, param_name, "type");


--
-- TOC entry 314 (OID 113641752)
-- Name: up_user_layout_pkey; Type: CONSTRAINT; Schema: public; Owner: postgres
--

ALTER TABLE ONLY up_user_layout
    ADD CONSTRAINT up_user_layout_pkey PRIMARY KEY (layout_id, user_id);


--
-- TOC entry 315 (OID 113641754)
-- Name: up_user_profile_pkey; Type: CONSTRAINT; Schema: public; Owner: postgres
--

ALTER TABLE ONLY up_user_profile
    ADD CONSTRAINT up_user_profile_pkey PRIMARY KEY (user_id, profile_id);


--
-- TOC entry 316 (OID 113641756)
-- Name: upc_keyword_pkey; Type: CONSTRAINT; Schema: public; Owner: postgres
--

ALTER TABLE ONLY upc_keyword
    ADD CONSTRAINT upc_keyword_pkey PRIMARY KEY (chan_id, group_id, user_id);


--
-- TOC entry 271 (OID 113641758)
-- Name: ix_authorisation_authorisationk; Type: CONSTRAINT; Schema: public; Owner: postgres
--

ALTER TABLE ONLY ix_permission
    ADD CONSTRAINT ix_authorisation_authorisationk PRIMARY KEY ("PERMISSIONKEY");


SET SESSION AUTHORIZATION 'akattan';

--
-- TOC entry 321 (OID 113641877)
-- Name: ix_report_category_categorykey; Type: CONSTRAINT; Schema: public; Owner: akattan
--

ALTER TABLE ONLY ix_report_category
    ADD CONSTRAINT ix_report_category_categorykey PRIMARY KEY ("REPORTCATKEY");


--
-- TOC entry 320 (OID 113641879)
-- Name: ix_report_reportkey; Type: CONSTRAINT; Schema: public; Owner: akattan
--

ALTER TABLE ONLY ix_report
    ADD CONSTRAINT ix_report_reportkey PRIMARY KEY ("REPORTKEY");


--
-- TOC entry 323 (OID 113641914)
-- Name: syscfg_pkey; Type: CONSTRAINT; Schema: public; Owner: akattan
--

ALTER TABLE ONLY ix_system_configuration
    ADD CONSTRAINT syscfg_pkey PRIMARY KEY ("SYSCONFIGKEY");


--
-- TOC entry 322 (OID 113641916)
-- Name: syscfg_name; Type: CONSTRAINT; Schema: public; Owner: akattan
--

ALTER TABLE ONLY ix_system_configuration
    ADD CONSTRAINT syscfg_name UNIQUE ("CONFIGNAME");


SET SESSION AUTHORIZATION 'postgres';

--
-- TOC entry 5 (OID 113639126)
-- Name: ix_case_assignment_seq; Type: SEQUENCE SET; Schema: public; Owner: postgres
--

SELECT pg_catalog.setval('ix_case_assignment_seq', 1, false);


--
-- TOC entry 7 (OID 113639128)
-- Name: ix_listofvalues_desc_seq; Type: SEQUENCE SET; Schema: public; Owner: postgres
--

SELECT pg_catalog.setval('ix_listofvalues_desc_seq', 79, true);


--
-- TOC entry 9 (OID 113639130)
-- Name: ix_consent_consentkey_seq; Type: SEQUENCE SET; Schema: public; Owner: postgres
--

SELECT pg_catalog.setval('ix_consent_consentkey_seq', 1, false);


--
-- TOC entry 11 (OID 113639132)
-- Name: ix_smartform_smartformkey_seq; Type: SEQUENCE SET; Schema: public; Owner: postgres
--

SELECT pg_catalog.setval('ix_smartform_smartformkey_seq', 6, true);


--
-- TOC entry 13 (OID 113639134)
-- Name: ix_smartform_participants_seq; Type: SEQUENCE SET; Schema: public; Owner: postgres
--

SELECT pg_catalog.setval('ix_smartform_participants_seq', 76, true);


--
-- TOC entry 15 (OID 113639136)
-- Name: ix_patient_smartformkey_seq; Type: SEQUENCE SET; Schema: public; Owner: postgres
--

SELECT pg_catalog.setval('ix_patient_smartformkey_seq', 1, false);


--
-- TOC entry 17 (OID 113639138)
-- Name: ix_inv_tray_seq; Type: SEQUENCE SET; Schema: public; Owner: postgres
--

SELECT pg_catalog.setval('ix_inv_tray_seq', 6, true);


--
-- TOC entry 19 (OID 113639140)
-- Name: ix_biospecimen_biospeckey_seq; Type: SEQUENCE SET; Schema: public; Owner: postgres
--

SELECT pg_catalog.setval('ix_biospecimen_biospeckey_seq', 1, false);


--
-- TOC entry 21 (OID 113639142)
-- Name: ix_smartform_resultskey_seq; Type: SEQUENCE SET; Schema: public; Owner: postgres
--

SELECT pg_catalog.setval('ix_smartform_resultskey_seq', 1, false);


--
-- TOC entry 23 (OID 113639144)
-- Name: ix_smartform_sftodataelemt_seq; Type: SEQUENCE SET; Schema: public; Owner: postgres
--

SELECT pg_catalog.setval('ix_smartform_sftodataelemt_seq', 29, true);


--
-- TOC entry 25 (OID 113639146)
-- Name: ix_dataelement_slkuwhere_seq; Type: SEQUENCE SET; Schema: public; Owner: postgres
--

SELECT pg_catalog.setval('ix_dataelement_slkuwhere_seq', 1, false);


--
-- TOC entry 27 (OID 113639148)
-- Name: ix_patient_patientkey_seq; Type: SEQUENCE SET; Schema: public; Owner: postgres
--

SELECT pg_catalog.setval('ix_patient_patientkey_seq', 1, false);


--
-- TOC entry 29 (OID 113639150)
-- Name: ix_admissions_admissionkey_seq; Type: SEQUENCE SET; Schema: public; Owner: postgres
--

SELECT pg_catalog.setval('ix_admissions_admissionkey_seq', 26, true);


--
-- TOC entry 31 (OID 113639152)
-- Name: ix_study_studykey_seq; Type: SEQUENCE SET; Schema: public; Owner: postgres
--

SELECT pg_catalog.setval('ix_study_studykey_seq', 17, true);


--
-- TOC entry 33 (OID 113639154)
-- Name: ix_protein_seq; Type: SEQUENCE SET; Schema: public; Owner: postgres
--

SELECT pg_catalog.setval('ix_protein_seq', 1, false);


--
-- TOC entry 35 (OID 113639156)
-- Name: ix_smartform_depool_seq; Type: SEQUENCE SET; Schema: public; Owner: postgres
--

SELECT pg_catalog.setval('ix_smartform_depool_seq', 5, true);


--
-- TOC entry 37 (OID 113639158)
-- Name: ix_inv_site_seq; Type: SEQUENCE SET; Schema: public; Owner: postgres
--

SELECT pg_catalog.setval('ix_inv_site_seq', 4, true);


--
-- TOC entry 39 (OID 113639160)
-- Name: ix_smartform_dataelemts_seq; Type: SEQUENCE SET; Schema: public; Owner: postgres
--

SELECT pg_catalog.setval('ix_smartform_dataelemts_seq', 20, true);


--
-- TOC entry 41 (OID 113639162)
-- Name: ix_bio_transactions_seq; Type: SEQUENCE SET; Schema: public; Owner: postgres
--

SELECT pg_catalog.setval('ix_bio_transactions_seq', 301, true);


--
-- TOC entry 43 (OID 113639164)
-- Name: ix_biospecimen_smartform_seq; Type: SEQUENCE SET; Schema: public; Owner: postgres
--

SELECT pg_catalog.setval('ix_biospecimen_smartform_seq', 9, true);


--
-- TOC entry 45 (OID 113639166)
-- Name: ix_flag_flagkey_seq; Type: SEQUENCE SET; Schema: public; Owner: postgres
--

SELECT pg_catalog.setval('ix_flag_flagkey_seq', 46, true);


--
-- TOC entry 47 (OID 113639168)
-- Name: ix_inv_tank_seq; Type: SEQUENCE SET; Schema: public; Owner: postgres
--

SELECT pg_catalog.setval('ix_inv_tank_seq', 5, true);


--
-- TOC entry 49 (OID 113639170)
-- Name: ix_vial_details_seq; Type: SEQUENCE SET; Schema: public; Owner: postgres
--

SELECT pg_catalog.setval('ix_vial_details_seq', 127, true);


--
-- TOC entry 51 (OID 113639172)
-- Name: ix_study_allocation_seq; Type: SEQUENCE SET; Schema: public; Owner: postgres
--

SELECT pg_catalog.setval('ix_study_allocation_seq', 24, true);


--
-- TOC entry 53 (OID 113639174)
-- Name: ix_studysurvey_ss_seq; Type: SEQUENCE SET; Schema: public; Owner: postgres
--

SELECT pg_catalog.setval('ix_studysurvey_ss_seq', 22, true);


--
-- TOC entry 55 (OID 113639176)
-- Name: ix_appointments_appkey_seq; Type: SEQUENCE SET; Schema: public; Owner: postgres
--

SELECT pg_catalog.setval('ix_appointments_appkey_seq', 4, true);


--
-- TOC entry 57 (OID 113639178)
-- Name: ix_smartform_options_seq; Type: SEQUENCE SET; Schema: public; Owner: postgres
--

SELECT pg_catalog.setval('ix_smartform_options_seq', 7, true);


--
-- TOC entry 59 (OID 113639180)
-- Name: ix_attachments_attachment_seq; Type: SEQUENCE SET; Schema: public; Owner: postgres
--

SELECT pg_catalog.setval('ix_attachments_attachment_seq', 17, true);


--
-- TOC entry 61 (OID 113639182)
-- Name: ix_inv_box_seq; Type: SEQUENCE SET; Schema: public; Owner: postgres
--

SELECT pg_catalog.setval('ix_inv_box_seq', 6, true);


--
-- TOC entry 63 (OID 113639184)
-- Name: ix_consent_study_cstudykey_seq; Type: SEQUENCE SET; Schema: public; Owner: postgres
--

SELECT pg_catalog.setval('ix_consent_study_cstudykey_seq', 1, false);


--
-- TOC entry 65 (OID 113639186)
-- Name: ix_survey_surveykey_seq; Type: SEQUENCE SET; Schema: public; Owner: postgres
--

SELECT pg_catalog.setval('ix_survey_surveykey_seq', 1, false);


--
-- TOC entry 67 (OID 113639188)
-- Name: ix_ethics_study_key_seq; Type: SEQUENCE SET; Schema: public; Owner: postgres
--

SELECT pg_catalog.setval('ix_ethics_study_key_seq', 1, true);


--
-- TOC entry 69 (OID 113639190)
-- Name: ix_inv_cell_seq; Type: SEQUENCE SET; Schema: public; Owner: postgres
--

SELECT pg_catalog.setval('ix_inv_cell_seq', 398, true);


--
-- TOC entry 71 (OID 113639192)
-- Name: ix_smartform_optionpool_seq; Type: SEQUENCE SET; Schema: public; Owner: postgres
--

SELECT pg_catalog.setval('ix_smartform_optionpool_seq', 2, true);


--
-- TOC entry 73 (OID 113639194)
-- Name: ix_antibody_seq; Type: SEQUENCE SET; Schema: public; Owner: postgres
--

SELECT pg_catalog.setval('ix_antibody_seq', 1, false);


--
-- TOC entry 75 (OID 113639196)
-- Name: ix_notes_seq; Type: SEQUENCE SET; Schema: public; Owner: postgres
--

SELECT pg_catalog.setval('ix_notes_seq', 1, false);


--
-- TOC entry 77 (OID 113639198)
-- Name: ix_smartform_dataelemtoptn_seq; Type: SEQUENCE SET; Schema: public; Owner: postgres
--

SELECT pg_catalog.setval('ix_smartform_dataelemtoptn_seq', 3, true);


--
-- TOC entry 79 (OID 113639200)
-- Name: ix_vial_calculation_seq; Type: SEQUENCE SET; Schema: public; Owner: postgres
--

SELECT pg_catalog.setval('ix_vial_calculation_seq', 3, true);


--
-- TOC entry 81 (OID 113639202)
-- Name: ix_bio_transaction_governr_seq; Type: SEQUENCE SET; Schema: public; Owner: postgres
--

SELECT pg_catalog.setval('ix_bio_transaction_governr_seq', 1, false);


--
-- TOC entry 83 (OID 113639204)
-- Name: ix_diagnosis_seq; Type: SEQUENCE SET; Schema: public; Owner: postgres
--

SELECT pg_catalog.setval('ix_diagnosis_seq', 717, true);


--
-- TOC entry 85 (OID 113639206)
-- Name: ix_icdcodes_seq; Type: SEQUENCE SET; Schema: public; Owner: postgres
--

SELECT pg_catalog.setval('ix_icdcodes_seq', 382, true);


--
-- TOC entry 87 (OID 113639208)
-- Name: ix_listofvalues_lovkey_seq; Type: SEQUENCE SET; Schema: public; Owner: postgres
--

SELECT pg_catalog.setval('ix_listofvalues_lovkey_seq', 1252, true);


--
-- TOC entry 89 (OID 113639210)
-- Name: ix_profile_profilekey_seq; Type: SEQUENCE SET; Schema: public; Owner: postgres
--

SELECT pg_catalog.setval('ix_profile_profilekey_seq', 9, true);


--
-- TOC entry 91 (OID 113639212)
-- Name: ix_userprofilekey_seq; Type: SEQUENCE SET; Schema: public; Owner: postgres
--

SELECT pg_catalog.setval('ix_userprofilekey_seq', 12, true);


--
-- TOC entry 93 (OID 113639214)
-- Name: ix_group_groupkey_seq; Type: SEQUENCE SET; Schema: public; Owner: postgres
--

SELECT pg_catalog.setval('ix_group_groupkey_seq', 1, true);


--
-- TOC entry 95 (OID 113639216)
-- Name: ix_log_seq; Type: SEQUENCE SET; Schema: public; Owner: postgres
--

SELECT pg_catalog.setval('ix_log_seq', 143, true);


--
-- TOC entry 97 (OID 113639218)
-- Name: ix_favourite_query_seq; Type: SEQUENCE SET; Schema: public; Owner: postgres
--

SELECT pg_catalog.setval('ix_favourite_query_seq', 1, true);


--
-- TOC entry 99 (OID 113639220)
-- Name: ix_authorisation_seq; Type: SEQUENCE SET; Schema: public; Owner: postgres
--

SELECT pg_catalog.setval('ix_authorisation_seq', 736, true);


--
-- TOC entry 101 (OID 113639222)
-- Name: ix_activity_activitykey_seq; Type: SEQUENCE SET; Schema: public; Owner: postgres
--

SELECT pg_catalog.setval('ix_activity_activitykey_seq', 199, true);


SET SESSION AUTHORIZATION 'akattan';

--
-- TOC entry 103 (OID 113641762)
-- Name: ix_inv_history_seq; Type: SEQUENCE SET; Schema: public; Owner: akattan
--

SELECT pg_catalog.setval('ix_inv_history_seq', 1, false);


--
-- TOC entry 105 (OID 113641764)
-- Name: ix_inv_cell_history_seq; Type: SEQUENCE SET; Schema: public; Owner: akattan
--

SELECT pg_catalog.setval('ix_inv_cell_history_seq', 1, false);


--
-- TOC entry 107 (OID 113641803)
-- Name: ix_collection_groupkey_seq; Type: SEQUENCE SET; Schema: public; Owner: akattan
--

SELECT pg_catalog.setval('ix_collection_groupkey_seq', 1, false);


--
-- TOC entry 109 (OID 113641881)
-- Name: ix_report_category_seq; Type: SEQUENCE SET; Schema: public; Owner: akattan
--

SELECT pg_catalog.setval('ix_report_category_seq', 1, false);


--
-- TOC entry 111 (OID 113641883)
-- Name: ix_report_seq; Type: SEQUENCE SET; Schema: public; Owner: akattan
--

SELECT pg_catalog.setval('ix_report_seq', 1, false);


--
-- TOC entry 113 (OID 113641903)
-- Name: ix_dataelement_slku_field_seq; Type: SEQUENCE SET; Schema: public; Owner: akattan
--

SELECT pg_catalog.setval('ix_dataelement_slku_field_seq', 1, true);


--
-- TOC entry 115 (OID 113641905)
-- Name: ix_dataelement_slku_where_seq; Type: SEQUENCE SET; Schema: public; Owner: akattan
--

SELECT pg_catalog.setval('ix_dataelement_slku_where_seq', 1, true);


--
-- TOC entry 117 (OID 113641918)
-- Name: ix_sys_cfg_seq; Type: SEQUENCE SET; Schema: public; Owner: akattan
--

SELECT pg_catalog.setval('ix_sys_cfg_seq', 7, false);


SET SESSION AUTHORIZATION 'postgres';

--
-- TOC entry 2 (OID 2200)
-- Name: SCHEMA public; Type: COMMENT; Schema: -; Owner: postgres
--

COMMENT ON SCHEMA public IS 'Standard public schema';


