<?xml version="1.0" encoding="UTF-8"?>
<beans xmlns="http://www.springframework.org/schema/beans"
	xmlns:xsi="http://www.w3.org/2001/XMLSchema-instance" 
	xmlns:p="http://www.springframework.org/schema/p"
	xmlns:context="http://www.springframework.org/schema/context"
	xmlns:mvc="http://www.springframework.org/schema/mvc" 
	xmlns:int-sftp="http://www.springframework.org/schema/integration/sftp"
	xmlns:cassandra="http://www.springframework.org/schema/data/cassandra"
	xmlns:task="http://www.springframework.org/schema/task"
	xmlns:security="http://www.springframework.org/schema/security"
	xsi:schemaLocation="http://www.springframework.org/schema/beans 
	http://www.springframework.org/schema/beans/spring-beans-4.0.xsd
	http://www.springframework.org/schema/context
	http://www.springframework.org/schema/context/spring-context-4.0.xsd
	http://www.springframework.org/schema/mvc
	http://www.springframework.org/schema/mvc/spring-mvc-4.0.xsd
	http://www.springframework.org/schema/integration/sftp
	http://www.springframework.org/schema/integration/sftp/spring-integration-sftp-4.1.xsd
	http://www.springframework.org/schema/data/cassandra
	http://www.springframework.org/schema/data/cassandra/spring-cassandra-1.0.xsd
	http://www.springframework.org/schema/task
	http://www.springframework.org/schema/task/spring-task-4.0.xsd
	http://www.springframework.org/schema/security 
	http://www.springframework.org/schema/security/spring-security-4.0.xsd">

	<context:property-placeholder location="classpath:spark.properties" />


	<context:component-scan base-package="au.org.spark.web.controller" />
	<context:component-scan base-package="au.org.spark.service" />
	<context:component-scan base-package="au.org.spark.jobs" />
	<context:component-scan base-package="au.org.spark.factory" />

	<mvc:annotation-driven />
	<task:annotation-driven />

	<mvc:resources mapping="/images/**" location="/WEB-INF/images/" />

	<bean id="viewResolver"
		class="org.springframework.web.servlet.view.UrlBasedViewResolver">
		<property name="viewClass"
			value="org.springframework.web.servlet.view.JstlView" />
		<property name="prefix" value="/WEB-INF/jsp/" />
		<property name="suffix" value=".jsp" />
	</bean>

	<!-- <bean id="cloudConfig" class="org.javaswift.joss.client.factory.AccountConfig"> 
		<property name="tenantName" value="${cloud.tenant.name}" /> <property name="username" 
		value="${cloud.username}" /> <property name="password" value="${cloud.password}" 
		/> <property name="authUrl" value="${cloud.auth.url}" /> </bean> <bean id="cloudFactory" 
		class="org.javaswift.joss.client.factory.AccountFactory"> <constructor-arg 
		ref="cloudConfig" /> </bean> <bean id="cloudAccount" factory-bean="cloudFactory" 
		factory-method="createAccount" /> -->

	<bean id="sftpSessionFactory"
		class="org.springframework.integration.sftp.session.DefaultSftpSessionFactory">
		<property name="host" value="${sftp.host}" />
		<!-- <property name="privateKey" value="classpath:META-INF/keys/sftpTest" 
			/> <property name="privateKeyPassphrase" value="springIntegration" /> -->
		<property name="port" value="${sftp.port}" />
		<property name="user" value="${sftp.user}" />
		<property name="password" value="${sftp.password}" />
	</bean>

	<bean id="sftpAccount" factory-bean="sftpSessionFactory"
		factory-method="getSession" />

	<bean id="execProperties"
		class="org.springframework.beans.factory.config.PropertiesFactoryBean">
		<property name="properties">
			<props>
				<prop key="StrictHostKeyChecking">no</prop>
			</props>
		</property>
	</bean>

<!--  
	<bean id="execSessionFactory" class="au.org.spark.factory.DefaultExecSessionFactory">
		<property name="host" value="${sftp.host}" />
		<property name="port" value="${sftp.port}" />
		<property name="user" value="${sftp.user}" />
		<property name="password" value="${sftp.password}" />
		<property name="sessionConfig" ref="execProperties" />
	</bean>

	<bean id="execAccount" factory-bean="execSessionFactory"
		factory-method="getSession" />
-->

	<bean id="execSessionFactory" class="au.org.spark.factory.DefaultExecSessionFactory" scope="prototype">
		<property name="host" value="${sftp.host}" />
		<property name="port" value="${sftp.port}" />
		<property name="user" value="${sftp.user}" />
		<property name="password" value="${sftp.password}" />
		<property name="sessionConfig" ref="execProperties" />
	</bean>


	<!-- REQUIRED: The Cassandra Cluster -->
	<cassandra:cluster contact-points="${cassandra.contactpoints}"
		port="${cassandra.port}" />

	<!-- REQUIRED: The Cassandra Session, built from the Cluster, and attaching 
		to a keyspace -->
	<cassandra:session keyspace-name="${cassandra.keyspace}" />

	<!-- REQUIRED: The Default Cassandra Mapping Context used by CassandraConverter -->
	<cassandra:mapping />

	<!-- REQUIRED: The Default Cassandra Converter used by CassandraTemplate -->
	<cassandra:converter />

	<!-- REQUIRED: The Cassandra Template is the building block of all Spring 
		Data Cassandra -->
	<cassandra:template id="cassandraTemplate" />

	<bean id="multipartResolver"
		class="org.springframework.web.multipart.commons.CommonsMultipartResolver">
		<property name="maxUploadSize" value="268435456" /> <!-- 256 megs -->
	</bean>

</beans>